{"title":"The Grammar of Graphics for Creating Graphs","markdown":{"yaml":{"title":"The Grammar of Graphics for Creating Graphs","author":{"name":"Carsten Lange","email":"clange@cpp.edu","affiliation":"Cal Poly, Pomona"},"format":{"live-revealjs":{"theme":["moon","CustomCL.scss"],"smaller":true,"controls":true,"chalkboard":{"theme":"whiteboard","boardmarker-width":2.7},"incremental":false,"scrollable":true,"footer":"<a href='https://ggplot2-book.org/getting-started.html'>Textbook </a> "}},"webr":{"packages":["tidyverse","ggplot2","rio","palmerpenguins","TeachHist"]},"engine":"knitr","execute":{"daemon":false,"warning":false,"message":false}},"headingText":"Generating Data","containsRefs":false,"markdown":"\n\n{{< include ./_extensions/r-wasm/live/_knitr.qmd >}}\n\n\nBelow are  observation from an AB-Test. A companies web users were randomly routed to \n\n1) the traditional webpage (`Control`) \n2) An audio enhanced webpage (`Audio`) \n3) A video  enhanced webpage (`Video`).\n\nFor several days $Conversions$, $Purchases$ and $Revenue$ were measured for ech of the three *Treatments* (`Control`, `Audio`), and `Video`.\n\nThe data (artificially created from the [Palmer Penguin Dataset](https://allisonhorst.github.io/palmerpenguins/articles/intro.html){target=\"_blank\"}) are shown below:\n\n```{webr}\n#| autorun: true\n#| echo: false\n\nDataWebPurch=penguins |> \n       select(Conversions=flipper_length_mm, Treatment=species,\n              Purchases=bill_depth_mm, \n              Revenue=bill_length_mm) |> \n              drop_na() |> \n              mutate(Purchases=round(Purchases),\n                     Revenue=Revenue*100) |> \n              select(Treatment, everything())\n              \nlevels(DataWebPurch$Treatment)=c(\"Control\", \"Audio\", \"Video\")\nset.seed(111)\nkable(slice_sample(DataWebPurch, n=600))\n```\n\n## Grammar of Graphics\n\n\n\n1. **Data and Aesthetics (Visuals)**  \n   Mappings  between data variables and visual properties. E.g., `x`, `y`, `color`, `size`, `shape`  \n   (assigning data to *Aesthetics*)\n\n\n\n3. **Geoms (Geometric Objects)**  \n   The shapes drawn (points, lines, bars, boxplots...).  \n   \n4. **Scales**  \n   Rules that translate data values into visual values  \n   (numbers → positions, categories/numbers → colors or color scales, etc.).  \n9. **Annotations**  \n   Extra information layered on top of the plot.  \n   - Titles, subtitles, captions (`labs(title = ...)`)  \n   - Labels, reference lines (`geom_text()`, `geom_hline()`)  \n   - Custom notes\n   \n5. **Stats (statistical transformations)**  \n   Optional transformations applied before drawing geoms.  \n   - Example: `geom_histogram()` uses `stat_bin()` to compute counts.  \n   - Example: `geom_smooth()` uses `stat_smooth()` to fit a regression line.\n   \n  \n\n6. **Coordinates (coordinate systems)**  \n   How the plot space is drawn.  \n   - Cartesian (default), polar (`coord_polar()`), flipped (`coord_flip()`), maps, etc.  \n\n7. **Facets**  (Trick to add another dimension)\n   Splitting data into multiple small plots (e.g., `facet_wrap(~gender)`).  \n\n8. **Themes**  \n   Non–data elements: fonts, grid lines, background, legend placement, axis styling.  \n\n\n\n##  Step 1: Mapping Variables to Aestetics: ggplot(){.smaller}\n\nAesthetics: Are the visual elements of a diagram\n\nAt this stage, you are just saying: “this data column is assigned (mapped) to  this visual property.”\n\n```{webr}\nggplot(DataWebPurch, mapping = aes(x=Purchases, y=Revenue))\n```\n\n##  Step 2: Choosing Geometric Objects: geom_xxx()\n\nExamples:\n\n- geom_point() → draws points (scatter plots)\n- geom_line() → draws lines (time series, trends)\n- geom_bar() → draws bars (histograms, bar charts) based on counts\n- geom_col() → draws bars  based on (continues) variables)\n- geom_smooth → draws a smooth line representation of point data\n- geom_histogram() → draws histogram bins\n- geom_boxplot() → draws box-and-whisker plots\n\n##  Step 2: Choosing Geometric Objects: geom_point()\n\n\n```{webr}\nggplot(DataWebPurch, mapping = aes(x=Purchases, y=Revenue))+\n  geom_point()\n```\n\n##  Step 2: Choosing Geometric Objects: geom_point(color=\"red\")\n\n```{webr}\nggplot(DataWebPurch, mapping = aes(x=Purchases, y=Revenue))+\n  geom_point(color=\"red\", size=5, shape = \"*\")\n```\n\n\n## Back to Step 1: Adding additional Data to Aesteics (3 Dimension)\n\n```{webr}\nggplot(DataWebPurch, mapping = aes(x=Purchases, y=Revenue, color=Treatment))+\n  geom_point()\n```\n## Back to Step 2: Adding Another GEOM (3 trend lines)\n\n```{webr}\n#| message: false\n#| warning: false\nggplot(DataWebPurch, aes(x=Purchases, y=Revenue, color = Treatment)) +\n  geom_point() +\n  geom_smooth(method = \"lm\", se = FALSE)\n```\n\n\n\n## Back to Step 2: Adding Another GEOM? Solution 1  (1 trend line)\n\n```{webr}\n#| warning: false\n#| message: false\nggplot(DataWebPurch, aes(Purchases, Revenue, color = Treatment)) +\ngeom_point() +\ngeom_smooth(aes(x=Purchases, y=Revenue),\n              method = \"lm\", se = FALSE,\n              inherit.aes = FALSE) # possibly adding , color = \"black\"\n```\n\n## Back to Step 2: Adding Another GEOM? Solution 2  (1 trend lines)\n\n```{webr}\n#| warning: false\n#| message: false\nggplot(DataWebPurch, aes(Purchases, Revenue, color = Treatment)) +\ngeom_point() +\ngeom_smooth(method = \"lm\", se = FALSE, color = \"black\")\n```\n\n\n\n## Back to Step 2: Adding Two GEOMs? Cool Solution (1 +3 trend lines; Simpson’s Paradox)\n\n```{webr}\n#| warning: false\n#| message: false\nggplot(DataWebPurch, mapping=aes(x=Purchases, y=Revenue)) +\ngeom_point(mapping=aes(color = Treatment)) +\ngeom_smooth(method = \"lm\", se = FALSE, color=\"black\") +\ngeom_smooth(aes(color = Treatment), method = \"lm\", se = FALSE)\n```\n\n## Back to Step 2: Adding too Many GEOMs? --- Convoluted\n\n```{webr}\n#| warning: false\n#| message: false\nDataMeans=DataWebPurch %>%\n    group_by(Treatment) %>%\n    summarise(RevMean = mean(Revenue),\n              PurchMean=mean(Purchases))\n\nggplot(DataWebPurch, mapping=aes(x=Purchases, y=Revenue)) +\ngeom_point(mapping=aes(color = Treatment)) +\ngeom_smooth(method = \"lm\", se = FALSE, color=\"black\") +\ngeom_smooth(aes(color = Treatment), method = \"lm\", se = FALSE)+\n  geom_vline(xintercept = DataMeans$PurchMean[1],              color=\"red\")+\n  geom_vline(xintercept = DataMeans$PurchMean[2],              color=\"green\")+\n  geom_vline(xintercept = DataMeans$PurchMean[3],              color=\"blue\")+\n  geom_hline(yintercept = DataMeans$RevMean[1],              color=\"red\")+\n  geom_hline(yintercept = DataMeans$RevMean[2],              color=\"green\")+\n  geom_hline(yintercept = DataMeans$RevMean[3],              color=\"blue\")\n```\n\n## Step 3: Scaling `x`-axis and `y`-axis (see next slide)\n\n```{webr}\n#| warning: false\n#| message: false\nggplot(DataWebPurch, mapping=aes(x=Purchases, y=Revenue)) +\ngeom_point(mapping=aes(color = Treatment)) +\ngeom_smooth(aes(color = Treatment), method = \"lm\", se = FALSE)\n```\n\n## Step 3: Scaling `x`-axis and `y`-axis \n\n```{webr}\n#| warning: false\n#| message: false\nggplot(DataWebPurch, mapping=aes(x=Purchases, y=Revenue)) +\ngeom_point(mapping=aes(color = Treatment)) +\ngeom_smooth(aes(color = Treatment), method = \"lm\", se = FALSE)+\nscale_x_continuous(limits = c(12,24), breaks = seq(12,24,1), \n                   minor_breaks = seq(12,24,1) )+\nscale_y_continuous(limits = c(3000,6000), breaks = seq(3000,6000,500), \n                   minor_breaks = seq(3000,6000,250) )\n\n```\n\n## Step 4: Adding Labels with `lab()`\n\n```{webr}\n#| warning: false\n#| message: false\nggplot(DataWebPurch, mapping=aes(x=Purchases, y=Revenue)) +\ngeom_point(mapping=aes(color = Treatment)) +\ngeom_smooth(mapping=aes(color = Treatment), method = \"lm\", se = FALSE)+\nscale_x_continuous(limits = c(12,24), breaks = seq(12,24,1), \n                   minor_breaks = seq(12,24,1) )+\nscale_y_continuous(limits = c(3000,6000), breaks = seq(3000,6000,500), \n                   minor_breaks = seq(3000,6000,250) )+\nlabs(\n  title = \"Differnt Web Designs\",\n  subtitle = \"Daily Data, 2026\",\n  caption = \"Palmer Penguins\",\n  x = \"Purchases per Day\",\n  y = \"Revenue in US$\"\n)\n```\n\n## Bar Chart and Column Chart\n\nThese charts have a categorical variable as the x-axis possibly encoded as a `factor`.\n\n- A Bar chart has counts (or count related), pseudo-continuous  y-axis\n\n- A Col chart displays predetermined continuous variable on the y-axis\n\n## Bar Chart\n\n```{webr}\nggplot(DataWebPurch, mapping=aes(x=Treatment, fill=Treatment))+\ngeom_bar()+\nscale_fill_viridis_d(option=\"magma\")\n```\n\n## Col Chart (with Assessible Colors)\n\n```{webr}\n# Summarize by Treatment\nDataWebPurchMeans <- DataWebPurch |> \n  group_by(Treatment) |> \n  summarise(\n    MeanRevenue = mean(Revenue)\n  )\nkable(DataWebPurchMeans)\n```\n\n## Plot MeanRevenue by Treatment\n```{webr}\nggplot(DataWebPurchMeans, aes(x = Treatment, y = MeanRevenue, fill = Treatment)) +\n  geom_col() +\n  scale_fill_manual(values = c(\"red\",\"green\",\"blue\")) +\n  labs(\n    title = \"Mean Revenue by Treatment\",\n    x = \"Treatment\",\n    y = \"Mean Revenue\"\n  )\n\n\n```\n\n## Histogram ggplot\n\n```{webr}\n#| warning: false\n#| message: false\nggplot(DataWebPurch, aes(x = Revenue)) +\n  geom_histogram(binwidth = 300, fill=\"red\", color=\"black\")+\n  scale_x_continuous(limits = c(3000,6300), breaks = seq(3000,6000,300), \n                     minor_breaks = seq(3000,6300,100) )\n```\n\n## Time Series for Apple Stock\n\n```{webr}\nDataStockTimeSeries=\n  data.frame(EndOfYear=seq(2019,2023,1), \n             Price=c(71.25,129.90,174.91,128.72,191.8))\nlibrary(ggthemes)\nggplot(DataStockTimeSeries, mapping=aes(x=EndOfYear, y=Price))+\n  geom_line(color=\"red\", linewidth=2 )+\n  labs(title=\"Apple Stock Price\",\n       subtitle=\"(end of year)\",\n       x=\"Year\")+\n  theme_economist()\n```\n\n\n## More about Ggplot2\n\nThomas Lin Pedersen\n\n[ggplot workshop part 1 (2,5 hours)](https://www.youtube.com/watch?v=h29g21z0a68){target=\"_blank\"}\n\n\n\n\n## Histogram-Count with `TeachHistCount`  {.smaller}\n### (ggplot is under the hood)\n\n```{webr}\n#| autorun: true\n#| echo: false\ncat(\"Mean Revenue:\", mean(DataWebPurch$Revenue), \"StdDev:\", sd(DataWebPurch$Revenue),\"Total Count:\", nrow(DataWebPurch))\n```\n\n```{webr}\n#| warning: false\n#| message: false\nTeachHistCounts(PlotData=DataWebPurch[\"Revenue\"], VLine1=4938, PrintZAxis = FALSE)\n```\n\n## Histogram - Relative Frequencies with `TeachHistRelFreq` {.smaller}\n```{webr}\n#| autorun: true\n#| echo: false\ncat(\"Mean Revenue:\", mean(DataWebPurch$Revenue), \"StdDev:\", sd(DataWebPurch$Revenue),\"Total Count:\", nrow(DataWebPurch))\n```\n\n$RelFreq=\\frac{Count}{TotalCount}$. Example (left of mean): $\\frac{98}{342}=0.28655$\n\n```{webr}\n#| warning: false\n#| message: false\nTeachHistRelFreq(PlotData=DataWebPurch[\"Revenue\"],  VLine1=4938, PrintZAxis = FALSE)\n```\n\n## Histogram - Densities with `TeachHistDens`  {.smaller}\n```{webr}\n#| autorun: true\n#| echo: false\ncat(\"Mean Revenue:\", mean(DataWebPurch$Revenue), \"StdDev:\", sd(DataWebPurch$Revenue),\"Total Count:\", nrow(DataWebPurch))\n```\n$Density=\\frac{RelFreq}{StdDev}$. Example (left of mean): $\\frac{0.28655}{545.9584}=0.0005248568$\n\n**Density is not easy to predict**, but **RelFreq** is now depicted as the **area of each bar** (proof next slide)\n\n```{webr}\n#| warning: false\n#| message: false\nTeachHistDens(PlotData=DataWebPurch[\"Revenue\"], VLine1=4938, PrintZAxis = FALSE)\n```\n\n## Histogram - Densities with TeachHistDens\n$Density=\\frac{RelFreq}{StdDev}$. Example (left of mean): $\\frac{0.28655}{545.9584}=0.0005248568$\n$$AreaOfBar=StdDev\\cdot \\frac{RelFreq}{StdDev}=RelFreq$$\n\n\n**Example (left of mean):** $=0.0005248568\\cdot 545.9584 = 0.2865$\n\n```{webr}\n#| warning: false\n#| message: false\nlibrary(plotly)\nggplotly(\nTeachHistDens(PlotData=DataWebPurch[\"Revenue\"], VLine1=4938, PrintZAxis = FALSE)\n  )\n```\n\n\n","srcMarkdownNoYaml":"\n\n{{< include ./_extensions/r-wasm/live/_knitr.qmd >}}\n\n## Generating Data\n\nBelow are  observation from an AB-Test. A companies web users were randomly routed to \n\n1) the traditional webpage (`Control`) \n2) An audio enhanced webpage (`Audio`) \n3) A video  enhanced webpage (`Video`).\n\nFor several days $Conversions$, $Purchases$ and $Revenue$ were measured for ech of the three *Treatments* (`Control`, `Audio`), and `Video`.\n\nThe data (artificially created from the [Palmer Penguin Dataset](https://allisonhorst.github.io/palmerpenguins/articles/intro.html){target=\"_blank\"}) are shown below:\n\n```{webr}\n#| autorun: true\n#| echo: false\n\nDataWebPurch=penguins |> \n       select(Conversions=flipper_length_mm, Treatment=species,\n              Purchases=bill_depth_mm, \n              Revenue=bill_length_mm) |> \n              drop_na() |> \n              mutate(Purchases=round(Purchases),\n                     Revenue=Revenue*100) |> \n              select(Treatment, everything())\n              \nlevels(DataWebPurch$Treatment)=c(\"Control\", \"Audio\", \"Video\")\nset.seed(111)\nkable(slice_sample(DataWebPurch, n=600))\n```\n\n## Grammar of Graphics\n\n\n\n1. **Data and Aesthetics (Visuals)**  \n   Mappings  between data variables and visual properties. E.g., `x`, `y`, `color`, `size`, `shape`  \n   (assigning data to *Aesthetics*)\n\n\n\n3. **Geoms (Geometric Objects)**  \n   The shapes drawn (points, lines, bars, boxplots...).  \n   \n4. **Scales**  \n   Rules that translate data values into visual values  \n   (numbers → positions, categories/numbers → colors or color scales, etc.).  \n9. **Annotations**  \n   Extra information layered on top of the plot.  \n   - Titles, subtitles, captions (`labs(title = ...)`)  \n   - Labels, reference lines (`geom_text()`, `geom_hline()`)  \n   - Custom notes\n   \n5. **Stats (statistical transformations)**  \n   Optional transformations applied before drawing geoms.  \n   - Example: `geom_histogram()` uses `stat_bin()` to compute counts.  \n   - Example: `geom_smooth()` uses `stat_smooth()` to fit a regression line.\n   \n  \n\n6. **Coordinates (coordinate systems)**  \n   How the plot space is drawn.  \n   - Cartesian (default), polar (`coord_polar()`), flipped (`coord_flip()`), maps, etc.  \n\n7. **Facets**  (Trick to add another dimension)\n   Splitting data into multiple small plots (e.g., `facet_wrap(~gender)`).  \n\n8. **Themes**  \n   Non–data elements: fonts, grid lines, background, legend placement, axis styling.  \n\n\n\n##  Step 1: Mapping Variables to Aestetics: ggplot(){.smaller}\n\nAesthetics: Are the visual elements of a diagram\n\nAt this stage, you are just saying: “this data column is assigned (mapped) to  this visual property.”\n\n```{webr}\nggplot(DataWebPurch, mapping = aes(x=Purchases, y=Revenue))\n```\n\n##  Step 2: Choosing Geometric Objects: geom_xxx()\n\nExamples:\n\n- geom_point() → draws points (scatter plots)\n- geom_line() → draws lines (time series, trends)\n- geom_bar() → draws bars (histograms, bar charts) based on counts\n- geom_col() → draws bars  based on (continues) variables)\n- geom_smooth → draws a smooth line representation of point data\n- geom_histogram() → draws histogram bins\n- geom_boxplot() → draws box-and-whisker plots\n\n##  Step 2: Choosing Geometric Objects: geom_point()\n\n\n```{webr}\nggplot(DataWebPurch, mapping = aes(x=Purchases, y=Revenue))+\n  geom_point()\n```\n\n##  Step 2: Choosing Geometric Objects: geom_point(color=\"red\")\n\n```{webr}\nggplot(DataWebPurch, mapping = aes(x=Purchases, y=Revenue))+\n  geom_point(color=\"red\", size=5, shape = \"*\")\n```\n\n\n## Back to Step 1: Adding additional Data to Aesteics (3 Dimension)\n\n```{webr}\nggplot(DataWebPurch, mapping = aes(x=Purchases, y=Revenue, color=Treatment))+\n  geom_point()\n```\n## Back to Step 2: Adding Another GEOM (3 trend lines)\n\n```{webr}\n#| message: false\n#| warning: false\nggplot(DataWebPurch, aes(x=Purchases, y=Revenue, color = Treatment)) +\n  geom_point() +\n  geom_smooth(method = \"lm\", se = FALSE)\n```\n\n\n\n## Back to Step 2: Adding Another GEOM? Solution 1  (1 trend line)\n\n```{webr}\n#| warning: false\n#| message: false\nggplot(DataWebPurch, aes(Purchases, Revenue, color = Treatment)) +\ngeom_point() +\ngeom_smooth(aes(x=Purchases, y=Revenue),\n              method = \"lm\", se = FALSE,\n              inherit.aes = FALSE) # possibly adding , color = \"black\"\n```\n\n## Back to Step 2: Adding Another GEOM? Solution 2  (1 trend lines)\n\n```{webr}\n#| warning: false\n#| message: false\nggplot(DataWebPurch, aes(Purchases, Revenue, color = Treatment)) +\ngeom_point() +\ngeom_smooth(method = \"lm\", se = FALSE, color = \"black\")\n```\n\n\n\n## Back to Step 2: Adding Two GEOMs? Cool Solution (1 +3 trend lines; Simpson’s Paradox)\n\n```{webr}\n#| warning: false\n#| message: false\nggplot(DataWebPurch, mapping=aes(x=Purchases, y=Revenue)) +\ngeom_point(mapping=aes(color = Treatment)) +\ngeom_smooth(method = \"lm\", se = FALSE, color=\"black\") +\ngeom_smooth(aes(color = Treatment), method = \"lm\", se = FALSE)\n```\n\n## Back to Step 2: Adding too Many GEOMs? --- Convoluted\n\n```{webr}\n#| warning: false\n#| message: false\nDataMeans=DataWebPurch %>%\n    group_by(Treatment) %>%\n    summarise(RevMean = mean(Revenue),\n              PurchMean=mean(Purchases))\n\nggplot(DataWebPurch, mapping=aes(x=Purchases, y=Revenue)) +\ngeom_point(mapping=aes(color = Treatment)) +\ngeom_smooth(method = \"lm\", se = FALSE, color=\"black\") +\ngeom_smooth(aes(color = Treatment), method = \"lm\", se = FALSE)+\n  geom_vline(xintercept = DataMeans$PurchMean[1],              color=\"red\")+\n  geom_vline(xintercept = DataMeans$PurchMean[2],              color=\"green\")+\n  geom_vline(xintercept = DataMeans$PurchMean[3],              color=\"blue\")+\n  geom_hline(yintercept = DataMeans$RevMean[1],              color=\"red\")+\n  geom_hline(yintercept = DataMeans$RevMean[2],              color=\"green\")+\n  geom_hline(yintercept = DataMeans$RevMean[3],              color=\"blue\")\n```\n\n## Step 3: Scaling `x`-axis and `y`-axis (see next slide)\n\n```{webr}\n#| warning: false\n#| message: false\nggplot(DataWebPurch, mapping=aes(x=Purchases, y=Revenue)) +\ngeom_point(mapping=aes(color = Treatment)) +\ngeom_smooth(aes(color = Treatment), method = \"lm\", se = FALSE)\n```\n\n## Step 3: Scaling `x`-axis and `y`-axis \n\n```{webr}\n#| warning: false\n#| message: false\nggplot(DataWebPurch, mapping=aes(x=Purchases, y=Revenue)) +\ngeom_point(mapping=aes(color = Treatment)) +\ngeom_smooth(aes(color = Treatment), method = \"lm\", se = FALSE)+\nscale_x_continuous(limits = c(12,24), breaks = seq(12,24,1), \n                   minor_breaks = seq(12,24,1) )+\nscale_y_continuous(limits = c(3000,6000), breaks = seq(3000,6000,500), \n                   minor_breaks = seq(3000,6000,250) )\n\n```\n\n## Step 4: Adding Labels with `lab()`\n\n```{webr}\n#| warning: false\n#| message: false\nggplot(DataWebPurch, mapping=aes(x=Purchases, y=Revenue)) +\ngeom_point(mapping=aes(color = Treatment)) +\ngeom_smooth(mapping=aes(color = Treatment), method = \"lm\", se = FALSE)+\nscale_x_continuous(limits = c(12,24), breaks = seq(12,24,1), \n                   minor_breaks = seq(12,24,1) )+\nscale_y_continuous(limits = c(3000,6000), breaks = seq(3000,6000,500), \n                   minor_breaks = seq(3000,6000,250) )+\nlabs(\n  title = \"Differnt Web Designs\",\n  subtitle = \"Daily Data, 2026\",\n  caption = \"Palmer Penguins\",\n  x = \"Purchases per Day\",\n  y = \"Revenue in US$\"\n)\n```\n\n## Bar Chart and Column Chart\n\nThese charts have a categorical variable as the x-axis possibly encoded as a `factor`.\n\n- A Bar chart has counts (or count related), pseudo-continuous  y-axis\n\n- A Col chart displays predetermined continuous variable on the y-axis\n\n## Bar Chart\n\n```{webr}\nggplot(DataWebPurch, mapping=aes(x=Treatment, fill=Treatment))+\ngeom_bar()+\nscale_fill_viridis_d(option=\"magma\")\n```\n\n## Col Chart (with Assessible Colors)\n\n```{webr}\n# Summarize by Treatment\nDataWebPurchMeans <- DataWebPurch |> \n  group_by(Treatment) |> \n  summarise(\n    MeanRevenue = mean(Revenue)\n  )\nkable(DataWebPurchMeans)\n```\n\n## Plot MeanRevenue by Treatment\n```{webr}\nggplot(DataWebPurchMeans, aes(x = Treatment, y = MeanRevenue, fill = Treatment)) +\n  geom_col() +\n  scale_fill_manual(values = c(\"red\",\"green\",\"blue\")) +\n  labs(\n    title = \"Mean Revenue by Treatment\",\n    x = \"Treatment\",\n    y = \"Mean Revenue\"\n  )\n\n\n```\n\n## Histogram ggplot\n\n```{webr}\n#| warning: false\n#| message: false\nggplot(DataWebPurch, aes(x = Revenue)) +\n  geom_histogram(binwidth = 300, fill=\"red\", color=\"black\")+\n  scale_x_continuous(limits = c(3000,6300), breaks = seq(3000,6000,300), \n                     minor_breaks = seq(3000,6300,100) )\n```\n\n## Time Series for Apple Stock\n\n```{webr}\nDataStockTimeSeries=\n  data.frame(EndOfYear=seq(2019,2023,1), \n             Price=c(71.25,129.90,174.91,128.72,191.8))\nlibrary(ggthemes)\nggplot(DataStockTimeSeries, mapping=aes(x=EndOfYear, y=Price))+\n  geom_line(color=\"red\", linewidth=2 )+\n  labs(title=\"Apple Stock Price\",\n       subtitle=\"(end of year)\",\n       x=\"Year\")+\n  theme_economist()\n```\n\n\n## More about Ggplot2\n\nThomas Lin Pedersen\n\n[ggplot workshop part 1 (2,5 hours)](https://www.youtube.com/watch?v=h29g21z0a68){target=\"_blank\"}\n\n\n\n\n## Histogram-Count with `TeachHistCount`  {.smaller}\n### (ggplot is under the hood)\n\n```{webr}\n#| autorun: true\n#| echo: false\ncat(\"Mean Revenue:\", mean(DataWebPurch$Revenue), \"StdDev:\", sd(DataWebPurch$Revenue),\"Total Count:\", nrow(DataWebPurch))\n```\n\n```{webr}\n#| warning: false\n#| message: false\nTeachHistCounts(PlotData=DataWebPurch[\"Revenue\"], VLine1=4938, PrintZAxis = FALSE)\n```\n\n## Histogram - Relative Frequencies with `TeachHistRelFreq` {.smaller}\n```{webr}\n#| autorun: true\n#| echo: false\ncat(\"Mean Revenue:\", mean(DataWebPurch$Revenue), \"StdDev:\", sd(DataWebPurch$Revenue),\"Total Count:\", nrow(DataWebPurch))\n```\n\n$RelFreq=\\frac{Count}{TotalCount}$. Example (left of mean): $\\frac{98}{342}=0.28655$\n\n```{webr}\n#| warning: false\n#| message: false\nTeachHistRelFreq(PlotData=DataWebPurch[\"Revenue\"],  VLine1=4938, PrintZAxis = FALSE)\n```\n\n## Histogram - Densities with `TeachHistDens`  {.smaller}\n```{webr}\n#| autorun: true\n#| echo: false\ncat(\"Mean Revenue:\", mean(DataWebPurch$Revenue), \"StdDev:\", sd(DataWebPurch$Revenue),\"Total Count:\", nrow(DataWebPurch))\n```\n$Density=\\frac{RelFreq}{StdDev}$. Example (left of mean): $\\frac{0.28655}{545.9584}=0.0005248568$\n\n**Density is not easy to predict**, but **RelFreq** is now depicted as the **area of each bar** (proof next slide)\n\n```{webr}\n#| warning: false\n#| message: false\nTeachHistDens(PlotData=DataWebPurch[\"Revenue\"], VLine1=4938, PrintZAxis = FALSE)\n```\n\n## Histogram - Densities with TeachHistDens\n$Density=\\frac{RelFreq}{StdDev}$. Example (left of mean): $\\frac{0.28655}{545.9584}=0.0005248568$\n$$AreaOfBar=StdDev\\cdot \\frac{RelFreq}{StdDev}=RelFreq$$\n\n\n**Example (left of mean):** $=0.0005248568\\cdot 545.9584 = 0.2865$\n\n```{webr}\n#| warning: false\n#| message: false\nlibrary(plotly)\nggplotly(\nTeachHistDens(PlotData=DataWebPurch[\"Revenue\"], VLine1=4938, PrintZAxis = FALSE)\n  )\n```\n\n\n"},"formats":{"live-revealjs":{"identifier":{"display-name":"RevealJS","target-format":"live-revealjs","base-format":"revealjs","extension-name":"live"},"execute":{"fig-width":10,"fig-height":5,"fig-format":"retina","fig-dpi":96,"df-print":"default","error":false,"eval":true,"cache":null,"freeze":false,"echo":false,"output":true,"warning":false,"include":true,"keep-md":false,"keep-ipynb":false,"ipynb":null,"enabled":null,"daemon":false,"daemon-restart":false,"debug":false,"ipynb-filters":[],"ipynb-shell-interactivity":null,"plotly-connected":true,"engine":"knitr","message":false},"render":{"keep-tex":false,"keep-typ":false,"keep-source":false,"keep-hidden":false,"prefer-html":false,"output-divs":true,"output-ext":"html","fig-align":"default","fig-pos":null,"fig-env":null,"code-fold":"none","code-overflow":"scroll","code-link":false,"code-line-numbers":true,"code-tools":false,"tbl-colwidths":"auto","merge-includes":true,"inline-includes":false,"preserve-yaml":false,"latex-auto-mk":true,"latex-auto-install":true,"latex-clean":true,"latex-min-runs":1,"latex-max-runs":10,"latex-makeindex":"makeindex","latex-makeindex-opts":[],"latex-tlmgr-opts":[],"latex-input-paths":[],"latex-output-dir":null,"link-external-icon":false,"link-external-newwindow":false,"self-contained-math":false,"format-resources":[],"shortcodes":[]},"pandoc":{"standalone":true,"wrap":"none","default-image-extension":"png","html-math-method":{"method":"mathjax","url":"https://cdn.jsdelivr.net/npm/mathjax@2.7.9/MathJax.js?config=TeX-AMS_HTML-full"},"slide-level":2,"to":"revealjs","filters":["C:\\CalPoly\\AIBookSlides\\IBM5910\\GgplotQLive\\_extensions\\r-wasm\\live\\live.lua"],"incremental":false,"output-file":"GgplotQLive.html"},"language":{"toc-title-document":"Table of contents","toc-title-website":"On this page","related-formats-title":"Other Formats","related-notebooks-title":"Notebooks","source-notebooks-prefix":"Source","other-links-title":"Other Links","code-links-title":"Code Links","launch-dev-container-title":"Launch Dev Container","launch-binder-title":"Launch Binder","article-notebook-label":"Article Notebook","notebook-preview-download":"Download Notebook","notebook-preview-download-src":"Download Source","notebook-preview-back":"Back to Article","manuscript-meca-bundle":"MECA Bundle","section-title-abstract":"Abstract","section-title-appendices":"Appendices","section-title-footnotes":"Footnotes","section-title-references":"References","section-title-reuse":"Reuse","section-title-copyright":"Copyright","section-title-citation":"Citation","appendix-attribution-cite-as":"For attribution, please cite this work as:","appendix-attribution-bibtex":"BibTeX citation:","appendix-view-license":"View License","title-block-author-single":"Author","title-block-author-plural":"Authors","title-block-affiliation-single":"Affiliation","title-block-affiliation-plural":"Affiliations","title-block-published":"Published","title-block-modified":"Modified","title-block-keywords":"Keywords","callout-tip-title":"Tip","callout-note-title":"Note","callout-warning-title":"Warning","callout-important-title":"Important","callout-caution-title":"Caution","code-summary":"Code","code-tools-menu-caption":"Code","code-tools-show-all-code":"Show All Code","code-tools-hide-all-code":"Hide All Code","code-tools-view-source":"View Source","code-tools-source-code":"Source Code","tools-share":"Share","tools-download":"Download","code-line":"Line","code-lines":"Lines","copy-button-tooltip":"Copy to Clipboard","copy-button-tooltip-success":"Copied!","repo-action-links-edit":"Edit this page","repo-action-links-source":"View source","repo-action-links-issue":"Report an issue","back-to-top":"Back to top","search-no-results-text":"No results","search-matching-documents-text":"matching documents","search-copy-link-title":"Copy link to search","search-hide-matches-text":"Hide additional matches","search-more-match-text":"more match in this document","search-more-matches-text":"more matches in this document","search-clear-button-title":"Clear","search-text-placeholder":"","search-detached-cancel-button-title":"Cancel","search-submit-button-title":"Submit","search-label":"Search","toggle-section":"Toggle section","toggle-sidebar":"Toggle sidebar navigation","toggle-dark-mode":"Toggle dark mode","toggle-reader-mode":"Toggle reader mode","toggle-navigation":"Toggle navigation","crossref-fig-title":"Figure","crossref-tbl-title":"Table","crossref-lst-title":"Listing","crossref-thm-title":"Theorem","crossref-lem-title":"Lemma","crossref-cor-title":"Corollary","crossref-prp-title":"Proposition","crossref-cnj-title":"Conjecture","crossref-def-title":"Definition","crossref-exm-title":"Example","crossref-exr-title":"Exercise","crossref-ch-prefix":"Chapter","crossref-apx-prefix":"Appendix","crossref-sec-prefix":"Section","crossref-eq-prefix":"Equation","crossref-lof-title":"List of Figures","crossref-lot-title":"List of Tables","crossref-lol-title":"List of Listings","environment-proof-title":"Proof","environment-remark-title":"Remark","environment-solution-title":"Solution","listing-page-order-by":"Order By","listing-page-order-by-default":"Default","listing-page-order-by-date-asc":"Oldest","listing-page-order-by-date-desc":"Newest","listing-page-order-by-number-desc":"High to Low","listing-page-order-by-number-asc":"Low to High","listing-page-field-date":"Date","listing-page-field-title":"Title","listing-page-field-description":"Description","listing-page-field-author":"Author","listing-page-field-filename":"File Name","listing-page-field-filemodified":"Modified","listing-page-field-subtitle":"Subtitle","listing-page-field-readingtime":"Reading Time","listing-page-field-wordcount":"Word Count","listing-page-field-categories":"Categories","listing-page-minutes-compact":"{0} min","listing-page-category-all":"All","listing-page-no-matches":"No matching items","listing-page-words":"{0} words","listing-page-filter":"Filter","draft":"Draft"},"metadata":{"lang":"en","fig-responsive":false,"quarto-version":"1.8.26","auto-stretch":true,"ojs-engine":true,"revealjs-plugins":[],"title":"The Grammar of Graphics for Creating Graphs","author":{"name":"Carsten Lange","email":"clange@cpp.edu","affiliation":"Cal Poly, Pomona"},"webr":{"packages":["tidyverse","ggplot2","rio","palmerpenguins","TeachHist"]},"theme":["moon","CustomCL.scss"],"smaller":true,"controls":true,"chalkboard":{"theme":"whiteboard","boardmarker-width":2.7},"scrollable":true,"footer":"<a href='https://ggplot2-book.org/getting-started.html'>Textbook </a> "}}},"projectFormats":[]}