Age,SexMale,ZIP,UrbanYes,MobilExp,YearsAfterHighschool
41.9933295795503,1,19104,1,130.215206797209,24.4855763200479
40.6152097214043,0,19104,1,43.3150832491636,22.6808902527236
20.3108368248782,1,19102,1,126.090245516647,2.72038577013754
41.4087256002912,0,19104,1,65.0444380523024,23.8720131475219
20.9781015822739,0,19104,1,72.2463954011939,3.78836420761238
24.6966583938046,0,19105,0,90.0859335929704,7.52972633598249
42.0162587114946,0,19101,0,102.873019300588,24.8179161968046
29.0744938055926,0,19101,0,25.6041516146207,11.9526253288553
49.7046890516917,0,19101,0,104.583658134838,32.6835764373804
30.4470941342317,1,19107,1,122.084954789082,12.5194000834037
35.6633554766769,0,19105,0,66.9821105349353,18.6135488324682
41.616292664333,1,19104,1,110.893423098714,24.2817782480444
53.6635895511866,1,19102,1,123.082242292179,35.7404079607953
35.1280032993685,0,19105,0,101.978788946608,17.8187506626285
52.0991863375793,1,19106,1,122.286688894137,34.7845562473203
38.875363526552,0,19104,1,120.601783997243,21.7130195718846
28.6515660942129,1,19104,1,102.633046801969,11.3791018330554
33.8971242606072,0,19103,0,96.6546038376723,16.0148652188377
37.6053455522412,1,19104,1,96.1675803139126,20.0735705903859
32.4897482576752,0,19105,0,90.9220511194705,15.4434727407032
21.7696992659857,1,19104,1,126.982995187004,3.87835254733537
54.0123925187774,0,19104,1,85.798964800463,36.8242762644924
20.5765921328876,0,19104,1,122.557185204159,2.61445042604652
42.0216290216344,0,19105,0,55.7177424991659,24.8105094059287
19.648158901326,1,19104,1,107.806326993486,2.15611452092571
20.0590156548334,1,19102,1,103.260385869752,2.18521591309954
24.4471519585487,0,19103,0,93.5826309532984,7.44542418054979
33.8393930752109,0,19105,0,94.7654348789312,16.477767802663
24.7174932132675,0,19104,1,90.5453356840616,6.73692570395907
21.3059901761443,0,19103,0,66.9092740421112,3.77000374915944
49.4854900899575,0,19105,0,98.4107375060804,31.7509068620623
37.4568776346052,1,19106,1,126.583585305187,20.2090029318125
49.4682062574301,1,19102,1,151.376799160539,32.3955534513678
31.2607989146109,0,19104,1,101.795747077284,13.4716211690302
46.280869315825,1,19104,1,97.588683104065,29.2519659637283
24.4461448501177,0,19105,0,99.3813953080004,6.59363678738811
43.3915385837052,0,19105,0,81.7121011355123,26.2418126745932
29.4338323131612,0,19105,0,71.066125160024,11.7647607426568
51.1547118275063,0,19104,1,117.410092479192,33.5581543567692
38.3473569894241,0,19101,0,90.1624251135225,20.4188997432621
27.0264317716773,1,19102,1,125.744027835226,9.17192043455534
58.515794887336,0,19103,0,66.2252922588537,41.3256413150932
43.2240007557841,1,19104,1,91.8794381755528,26.1420321230246
43.9103109088923,0,19104,1,130.41184883499,26.1134946057304
33.0330929084741,0,19104,1,90.6552122968035,15.1391411173683
37.9785095504568,0,19104,1,72.1681868451897,20.7338556936094
48.5231810851976,1,19102,1,119.516623170598,30.8274881182726
43.4095369272338,0,19105,0,69.4729252372009,26.1295800283489
35.4181229879657,0,19104,1,107.00322897024,17.4779867415825
46.9283879355119,0,19104,1,149.015315196624,29.0964039031008
58.3805730881443,1,19106,1,139.310688541901,40.5943318696966
44.9241475083993,1,19104,1,96.3628528011031,27.1833137302321
51.515242606357,0,19104,1,84.0309964301537,34.3703359285857
25.6043498901003,1,19102,1,109.162378064867,8.402497008285
39.7131410921602,0,19105,0,72.0548848386699,22.3973030334483
39.2732413619135,1,19104,1,106.063475648784,21.3580929467764
34.5086887645888,0,19104,1,74.6522453423221,17.0573457092399
27.3361746785077,0,19104,1,104.377410313713,10.1457023620452
37.4577917056052,0,19105,0,69.6208254232134,20.2834852512354
37.1427106702159,1,19106,1,132.754372766821,19.7710928137805
21.8265096022406,1,19104,1,112.351423562486,4.58257433526527
59.3678134613347,1,19106,1,68.5064754054653,41.8472221108296
57.7325685109656,1,19102,1,102.65921329777,40.2699973596438
33.1089102465498,0,19104,1,125.705938000899,15.6882722867026
25.8277272478325,1,19102,1,116.369458617554,8.78841678878498
52.4584384730702,1,19102,1,118.061963867954,35.323760862943
29.8742289406937,1,19106,1,118.807741929487,12.7322001549173
53.4131414993319,0,19105,0,135.381839747207,35.4621127029533
35.9656431363315,1,19104,1,95.3125470969187,18.6751947028448
36.1749285093193,1,19102,1,108.004070615671,18.4042317321674
33.5245025891421,1,19106,1,120.195230929664,16.4130676705466
35.7568604861169,0,19104,1,89.100270828317,18.7313679355445
30.6575917168185,1,19104,1,86.1507386741839,12.9402497254442
19.514750129794,1,19102,1,79.9409484903484,2.26998967469603
32.7965766337656,0,19104,1,91.0488720807478,14.9365591208406
36.5765143116538,1,19102,1,137.474651350518,18.6818488836822
42.4052345906647,1,19102,1,78.3425007631702,25.0345312534163
35.205733949048,1,19106,1,106.821039721011,17.868324598027
36.2644083172446,0,19103,0,112.589904987477,19.2164400861031
51.255817947663,0,19104,1,95.0806697232338,34.0127174295351
45.0548444594994,1,19104,1,111.684444405845,27.2575156511545
25.7876188711263,0,19103,0,56.0542987462528,8.09918330567885
33.2470211778301,1,19102,1,122.819167081274,15.8775356759317
35.2110963791566,1,19106,1,90.6174195353638,18.1594817211808
34.1597096575796,1,19107,1,110.400036083532,16.6377827925979
36.4692672515495,0,19101,0,84.2008671153356,18.7221070124044
42.8736133484783,1,19104,1,107.809368936085,25.8116342481373
50.5730660007562,0,19104,1,65.2108370379724,33.4051847769174
42.4050649948198,1,19104,1,93.2133719121152,24.4972457858979
29.0988553777456,0,19104,1,92.1001205280917,11.316801544151
33.9462080448743,0,19105,0,70.8182938466893,16.4459043582779
25.5803106215372,1,19107,1,137.959741055009,8.06089511118454
21.2300785786631,0,19101,0,77.3275039045877,4.01258535866351
48.4013236264849,0,19104,1,119.771059810915,31.3435341657291
21.5506324557035,0,19104,1,48.9430054319943,4.32018904629221
43.2178058370943,1,19102,1,94.1606208382779,25.4564109850204
54.7846015785949,0,19104,1,111.351643410995,36.9927915435878
38.1853706418163,1,19102,1,101.072505188157,21.0582417490053
25.3192853892252,0,19105,0,48.986310797549,7.35750089814258
34.4758612582208,0,19101,0,96.694400606974,17.20471599174
31.5866315510564,0,19101,0,58.5788743969704,13.8212938575514
32.3176068050776,1,19102,1,138.096202468998,15.2061123477284
45.4356104274597,1,19106,1,87.6497415014962,27.7946038322374
28.6946806952251,0,19103,0,88.4336125076151,11.3080655585868
29.7637614141987,0,19104,1,116.104648117239,12.2289160282654
21.1652057343216,0,19104,1,110.786370610097,3.42411036580408
22.9745491904808,0,19101,0,101.267079784523,5.76815341144291
49.55967207393,0,19104,1,104.972000085303,32.268883635526
21.1432163816202,1,19102,1,99.2261870694365,4.05538439292229
41.0043361060887,0,19101,0,89.5241875935776,23.0539318238951
33.6173043891046,0,19104,1,72.8508773106739,15.6478713692356
38.2949770030757,1,19107,1,117.820109340624,21.215856356612
26.658359291194,1,19104,1,109.607830209713,9.57415791617146
41.3451902446441,0,19104,1,77.8197150279631,24.1557708374794
33.4544125167815,1,19104,1,82.1218345640662,15.5284559362264
23.0972755589219,0,19104,1,121.047567183241,6.0363375528878
38.2296631779888,0,19105,0,48.9062703220675,20.7575901498918
41.2395574888094,1,19102,1,172.875535418093,23.3022120189732
36.260962914348,1,19104,1,88.9408633557365,18.961600802977
27.0802720969705,0,19103,0,69.4274501971306,9.10555902432413
32.4814624484195,0,19104,1,98.8117272301419,15.0118352363849
54.4359539805875,0,19105,0,77.1534973580044,37.2904659577609
54.9645622834444,1,19107,1,147.984473242972,37.2995505408264
56.0310975006669,1,19104,1,164.131740468424,39.0240920838787
29.1596763197532,0,19103,0,55.9883953715228,11.8032891459962
27.1878918865718,1,19106,1,142.137795357403,9.33292674692573
20.176025411694,1,19107,1,151.411585745754,2.25407186976882
32.9538198915092,1,19102,1,121.881115110762,15.033398932383
23.8856679010812,1,19104,1,76.8049830533851,6.37050282099764
25.9293429403809,1,19102,1,79.4876499860335,8.27997918909053
23.006834263554,0,19104,1,106.295591826338,5.98088037745487
57.1918177685423,1,19104,1,150.633459280189,40.087735668449
55.1408832337702,0,19104,1,97.2936744295903,37.703212661575
24.3722978871595,1,19104,1,73.8296021785446,6.8013145769294
35.7240480586588,0,19105,0,70.6835150848068,18.7024023960512
30.1838381456173,0,19105,0,72.9174541928214,12.9664317754059
47.4420756878074,0,19104,1,87.4276090062453,30.2336188385937
37.742278732512,0,19104,1,95.6735771599454,20.2845188296994
27.5069167375699,1,19104,1,75.0382387774953,10.3926173759759
43.495846327602,0,19105,0,93.8202239265869,25.8266033488075
37.7431347990073,1,19104,1,126.068649752663,20.2678903476931
35.5682979845126,1,19102,1,126.806832878595,18.3880709719063
36.3782692407412,0,19104,1,41.288055103111,18.4767884779875
31.84055603878,0,19101,0,51.9250160941682,14.1771541594098
18.0189682834629,0,19105,0,82.3001807454029,0.641400144466726
49.9633516230786,0,19101,0,52.2165176418049,32.211154279921
19.8046856171841,0,19105,0,83.8956670858426,2.55381395047696
37.5079265082033,1,19106,1,121.764334063078,20.379756341573
38.3525836871534,0,19101,0,104.42683841166,20.9218155984829
43.6043352976995,0,19104,1,116.188916314651,25.7223653633701
23.1211303800719,1,19102,1,80.4718859848011,5.84285570982864
23.5468484584789,0,19105,0,92.450196138141,5.56635299768181
30.7849036563658,1,19104,1,109.471263005279,12.9196296482352
49.6205511398103,0,19101,0,83.0691406554081,32.0266682007305
40.7046285518418,1,19107,1,155.290320929041,23.3821333530332
49.3707268143645,1,19102,1,53.7876942614697,32.2336169233187
48.9058896435358,1,19104,1,100.797499497086,31.0018051573475
41.2398130257996,1,19107,1,88.8842751993734,23.9608759556347
51.1991817298823,1,19107,1,100.660086061851,33.2744836397015
34.261654643822,0,19104,1,98.512504038238,16.6267672814573
49.4587887587919,1,19102,1,97.2773833903047,32.3422343984208
28.4924368737491,0,19101,0,79.1843467540797,11.1049300329985
33.2726324773317,0,19101,0,57.1357351579113,15.7889679060241
37.9494483605835,0,19104,1,107.684424856392,20.5634583146187
39.6661384502948,0,19103,0,68.7254984387118,22.1511407272481
35.6349589232064,1,19104,1,83.5230995410276,18.1419656277808
28.026391108448,1,19102,1,130.349480018854,10.1236786192025
55.9730568893928,1,19107,1,115.897464947113,37.9963395076546
33.0319023498845,0,19103,0,77.1000424733229,16.0012827565473
28.4312639609569,1,19102,1,111.565543457877,10.7401042266873
40.0633407655345,1,19106,1,130.02908464334,22.7091092768764
26.6549751199347,1,19102,1,125.959469529254,8.94529356407305
37.1758393825917,0,19103,0,85.2178354609739,19.5411236913828
32.7332992015247,1,19104,1,121.52507761745,15.0957987179821
38.8936276547572,0,19105,0,109.17954631179,21.2711324945519
24.8311435297287,1,19107,1,132.151584542342,7.37585064453695
24.3419893080983,0,19104,1,106.792550065529,6.41810342317075
37.035076325868,0,19104,1,93.1290302097998,19.4645313083816
30.7760086443728,1,19104,1,87.8840455924681,13.0384546373958
49.6148130707313,0,19104,1,99.4812922674244,31.8608961216975
59.2777487685299,1,19104,1,99.7271359160355,41.3733932791139
53.7406336626667,1,19104,1,93.8773264852786,36.640630351489
42.6823870420188,0,19101,0,108.766221010566,25.3148662591551
43.6176221542966,0,19105,0,106.360750475862,26.237308758774
48.3526925594126,0,19104,1,133.328425496221,30.6145278423139
38.3408105119252,0,19101,0,90.8343405934812,20.3490941282016
55.9413770547252,0,19101,0,95.6886383451039,38.5656901309847
43.9056860577661,0,19105,0,63.1926958376711,26.855901868676
51.82456192841,0,19105,0,102.947680139776,34.3893360179029
45.878007838413,0,19105,0,84.9225060007219,28.1066114848049
21.9019389487537,1,19102,1,78.1450392345501,4.55252760133838
35.2408328840124,0,19104,1,94.7503291078769,17.9760898585977
35.5154062814914,0,19104,1,97.8165588146596,17.867323918305
51.5544491186574,1,19107,1,82.4788341629658,34.2630109207075
35.6883048901521,0,19104,1,110.770692741476,18.526043601539
57.6978886462207,1,19102,1,134.427519747452,40.3257868624683
33.9956688739676,0,19104,1,110.719913407319,16.8886124848704
44.6501708085567,0,19105,0,120.078981938792,26.7158300700982
21.8720229276148,0,19104,1,43.345616520878,4.34727658272433
37.1203288991044,0,19104,1,127.403722405495,19.210598981105
30.3960632517191,1,19104,1,111.07170589156,13.0468324758766
25.5245683773363,1,19106,1,94.399329738686,7.75140586988423
41.0516059896054,1,19102,1,105.960940114293,23.9375994912425
22.3328545505233,0,19105,0,85.6732657117178,4.85404994870121
45.9783227542337,1,19104,1,123.479371619907,28.8838135708045
18.4235161981215,1,19107,1,126.29441193162,0.701380177228263
18.6629315610466,0,19104,1,124.362883725516,1.53242744858876
27.8376439837338,0,19104,1,82.0139222484021,10.0043548198482
37.2214345074163,0,19101,0,86.587071670178,19.2862055687138
34.5192104581905,0,19104,1,101.766245005433,17.4252718332386
28.9941058855749,1,19102,1,95.9806610664287,11.0622606580857
41.5943814712099,0,19101,0,100.30840078541,24.2925029395137
36.4277913717994,0,19105,0,62.1639561087279,19.1352227601198
34.0182083196204,1,19102,1,108.621561871749,16.4492274958838
39.7541714730629,1,19106,1,152.155395180513,22.100638574078
37.9686706168859,1,19102,1,76.4163280634362,20.2126517526622
40.6934845925123,0,19105,0,107.448142459744,23.181643052986
23.8423072312413,1,19102,1,111.858466259574,6.41559368007953
19.432448367478,0,19104,1,148.028140373707,2.00621765026049
59.353607476125,0,19104,1,62.4074557609669,41.5655926893414
38.2397842701213,0,19105,0,67.0520193488489,20.8857232384072
45.1988959963834,1,19107,1,134.389743368153,27.4654996694932
35.60811160951,1,19106,1,134.523752764368,18.3947152500421
44.4887823196083,0,19104,1,99.4835562599398,27.4543924591459
37.9357727816032,1,19106,1,116.68003690757,19.9525261270983
24.9915515639085,1,19104,1,102.59594521118,7.17677441222706
38.4625422404663,1,19106,1,83.2562306818312,21.3851926454392
40.5714415801052,1,19106,1,56.9500737297421,22.6610740784385
34.9941510621275,1,19104,1,100.575255729551,17.1288971579916
32.4525134257388,1,19106,1,118.666179394767,14.6034630405598
23.800267158504,0,19104,1,136.46054034167,6.33117502574751
23.1537221038923,1,19106,1,134.50188992171,6.06126271814334
26.5652334472649,0,19104,1,109.25372309067,8.78346195807867
56.9007169768021,1,19102,1,150.601580853872,39.3055542463709
53.9126609039025,0,19105,0,100.104960828277,36.8808876652268
47.5492594625171,0,19103,0,66.6968590972845,30.067004747812
30.7186088973246,1,19102,1,109.299324607952,12.9569557440988
18.2581345410361,0,19103,0,46.3805321931386,1.15039613324172
29.455398843687,1,19106,1,137.257844376652,12.198024557501
39.4297231734465,0,19105,0,95.8316148024484,21.8146424773815
46.6362721451152,1,19104,1,123.993877996716,28.7612123467553
38.517327403223,1,19107,1,123.070119479506,21.0318554921931
46.2171186001904,0,19103,0,95.5991950187857,28.5718826142073
27.9345615435635,0,19105,0,60.3589082162128,10.8120708497485
21.5443135625278,1,19104,1,83.7125173739982,4.35233045574886
39.6084335970124,0,19104,1,98.1627667662732,22.5844796115896
55.0845861025777,0,19104,1,99.3068341226329,37.724612061695
41.48374442966,0,19105,0,98.4825423778707,24.4343329812427
32.8732152549947,0,19104,1,111.826818926701,15.7234622890992
35.215552522759,1,19102,1,109.227438081441,17.453534076647
37.6834945958594,1,19102,1,103.545103957013,20.6280619779622
43.0879946473176,0,19101,0,86.5774756767198,25.2841796270693
23.3106152221312,0,19105,0,60.7026002691724,5.96022192498051
18.1190977306599,0,19104,1,96.6495123868409,0.825128959075517
41.0536304006358,0,19105,0,65.2739586621607,23.8633063653954
30.1563562124605,0,19104,1,79.1139534966768,12.7223899215563
49.3448233592507,0,19103,0,101.791981798507,31.3820222092044
40.0924632232222,0,19101,0,95.1475532052106,22.3024640832613
18.1773653833976,1,19106,1,175.504429294849,0.823105938065588
21.7271791201909,0,19105,0,71.3696252713869,4.29912135576691
37.7688725386259,0,19104,1,120.646985901607,20.6444751816315
40.6997828588997,1,19104,1,138.097754939491,23.2812963580423
54.3859398679004,1,19104,1,88.7094948511366,37.2687599237204
27.3284058435879,0,19101,0,88.2725856782842,10.197736136854
30.3417413824762,1,19106,1,132.055434759282,12.6558105923294
31.0530311746512,0,19104,1,81.9547290448248,13.06766267768
31.3192296197268,1,19104,1,33.1524808782587,14.2718720630838
22.2903444515129,1,19104,1,135.370404712904,4.97406434170507
49.2488149810507,1,19102,1,99.5517942247641,31.9987869722228
48.5093683854611,1,19102,1,118.970662723799,31.2069515318544
29.8442312973786,1,19104,1,72.8017060059045,12.1964183357778
42.3379478416817,1,19106,1,127.326186991877,25.0968138686793
33.6388727684947,0,19101,0,37.7808719052384,16.3195172871904
54.5666845731321,0,19103,0,43.9647913904015,36.5791212503682
42.517757209376,1,19104,1,103.859899125767,24.9307898738278
42.1888038661055,1,19102,1,156.407700973809,24.3699522193711
21.8122698450784,0,19104,1,160.307392345414,3.82307565541444
26.8892484435629,0,19104,1,104.867453161932,9.75813823848071
56.2605595631396,0,19103,0,52.3353495581857,38.7831745732913
44.6554909730151,0,19101,0,90.7983631551568,26.7006538100361
24.1825878416577,1,19107,1,121.211450005833,6.95954275353978
29.1248605312528,1,19102,1,113.901675941723,11.1987219597893
29.7501661229964,1,19104,1,101.779248521205,12.5970098042946
35.7209312605923,1,19102,1,118.787770997484,18.3492009311234
26.5952505807398,0,19104,1,104.611420774155,9.06827332805901
26.8062854512758,0,19104,1,126.031881415749,9.21046703506034
53.6109662133089,1,19107,1,131.988962613195,35.8473346415261
29.5664732785495,1,19102,1,88.3081641977896,11.845265572059
29.0100515884396,0,19104,1,138.400757620697,11.4116863104564
21.1545424297915,1,19106,1,126.727117065028,3.58984906384693
36.2302876611734,0,19104,1,73.2799925049861,18.7395087916898
26.5213754150679,1,19102,1,89.1334455936373,8.91689074403952
29.5471781139933,1,19107,1,123.459091579363,11.9314572321456
33.9850522957186,1,19104,1,120.2632270753,16.7876682623664
27.7278826890389,0,19105,0,77.3416871242286,10.3069356749175
39.0518518295391,1,19106,1,154.572947558294,21.3129195187028
57.1867730577794,0,19105,0,43.0394211539376,40.09859517774
33.5606447271255,1,19102,1,136.561766002675,16.1484174906926
39.0983170676075,1,19106,1,122.868420326167,21.8454887094006
51.3616215618156,0,19103,0,87.9208418882558,33.8906715094406
49.6919951082432,0,19101,0,70.0666368452671,32.6271267859024
35.4083572287625,1,19102,1,90.2197313469388,17.6739735830622
42.0052078305982,0,19105,0,86.7529447790652,24.1356224569264
51.0630556993369,0,19103,0,86.8191121803575,33.5339849126708
23.0571575006436,1,19102,1,129.515725039671,5.4006184870343
51.1690727249662,0,19101,0,105.323363050168,33.8298523513077
21.1946826534323,0,19104,1,62.9589361731416,3.97784367054478
37.423854652148,0,19104,1,104.341793211825,19.8166979931372
45.8931615302203,1,19104,1,148.935359037301,28.1516817755395
31.6160646141936,0,19105,0,100.038249276835,14.4235329032373
38.4488909234569,0,19104,1,102.374383499045,21.0145573417467
39.9168945664678,0,19104,1,104.707855007112,22.6448329991799
37.6256681206421,1,19102,1,69.7730470664397,19.6819599625439
43.2698007046084,1,19107,1,121.627464882297,25.6140087795749
34.1914569822305,1,19104,1,90.0132838985083,16.2933330657591
26.5185838922987,0,19101,0,84.0261662534199,9.30636475553156
26.8776802516194,0,19103,0,54.1935045136155,9.56681009499599
48.3943313406542,0,19104,1,151.451637160245,31.1170674685616
21.7969952122919,1,19104,1,50.0102881173813,4.28225742091016
25.3106907515009,1,19107,1,106.488980321342,7.69122893150567
21.8160721681072,0,19104,1,88.6927595535033,4.53752939407628
27.039593909575,1,19102,1,95.2024265377953,9.61540287983264
29.9039317353582,1,19102,1,126.791891588422,12.5983200935134
25.6445209410859,1,19106,1,123.845820360429,8.60063994595572
30.3866396085854,0,19104,1,116.315705024044,13.3282281137567
43.8635156661367,1,19104,1,154.602402553303,25.9278295069562
47.6421029939903,0,19105,0,107.072920078994,30.3681441140017
30.0382526167803,0,19104,1,104.113646721173,12.0469680340163
27.253938878071,0,19104,1,154.11030330894,9.86087339569297
29.4797408648875,1,19102,1,151.341437633569,12.1655100382041
33.2834869954274,1,19104,1,124.399592757788,15.4377944865734
33.45753377441,0,19103,0,32.8817342167499,15.930705880026
38.6785605735069,0,19104,1,148.667992441313,20.8539292317739
40.1685662941177,1,19106,1,102.749973127053,22.7988361065377
35.806468132865,1,19104,1,98.0470645651413,18.0383563772592
51.5053262958312,1,19106,1,113.419589120793,33.5646606484437
30.9160636704689,0,19104,1,115.021533949519,13.8713617920218
28.4341808102376,1,19104,1,82.0719894798088,10.5085143024384
49.0646228917384,1,19106,1,115.351631556386,31.579522402163
34.0387098168677,1,19102,1,91.9636290222866,16.3401569359659
33.7533488688151,0,19103,0,71.1959968156018,16.6257657867483
28.4235955081981,0,19104,1,129.538603201085,10.8426431660642
33.0463656058556,0,19105,0,108.670527741976,15.2705396017546
23.4425341858918,0,19105,0,99.2367113878159,5.80412459228356
42.3381362249482,1,19106,1,96.0818565046411,25.166832351765
49.1193052937449,0,19101,0,66.9774612061677,31.9007523751058
36.368519693197,1,19102,1,64.7572191548257,19.1207370388352
30.6683071505745,0,19104,1,135.187277948444,13.171301210858
38.0290298562326,1,19106,1,134.863548949647,20.7760828307659
55.8882000312058,1,19106,1,158.570915711079,38.3912089879939
26.9620443467112,1,19104,1,115.680927991792,9.40631175353808
58.742728295273,1,19102,1,98.2628797526867,41.2084485658006
29.4434486263987,1,19107,1,120.314205126741,11.486291771717
27.3816132351134,1,19107,1,141.124022155551,10.1587313040003
27.0895006617087,1,19102,1,104.887721401266,9.28838981362274
36.0089666915932,0,19103,0,71.4681725936009,18.1245674412106
42.6357628646228,0,19105,0,101.319307751298,24.8265416909862
36.5535055944484,0,19104,1,100.939551546343,18.6948721009094
35.3718008674103,1,19106,1,91.205520429489,17.9024954315162
49.5574794528334,0,19101,0,107.341302696039,32.0202318856287
57.2509649203411,1,19102,1,103.431389034047,40.0749263384632
54.3220327780093,0,19101,0,76.1710358925497,37.2686714909016
32.0112150251462,1,19107,1,82.5801288987424,14.2866385472535
45.9277462462187,1,19102,1,83.3027029887199,28.3675373891592
22.6320730128086,0,19105,0,87.9252629578775,5.14625277176901
25.8921685039433,1,19107,1,67.9593751267992,8.37211627279358
34.5832363378037,1,19104,1,89.2849406951488,17.4977690541898
30.4888492882408,1,19106,1,93.1391957355493,13.0022019182022
29.5649721443601,1,19102,1,98.2020736899712,12.0229092576023
43.2632460301758,0,19101,0,113.520437710347,25.3015916695369
46.7036291071779,0,19101,0,111.261554958939,29.1875409481215
24.6570897136467,0,19101,0,73.4251335945232,7.6064246910742
55.7119679265558,0,19105,0,96.0242867530071,38.2709052526294
29.5608623965602,1,19107,1,113.466900834847,12.226141409665
27.8887184636163,1,19104,1,95.1679886842005,10.2726939799225
38.6114571038264,0,19104,1,115.778620478626,21.6103077516521
36.9339938188426,0,19105,0,104.239477681977,19.4119382492721
50.2156003293031,0,19104,1,65.4652169193662,33.1938374406573
42.5924778199519,1,19102,1,110.653850380375,24.7707857294704
43.1591517709771,1,19104,1,92.9941761143467,25.5790637178456
38.7146777715916,0,19104,1,97.4366103566155,21.5482698688665
30.3158806253136,1,19104,1,56.4348294624954,13.2947538793464
42.619757052751,0,19104,1,67.8361408330819,25.0107086962161
26.6842458556137,0,19105,0,66.4266803728186,9.57912437670966
39.4423108523577,1,19107,1,119.888430634196,21.8159671420097
40.8651678301221,0,19104,1,102.864309284314,23.4353227279907
47.298235880016,0,19105,0,101.164122320019,29.7055808920791
34.284517460775,1,19102,1,109.29399892424,17.2399269193805
41.1624112902577,1,19104,1,100.222333222338,23.8595468679345
59.1969422884847,0,19105,0,80.8776472604711,41.7694809926304
37.9991495307508,0,19101,0,48.579599789648,20.6291935980293
18.6886605092837,1,19106,1,130.34423448762,1.21317627034622
52.5141890065462,1,19106,1,103.603216192813,35.5124453185309
25.6211918065329,0,19104,1,97.6408160229164,8.20692239180252
46.4255567945358,0,19105,0,50.1955440883062,28.5241264272765
41.431271304745,1,19104,1,88.6576590776664,24.015300690565
44.6415740149328,1,19104,1,82.8465623565092,27.570297081978
48.5777303910421,0,19101,0,86.7372499921508,31.2068558708837
48.9169489130903,0,19101,0,74.3605942140138,31.5119118813485
44.6908085133397,1,19106,1,117.515351273014,26.7956193018687
54.2172194526772,1,19102,1,160.816118190388,36.8705769796631
32.9685459860187,1,19104,1,80.8097498334408,15.3804459584929
33.5351799943248,0,19105,0,129.317104855781,16.4799775271906
45.7595973601691,0,19101,0,80.3264642039529,27.8142521048557
45.4444892959939,0,19105,0,79.6025693943898,27.6671876401445
31.1590018358509,0,19101,0,23.9665054541448,13.4555358318573
33.9111919787373,0,19104,1,116.879393298409,16.7060287895273
23.0638811330844,0,19104,1,125.612931829889,5.19247595719732
35.1312729507423,1,19102,1,102.589399138204,18.1138801221474
23.8137612251166,0,19105,0,93.6696135800379,6.7111125287201
34.1155833812449,1,19104,1,105.503915327595,16.2611493017543
23.7187254183671,1,19104,1,113.255964009056,5.98167281148273
27.58137341747,1,19106,1,78.2207307845469,10.2903301487205
34.7146648927287,0,19105,0,109.740048662309,16.9784446295511
44.8464536403385,0,19103,0,91.8348898012557,27.2097635315344
38.636548235447,1,19104,1,122.290617678592,21.4270502937891
31.849077241634,0,19104,1,167.362104680741,14.4353015901512
26.5057535570289,0,19104,1,82.0821943332854,8.56271377258816
45.2087331594831,1,19107,1,131.059895733666,27.3767989833306
56.1864544308828,0,19103,0,75.5773189689405,38.327901995237
20.8493214350145,0,19101,0,98.8781839897329,3.07259714188494
49.4951119852052,0,19103,0,52.9897470458799,32.1765457408768
40.4601433677099,1,19106,1,123.685744484078,22.8438044632285
45.615935906816,1,19107,1,107.088435458188,28.1346137628907
38.1765464848838,0,19105,0,85.8865967238774,20.7672784376888
24.7380655658758,0,19101,0,90.6981502459008,6.78091333101972
43.9289569361288,1,19106,1,129.728521511142,26.5212886063535
23.896552933296,0,19101,0,78.380930688207,6.07682723869553
42.8101070976319,1,19104,1,94.049856679722,25.6510782955648
36.4139916231057,0,19104,1,98.6755168189167,19.2890460484328
52.0409502366207,1,19107,1,120.179473070811,34.6793821889557
26.1733490120837,0,19104,1,111.335171989364,8.61151952172937
55.3319927589357,1,19102,1,104.712951115035,38.2167013918836
55.1417716747224,1,19102,1,110.529863477315,37.8552959899958
31.3540518799825,0,19105,0,69.489952065414,13.7041274049813
53.1819382388258,0,19105,0,40.6941563100687,35.4724633860515
35.3851073007634,1,19104,1,83.9984777049226,17.8874675415525
34.301743213611,1,19102,1,118.526938718468,16.7735161695744
25.9010273564248,0,19101,0,90.9829821714096,8.67331933198633
37.0393571547726,1,19106,1,113.698757223085,19.3066146545139
49.1954939297472,0,19104,1,131.604589704238,32.0296222543881
35.6262577137937,0,19105,0,98.1925900920734,17.991986938429
47.5084695706612,0,19105,0,62.6595809239229,29.5893977773378
30.5907518832677,0,19104,1,106.904670332172,13.0414803176385
33.3465132714283,1,19104,1,98.537247683492,15.3998601076693
49.5478580404378,0,19103,0,101.415860036469,32.5024094790059
51.1355714558001,0,19105,0,58.0250294671668,33.6559823299601
33.1139088365635,0,19105,0,122.014519638656,15.838164971854
20.6892129302458,0,19104,1,94.1900616987405,3.52905962788176
42.5092211938117,1,19102,1,97.231918086475,24.8404500411943
51.8382567038921,0,19103,0,96.4228512988348,34.2033340660551
33.6681187515266,1,19106,1,124.84739799947,16.468809286284
21.7408905680648,0,19101,0,30.8519865886071,4.08758633671167
23.6431925853294,0,19104,1,125.698456897414,6.20087923552359
30.7790229138227,0,19103,0,118.382664142946,12.9584305038915
29.2691831501543,1,19104,1,79.0281214061163,11.543355406855
20.3807025495699,0,19104,1,93.9683149912849,2.84591796642786
57.3624378717605,0,19103,0,64.7576230021116,40.1445186776209
57.2910280795342,0,19105,0,23.2418808444455,39.3250877207185
39.0104098878409,0,19103,0,68.866279185917,21.1259689544867
32.7174815142891,1,19102,1,130.862177894112,15.2281420944156
38.8862359298249,0,19101,0,65.9652435963573,21.5696545739514
30.6851786523583,0,19104,1,54.9305211180851,13.1214477100401
55.4608607621781,1,19102,1,103.307935921722,38.1838922976899
36.99237620734,1,19106,1,144.457727270726,19.9501010223417
42.4638042899136,1,19104,1,76.2547434104025,25.3571690365028
36.5075328877145,0,19103,0,64.8204260713306,18.7434390211427
22.8501935148155,1,19106,1,110.918980650894,5.48883316582158
44.2624739477179,0,19104,1,88.8512056949099,26.56678993057
29.6740220474744,1,19106,1,122.079464804811,12.2476197981009
26.9555561244593,1,19102,1,131.476353318663,9.12677223073437
43.4225299437759,1,19104,1,84.6492547858486,25.9619514304442
46.6212576733468,0,19104,1,56.9532748870633,29.5388627914743
33.6435406094796,0,19104,1,120.228305436983,16.203618009892
29.7748834706379,0,19104,1,89.4215093452808,12.7072502553
37.5698935540671,1,19102,1,114.346696679093,20.4088335416558
47.8967952071052,0,19103,0,84.0507814825614,30.2363446594045
38.0825198633039,0,19105,0,178.371637109335,20.9818493486756
31.6863395983858,1,19106,1,99.2271036469561,14.0168922301421
42.6192151223283,1,19104,1,113.859943541294,25.5374308648958
25.117365197491,1,19102,1,129.773576087611,7.70287832662283
37.2626846884988,0,19104,1,71.6052195019266,19.593852254856
36.9274646701689,0,19105,0,100.335659816305,19.3383127966828
36.8983202409217,0,19104,1,98.3827644924863,19.5873252863748
44.6305045938349,1,19102,1,113.576671903736,27.2247220486166
59.5232095136853,1,19106,1,152.877290753844,41.9717480699146
42.1278896987982,0,19104,1,96.399719892402,24.8531046106558
37.2934164129209,1,19107,1,133.358901994505,19.8376895614445
40.1196448606711,0,19104,1,100.668182640895,23.0247384413883
28.1853887038081,0,19103,0,73.4102851355488,10.7049071276336
23.8891600271933,0,19105,0,33.7167435352651,6.65726765075367
46.2589025214327,0,19105,0,97.6490071925953,28.9766189466243
25.0802543314741,1,19106,1,152.97685372735,7.35485739261929
44.3472126815234,1,19102,1,141.027745367598,27.1908048647222
39.620866652331,1,19104,1,98.1692182678527,22.5842398418902
42.7208431384917,0,19103,0,34.8255364614144,24.8108008572291
29.4911027851976,0,19105,0,74.6319880068732,11.8845374017018
24.1502821680575,1,19102,1,111.459441712247,6.46535405329874
45.8767887389205,0,19101,0,77.7301555910304,28.8420064642943
28.4725330036064,0,19105,0,107.031202428375,11.3696338636266
45.7458573091127,0,19105,0,119.459231627809,28.6904942547254
31.4962575114374,0,19105,0,80.2201286796675,13.5198966872454
25.0126514122497,0,19104,1,70.0951636523351,7.83036848643347
30.1443344917675,0,19104,1,132.786067912327,12.4077495624838
39.9341422797372,0,19101,0,88.8601286425265,22.3150889252504
52.4853628997135,0,19105,0,124.077340747892,34.4945232991505
20.7259600637943,1,19106,1,90.8320817100091,3.53420229074509
54.4457506024866,0,19105,0,77.2578987106713,36.5648991518776
36.1770266138841,0,19104,1,91.8805316169573,18.5482392739862
44.6105570852921,1,19106,1,96.5664954490314,26.9601086004802
45.173558943329,0,19105,0,83.3120783733181,27.2969958615784
38.5318840549035,0,19104,1,115.486661388326,21.1738808404362
50.1927060553296,0,19104,1,88.9435323472533,32.7241557411341
39.9962992990365,0,19103,0,73.9935488858531,22.5531967099266
23.4509635242013,1,19107,1,133.040882145808,5.77245183734537
44.8190531850114,0,19104,1,108.70654888308,27.6916375379796
38.7941648331049,1,19106,1,98.8078542394064,21.5438848284117
35.7046759513832,0,19101,0,73.4377629768198,17.877699761062
45.2068784093425,0,19104,1,114.644894659488,27.2878577458612
38.6013701264352,0,19105,0,78.2237276466927,20.7422118724395
34.3262240420195,1,19106,1,110.21255741017,16.9504355696595
56.4496455679906,0,19104,1,116.993975233583,38.4967751985674
35.0913921380488,0,19103,0,86.8193996780626,17.9567958233019
27.72474606188,1,19102,1,77.4926042000023,9.82943280266586
39.9198448663759,0,19105,0,70.0798150337798,22.3518259600918
36.4895057663256,1,19107,1,102.672480200966,18.5855719257546
46.4625209070753,0,19101,0,87.3467751285603,28.9476032360934
28.4805738866862,0,19105,0,53.0221762149515,10.5323212208759
19.9736596022846,1,19104,1,96.578312433718,2.96856245450879
27.6857949963491,0,19105,0,79.7763053257086,10.1927962908707
30.4169393140187,0,19105,0,103.235929524134,13.1766455956099
37.5788167166382,0,19104,1,105.787375825792,19.5818845630482
41.2821625816004,0,19103,0,55.2454748424982,23.5341638324616
35.810274185794,0,19104,1,135.114723799086,18.7564167717421
47.6489763488017,0,19101,0,60.6125574685406,29.9145432277538
47.1442229880789,0,19104,1,76.2175907219431,29.499447314099
41.2476731810124,1,19106,1,90.5240383463711,23.7223200491966
33.0460547944042,1,19102,1,121.15344965987,15.2399189988594
56.8448688517781,1,19102,1,82.8480793922385,39.5715755212111
53.0331768546031,1,19104,1,72.660440031323,35.5167320334596
39.7358377955099,0,19103,0,93.625136596948,22.6066934913108
44.5227811972616,1,19104,1,75.1376608528383,27.4239483804448
36.6442161890772,1,19102,1,80.5997177450767,19.2545816140809
33.2231264103784,0,19103,0,115.231695907108,15.2960585510473
26.8312532014674,1,19106,1,81.2897244963351,9.10368132265232
25.8619656812991,0,19105,0,82.6770849481857,8.09394547120992
45.51445453382,0,19104,1,102.102040523257,27.8835019318005
38.8461465745148,0,19104,1,119.965516678821,21.5209954011169
53.4138022476815,0,19104,1,52.7045404413521,36.1053579481792
34.6171246844757,1,19102,1,94.9964878796659,17.0734916618973
35.0909283618452,0,19104,1,108.005149238075,17.1174428417357
48.8063294707796,1,19102,1,168.475650444016,31.3482989579903
53.7344944376983,0,19101,0,73.7385571125489,36.1622392938025
49.2257518731121,1,19107,1,146.055018931553,31.7056397390615
42.7623958252165,0,19105,0,117.283766993513,24.9284805776346
30.0420308981049,0,19105,0,50.7318656724189,12.8460860552225
34.039533129225,0,19103,0,55.5509490384993,16.9163604677026
34.0412919174031,1,19106,1,106.19337165387,16.4797220229719
25.1560522793861,1,19107,1,178.093570892314,7.76213747715329
43.8511569685452,1,19104,1,87.2452806552029,26.6099465288371
21.7158120067197,1,19104,1,137.7418162841,3.87958973109378
28.9057650553065,1,19107,1,121.736255477135,11.2886488305873
46.1857811407944,1,19104,1,74.8363751904685,28.5122026633298
49.8967599168342,1,19104,1,95.0609589562079,32.4006775587719
35.9578900402317,0,19104,1,65.3833706690667,18.198934013713
39.9469761027491,1,19102,1,121.636582776272,22.0723834348379
47.6842620515229,0,19105,0,101.24092005858,29.8850210374651
37.138590276071,1,19102,1,115.172769506563,19.4662938644803
38.4191852515896,0,19104,1,104.483293283117,20.4738639897068
59.7621795059006,0,19103,0,60.9087144573841,42.4946208043314
58.0308069090254,0,19101,0,93.8877249746792,40.0789771084103
41.5953373932752,0,19105,0,87.3027372710664,24.1034738696653
47.5459348371368,1,19104,1,107.149721901186,29.7321987171308
35.0929590136621,0,19105,0,122.525604601071,17.7912659844261
28.8143930223978,0,19105,0,122.877142912504,10.8792118023357
31.2881305524945,1,19102,1,110.287323831852,13.6834249389223
21.634718291238,0,19104,1,130.173384921832,4.40979344398717
39.2883567919132,1,19104,1,74.6076221578495,21.4643012096283
26.4114340008723,0,19101,0,45.709411010874,9.35397326508747
34.0478534132075,0,19105,0,85.628233995465,16.535975334404
38.8632286818008,1,19106,1,99.1461138394214,21.3558926454986
47.5577291449527,1,19106,1,85.4955469156218,30.1669703648886
46.6117626123153,0,19104,1,119.948306696663,28.8037338808201
29.3374640328799,0,19105,0,64.3103790750434,11.8662952119008
22.1051593250004,1,19106,1,147.550075978835,4.7004387729676
43.0145980004629,0,19104,1,84.6317397626118,25.0421948201431
21.6898712406918,1,19104,1,122.6257410433,4.52949352660737
18.3076919801479,0,19104,1,94.6474316692104,1.16483030514249
46.3707600562274,1,19104,1,112.497418288485,28.726496105818
44.8881833319722,1,19106,1,108.782710610925,27.3268436248584
25.0644706977146,0,19105,0,140.90450667879,7.49476562469139
36.5116759725822,0,19104,1,145.091580326596,18.804596137579
37.1459752727423,0,19105,0,77.2861486693905,19.9826870272991
23.7656760838572,1,19102,1,98.4387653229531,6.66858436900564
29.5926730045061,0,19104,1,131.663462682402,12.2013114100731
50.4005344033491,1,19104,1,76.5646748433011,32.7161400134925
55.4020453545997,1,19106,1,125.488324308002,37.9606804518295
55.7211222936154,1,19104,1,146.602736379474,38.6441668983304
45.3991589984768,1,19107,1,125.26485110146,28.3119906136677
34.259485425952,0,19104,1,143.96937242059,16.4923580149777
34.2525579060936,0,19104,1,84.7917596779478,17.2396529624281
28.3393547015268,1,19104,1,75.7929883745002,11.183866782999
23.9583926983502,0,19101,0,106.225196765948,6.10297744282036
18.5331143549384,1,19104,1,113.71165774797,1.32984374172255
31.0684464930817,0,19104,1,153.001307468951,13.8890524539891
18.2477276072661,1,19102,1,91.3518067412877,0.410266676574032
47.9901588779385,1,19102,1,116.599549845524,30.3508341029729
29.0725527390648,1,19106,1,138.771051462891,11.4262817219176
33.3724391729828,0,19105,0,66.8449644470587,15.9630722379569
37.633640075304,1,19104,1,134.717111561977,20.0914135665786
23.8042319401353,1,19106,1,118.860463670071,5.82764798083341
35.6398697826759,1,19102,1,122.894271070334,18.3333690583919
35.5569137122492,1,19102,1,135.650289680845,18.5378847871452
56.1119765257606,1,19102,1,101.01103702209,39.0428776361657
40.3646447281486,1,19102,1,113.964801349948,23.2715372180233
47.4719723892591,1,19104,1,64.8000452599893,29.9558049651055
46.5114868262336,0,19103,0,60.9746894506843,29.2081566902362
42.2212155871303,0,19101,0,125.01128239874,24.9450215816242
31.3885333395194,0,19105,0,116.407841262487,13.9379539868425
41.4452996965944,0,19101,0,96.4574352801292,23.8565254497322
30.6079026663398,0,19103,0,58.3863265099399,12.9136775511039
18.1471263975299,0,19105,0,72.2471923564093,0.755207381390324
20.9153469365815,0,19104,1,73.9282244065593,3.03670914520311
28.2514077215777,0,19104,1,99.2870937492163,10.7276935330913
26.1072871203993,1,19104,1,118.86782804381,8.94190835985283
47.5890317758042,1,19104,1,85.3565168889192,30.1521593358796
58.0813486236638,0,19105,0,81.0436656452315,40.3094198296802
39.611773354352,0,19103,0,60.0076947609826,22.5219325484955
33.5453358910756,0,19103,0,27.8734527477378,15.8367365888563
47.1378987335686,1,19102,1,129.907019319686,30.1003248828549
24.8662589607332,0,19104,1,103.799254349871,7.53621634054372
41.4848059213614,1,19106,1,130.674503000456,23.8196038401579
49.0160497351479,0,19104,1,115.42766993177,31.214384680048
32.4686823531986,0,19104,1,105.354346155479,15.0437224547379
52.506257129135,1,19104,1,115.749086453267,34.5217976307035
32.3815452778913,0,19104,1,147.617107146662,15.2847055272401
43.6090588443374,0,19101,0,67.2784110004278,26.3474477107563
58.2534617218792,0,19104,1,91.0814463699631,40.6822937110577
32.0466531165437,0,19101,0,81.8148498467325,14.8220067584915
22.5211660423503,0,19104,1,97.8271933199669,5.11971026511866
40.3204899412093,0,19104,1,87.4121626428031,23.0671925833893
49.9045026305415,0,19103,0,84.3569091681863,32.5249619202972
30.1840803424949,1,19104,1,86.2752304412594,13.1761138357344
19.4369123096266,1,19106,1,106.655107876767,2.01912822785463
37.5116258434497,1,19106,1,90.6172131679671,20.1925909338531
27.5330144646298,0,19105,0,56.9243166821402,10.0125034539681
43.0731604638433,0,19105,0,87.787810311904,25.6032951575627
41.0114639347233,0,19104,1,130.28286543532,23.6621389758587
37.8392368534918,0,19104,1,92.7015064022886,19.8402710378508
39.6941816683992,1,19104,1,83.4088538823163,22.1292187821253
23.4042618359798,1,19102,1,84.4649954282605,5.92031968048635
30.9008076982057,1,19104,1,118.49792059484,13.3995879734351
49.0260338617415,1,19102,1,131.481770802354,31.3402602646426
25.1033242567322,0,19105,0,60.5388744784362,7.84850623564525
35.0824472084285,1,19106,1,133.539201207736,17.5973063977079
45.8044374595633,1,19104,1,110.593963897785,28.185696183355
35.6807879759344,0,19101,0,71.1462253312233,18.1183968242603
53.6755928901737,1,19104,1,122.055247294807,36.1922202333124
28.6169220681572,0,19105,0,118.934528537986,10.7267178299175
20.3470455081303,1,19102,1,118.940551858545,3.04936823287122
34.5341201806327,1,19104,1,102.599926840168,16.7554891973155
31.7516010887303,1,19107,1,118.148827469438,14.038005494218
39.4170529236308,1,19104,1,83.3634893949785,21.4498851875997
43.7980316894567,0,19104,1,61.2200673161033,26.6468978546066
39.4803186700438,1,19102,1,139.27854500753,21.5195591122602
36.3205285002828,0,19104,1,107.987892253061,18.525466531783
56.6398563815676,0,19104,1,93.2890027277343,39.3310562972841
27.2907132411413,1,19104,1,50.2584250218096,9.87559841554987
42.5539410254491,1,19102,1,103.879108750255,25.2145681849719
42.9766199251098,0,19104,1,90.9089384771316,25.5419961076623
25.7130083485712,0,19104,1,85.1537831993279,8.61971153968209
42.8107455809739,1,19104,1,138.588272060701,25.0105952438105
34.9544021416412,1,19102,1,91.2864372186912,17.7305568194905
55.9310836414967,1,19107,1,179.573585281068,38.7833632801355
50.1948859247585,0,19103,0,86.305659863132,33.0990751404987
34.5978235429013,0,19104,1,137.873588776804,17.3208011539047
45.4192370166143,1,19106,1,97.9679729070329,27.6090326862482
20.2522397572535,1,19104,1,113.9480331374,2.40713889388242
21.1799379607172,0,19104,1,144.146943293831,4.0162786668142
43.6694643405623,1,19104,1,112.827019964158,25.9547393646914
54.2109875690261,1,19106,1,122.739394023828,36.6517455833567
58.4015091150332,0,19103,0,98.703203111195,40.4685986733794
37.8478060422756,0,19104,1,90.3378594225223,20.4418730803125
31.5765970247591,1,19106,1,101.960424328821,14.1792044121099
39.1568213095881,0,19101,0,72.4788035827833,21.2406040215857
25.6427250430501,0,19101,0,84.3550153922129,8.06632804247089
36.4507090308425,1,19106,1,140.752148598613,19.1299931380153
31.0524365583084,0,19104,1,88.6513428142354,13.8184680468518
37.7203465883499,1,19104,1,85.7035957584373,20.5862031934661
44.0795550821031,1,19104,1,130.499804423593,26.1736304256747
42.986045970532,0,19104,1,93.2058807875055,25.0456363704958
37.2636929470616,0,19105,0,111.976456609496,19.2689609259402
23.6087022509806,1,19104,1,105.102010907425,6.24348157573568
34.9287999580394,0,19105,0,111.908753839217,17.6895268325008
42.4468169193946,1,19104,1,94.2502176466622,25.0824692968976
27.743085943963,0,19104,1,125.424552251529,10.103533226633
39.0389899193061,1,19104,1,84.2143750577868,21.1486411391044
39.2752525204439,0,19104,1,128.52903826596,21.4203960391339
42.4161134726686,0,19105,0,115.546014402836,25.2549224913904
22.4425633203144,0,19104,1,110.26193939135,4.46148491305292
59.015002366777,0,19104,1,92.8188425066222,41.4398702307766
55.3549003479207,0,19101,0,54.4712485619045,37.3554277270237
42.4543930197145,0,19101,0,73.896464822207,25.3886713989089
21.5671512335188,0,19104,1,134.506498527892,4.45047112760356
24.6483247083814,1,19104,1,84.8625686460997,7.28490273973128
58.7987046443042,1,19104,1,104.772396520008,40.9993411531788
38.463302658715,1,19104,1,101.744086843956,20.6749720779086
49.0620944033715,1,19102,1,128.524268692816,31.9330096290785
19.9118864495977,1,19106,1,61.8918026353517,2.81738498101192
53.5648306441046,0,19105,0,127.15545117919,36.2636070929486
36.5627769319639,1,19102,1,118.175426368446,19.5417517881673
30.0680715879735,0,19104,1,119.507531848942,13.0424196981204
45.8084267690977,1,19107,1,149.401714113481,27.8920321980224
42.0365125465292,1,19104,1,82.8463574868932,24.4935589554339
42.3643598885423,0,19103,0,61.9481983579703,24.9392633445709
24.4222438021697,0,19103,0,92.8415981338077,6.52595203538833
24.5970880648787,0,19103,0,79.0092545605023,6.82750785734645
32.751142633029,0,19101,0,51.8722452981993,14.9193782397757
32.5160755259728,0,19101,0,87.9415882744788,15.3186202916129
21.6079907230462,1,19104,1,93.9213176776727,4.11507155205
32.1881154919483,1,19104,1,108.29859596721,15.0581626288567
30.7453310669215,0,19104,1,101.075629837736,12.7767322631834
26.134143163411,0,19104,1,103.811404968019,8.832934836818
37.97690359049,0,19105,0,80.8649830338848,20.4440791677915
21.8390599554504,0,19104,1,90.1425015381909,4.78694625851762
38.8520435198556,1,19107,1,129.265653194162,21.2947402907416
29.0032844401455,0,19104,1,64.8065037500568,11.8335681047781
56.497603167761,1,19104,1,97.2879696181141,39.4610797858144
21.589418392054,0,19101,0,72.5397503984267,3.6093805976056
43.8771257103096,0,19101,0,71.753990865841,25.9036197695557
48.3992638712068,0,19104,1,77.4656305384213,30.9780488243112
56.8998531834256,0,19104,1,87.1698237220477,39.4008590416085
34.3129013516977,0,19105,0,97.7209884161594,16.618595652379
45.1119893954938,0,19103,0,60.3119219152073,27.317115108749
52.7369484780244,1,19102,1,130.193630583315,35.0258068137225
35.1879081127328,1,19102,1,165.168195468348,17.5772456214392
36.4545959086991,0,19103,0,89.0829400373902,18.7620730599756
33.7281678733909,0,19104,1,95.7079211822129,16.3490612276858
33.0400547138971,1,19106,1,129.154978682477,15.2032403776512
48.8934959004514,1,19104,1,89.5269664405246,31.7247735898823
41.2200430753293,0,19101,0,86.2524078225804,24.0979602269946
34.6069421291978,1,19102,1,82.3584074882264,17.293602779384
36.6108297967722,0,19105,0,108.615661967036,19.3234357928296
45.0418291198299,1,19102,1,127.336716199149,27.266336194633
55.5164302443454,1,19102,1,116.599032015038,38.1436761438681
34.4048696072783,1,19106,1,121.25949112883,17.2725698490172
47.5674002068104,1,19106,1,93.2194870922026,30.5018798829974
24.2341102041555,1,19104,1,68.8092145719266,6.42365929775587
24.0821403067259,0,19101,0,50.6046347207574,6.25152710128366
30.5048840442546,1,19106,1,87.0330144815353,13.0270004736599
32.2597653813514,1,19104,1,109.307507288576,15.167297960617
33.2301373034891,1,19102,1,92.130509920427,15.2370464108128
37.2657571101265,1,19106,1,131.14751256617,19.7791036296805
39.7562312291398,1,19104,1,93.8773211256168,22.585423492214
49.498651190207,0,19104,1,123.460282562636,31.5705109581003
37.0098355899084,0,19105,0,73.469890420049,19.7344452380187
52.5241014946605,0,19104,1,123.079589473185,34.7802535452302
41.7844087036694,0,19104,1,124.539609476758,24.4491356604169
35.587131886444,0,19105,0,15.2639768274136,18.5439074774542
44.4587257499708,1,19102,1,121.104130883916,27.2696036109602
33.6787160206796,1,19104,1,116.789171248039,15.866031630917
43.1429708661832,1,19106,1,128.352830726394,25.5293343277969
22.2127258366346,0,19105,0,110.875045635643,4.9035026825405
27.883019328978,1,19106,1,121.905292283783,10.2094279424512
47.7938635226552,1,19102,1,132.083230505765,30.0125148460016
19.3484153289116,0,19105,0,61.8539520883923,2.27235139885462
29.12130289864,1,19106,1,100.342456108963,11.9894361546191
26.64432100294,0,19105,0,27.1447637981698,9.38712486968219
49.9622004328609,1,19102,1,134.201343927746,32.0917571127262
31.2898912115967,1,19107,1,126.481270188366,13.5828988287145
43.3460339850218,0,19101,0,63.9551681666907,26.0268456691348
40.0644895790857,0,19104,1,95.8449707271533,22.2317492626854
38.3137820264545,1,19102,1,91.9156709533621,20.6241828824149
42.2272517864985,0,19105,0,57.5937402239905,24.9640194752646
31.3911344406226,0,19104,1,96.9686041727152,14.313496980307
32.1412483261804,1,19102,1,74.3765714868736,14.7731422219797
27.477496110906,0,19105,0,39.5008990036302,10.1705531602047
33.8346871232786,1,19106,1,104.663467093708,16.7967189997141
42.0952687314609,0,19104,1,126.079792954614,25.0649749697084
28.208147169014,1,19102,1,122.638299407652,10.6393579767715
39.8813956350559,1,19102,1,84.0530322366477,21.8844464533967
38.3562492813998,1,19102,1,84.6911992462711,20.5934616019566
32.6639819294886,1,19106,1,106.807963336402,15.5794291373549
36.9951473076727,1,19104,1,101.630672292136,19.3812654312134
51.3737539186559,0,19101,0,93.0938176626943,33.8015410395756
25.5709928998343,1,19104,1,144.880135919708,7.9100453369404
18.7045237164908,1,19104,1,65.8255547828168,1.25151986246567
51.9592548069617,1,19106,1,103.681818376269,34.9058344183562
49.7536286397887,1,19106,1,143.77879397298,32.6047005609659
41.7894361035485,0,19104,1,103.434722802459,24.2246598943654
25.2077379213324,1,19106,1,115.504265432568,8.07071926474149
24.1666317520154,1,19106,1,98.5329454761421,6.33997852713361
36.3492071502892,0,19104,1,87.3722029689522,18.5525819466033
26.4102071343515,1,19107,1,131.840923595643,9.33956451030113
42.2333786196676,0,19104,1,85.7766760213234,24.7421554930178
36.0590046099856,1,19102,1,132.153023693695,18.4223038098313
53.0224897300318,0,19101,0,73.2813609564691,35.390295269895
29.3765066422991,0,19101,0,79.1239016607427,12.3337173344105
54.7914460163642,1,19102,1,73.9069504260797,37.3171390355177
38.3331206501984,0,19101,0,88.9849099030641,21.0929780244418
34.0063936409359,1,19104,1,53.9984401549018,16.6959189036214
48.9642603507914,0,19104,1,107.659373670324,31.7293881933387
23.2002111843922,0,19105,0,82.0960782706531,5.81167577399354
48.9844512386058,1,19106,1,123.67345513924,31.7137097160608
48.4617580842233,0,19104,1,80.9669249489112,30.5679317709065
28.6437877247866,0,19105,0,92.5020972127836,10.8407987706653
40.8448301002439,0,19104,1,94.0253978007791,23.2088299606051
41.3374683410102,0,19105,0,87.4337657311285,23.9219331278173
25.9291148239412,1,19106,1,144.063173599385,8.34976161552041
40.8746148868923,1,19104,1,68.527101697726,23.7940232078073
50.2012526007038,1,19106,1,146.708504832694,32.2904807003815
28.9675707935013,0,19104,1,63.9497199496608,11.7120071294841
52.1804121518161,1,19104,1,116.49777304817,34.4107542303044
59.6371340233399,1,19106,1,112.98082232259,42.0497835419173
35.0305513697257,0,19105,0,74.117808065021,17.6243862181017
40.8082197010516,1,19107,1,98.3373803826922,23.3517054370603
48.1764225932757,1,19102,1,121.816606963693,30.3959766124363
36.7354745571847,0,19104,1,65.964509549653,19.0117165109022
34.7406089347748,1,19104,1,104.551852411532,17.2788344651887
50.1502038140319,1,19102,1,90.723767757591,32.721256374149
18.1609739682836,1,19104,1,87.2451961235647,1.11470553727944
29.9423352467,1,19106,1,84.2336349688186,12.4564796829235
22.0817324405901,0,19104,1,96.2871824129405,4.4917539112169
35.021963579171,0,19104,1,71.4471039844898,17.4788280248741
32.2759600970693,0,19103,0,86.7317386461546,14.4530232168999
31.6843973201808,0,19101,0,79.1813008793528,14.4642782822825
33.154164617029,0,19105,0,74.4177048041053,15.6074732179614
36.6049181826781,0,19105,0,75.8420525951356,19.097710889149
29.8305104359036,0,19101,0,90.7105617122481,12.1036149543227
22.4369275082618,1,19106,1,124.994364805997,4.84682918589267
50.2609971565557,1,19104,1,94.2538260126445,32.74070095661
38.7123270609454,1,19106,1,169.019010854452,20.9296514689494
22.7545614941771,1,19106,1,120.819519103796,5.64573813353466
36.5643154949166,0,19101,0,127.594152512422,19.2170885024343
38.8991863800602,0,19104,1,53.9011521912685,20.9413437837193
47.1931648446919,1,19102,1,143.691991104557,29.4431259230917
38.8706524466447,1,19106,1,91.6469017904994,21.5670615996982
36.5287146229564,0,19104,1,94.5066202199444,18.5293214678566
52.9153410442382,1,19104,1,56.3371750616497,35.2000660048074
26.7066889631263,1,19102,1,76.0141411235768,9.11688864745007
37.8498818427328,0,19103,0,84.0899010351776,20.2309836081698
20.3691990019503,0,19103,0,88.3611552024255,2.67329366134772
42.9880967460857,0,19105,0,81.5626135906871,25.7362538540554
22.292817523957,0,19103,0,101.958880454371,4.74420117984779
42.0684199430089,1,19104,1,119.311751635244,24.8671165615361
29.3676945346105,0,19105,0,75.4043634293507,11.6790928377467
41.3609292503407,0,19104,1,68.1658611730765,23.4276713599411
20.6514125488557,0,19103,0,67.3405531710484,3.33602839860586
54.2471386997266,0,19104,1,164.917281115753,36.5046685025798
31.2556050620759,0,19105,0,97.2335264506274,13.7084220299283
50.7483962416622,0,19104,1,83.6416885463521,33.6312368417598
44.8296583767612,0,19105,0,98.0681646942789,26.8336848253482
47.6561125474535,0,19105,0,97.481981068358,29.848146644609
35.5488903004266,1,19102,1,108.540459870447,17.676562560588
55.5451268807297,1,19107,1,144.528883624686,38.1404241882043
29.507227520547,1,19102,1,102.218296990516,11.9682501511137
59.8460192716909,1,19106,1,93.7434132906304,42.77577525021
38.5822073736517,0,19104,1,148.96261433182,21.3880480977996
59.0714681777394,0,19104,1,67.4186073941742,41.9779204314331
40.1740059351691,1,19106,1,123.326206028198,22.4259052511447
28.5628900806366,0,19104,1,107.448951892198,11.4676053734908
27.4561349250468,0,19104,1,94.4945357107169,10.120156795401
23.825677137562,0,19103,0,89.0801795197773,5.86772306540133
46.3718322665374,0,19101,0,50.2775241347052,29.1479013833161
27.5993211361652,1,19104,1,101.431996117245,10.2399597181079
30.6602267895902,1,19106,1,120.132031394445,13.6225879116061
21.9200797740151,0,19104,1,113.226424971441,4.03487667373988
26.254235324734,0,19103,0,62.5983597767075,8.53090635319715
36.7836582144816,1,19102,1,110.630408887122,19.4276153874677
59.1714126810098,0,19104,1,105.679271191704,41.5313508024106
41.4532480204227,1,19104,1,106.448273292753,23.5312900256115
40.8700412302086,1,19102,1,118.397205966148,23.4594651034376
24.7096537118622,0,19104,1,111.325280201043,7.19361418484082
33.6088905389208,0,19104,1,117.129400519177,15.842905829779
44.4495024515164,0,19103,0,53.7092609469387,27.315827606417
30.1604392338583,0,19104,1,114.841318258597,12.1804227708878
23.8042449824315,0,19104,1,127.114801465153,6.59251232014858
49.8663175798878,1,19104,1,76.9638821052956,32.6555091104395
32.746837386775,0,19101,0,42.9687042602043,15.0762860515688
44.1932136427908,0,19104,1,89.3844212444973,26.3751082669309
29.1982973724433,0,19101,0,89.5447979678074,11.338700916275
33.5075737339773,1,19102,1,72.1844026568664,16.4357528366943
27.0113242395297,0,19105,0,81.2406600966381,9.74363107500417
31.445819453819,0,19104,1,81.1098910961265,13.960188752523
42.8845760809423,1,19106,1,139.283849544454,25.657503495801
31.0691110760344,1,19104,1,88.9059298025278,13.7605560881456
47.9281534014253,0,19104,1,105.91975920855,30.4034207097238
44.2404230884849,1,19106,1,148.112297941435,27.0336477996888
50.2425257728762,1,19102,1,101.47426230118,33.1886900707475
44.7341993216114,0,19105,0,53.9640172224262,26.9173283276768
47.2895210356523,0,19103,0,53.1266697622933,30.1671008583229
35.6533740158873,1,19106,1,83.6481188299132,18.6270821255846
24.5666120190802,0,19105,0,34.881818469471,6.8328166763461
36.0493320776285,0,19104,1,117.096666607218,18.8840068441485
43.1390369740627,1,19104,1,118.876509576759,25.2199677442047
20.0936725823296,1,19107,1,144.091470457631,2.8974717761477
18.7230125773048,1,19102,1,66.5696475188613,0.788411514861704
35.2992184162781,1,19102,1,131.613880763497,17.3733907107439
18.9950096432001,0,19104,1,66.5679168522293,1.91228514764198
48.3652907071913,0,19104,1,116.438104844814,30.5088212548102
24.7867867052405,1,19106,1,158.359550291223,7.17347637096785
44.8511811175993,1,19102,1,87.9404817953444,27.1460344942896
32.3577996069419,0,19104,1,91.0549640683958,14.4954031820728
37.8522482927063,0,19104,1,107.383504769899,20.553320800477
47.3625396294948,1,19106,1,86.3253919336649,29.3998682608791
25.5278367982347,0,19104,1,101.448933854216,8.05366073293688
42.2683815332141,1,19104,1,104.690899265768,24.9436682665266
37.9346238291767,1,19104,1,93.2877670207001,20.2956411760245
41.5161958348417,0,19104,1,32.6740405787804,24.1558867129443
44.8772962749891,1,19106,1,116.094644227872,27.8106295815625
23.8867064932664,0,19103,0,47.1306148040038,6.24347805947294
41.729111644997,0,19104,1,133.169849574927,24.2800506279792
52.8170164509808,0,19103,0,60.0864297891559,35.3520377104302
56.8899631513114,1,19107,1,90.6914450088112,39.068913715083
51.1793923555219,0,19104,1,96.3442172007305,33.2574385064931
26.1616623846506,0,19104,1,90.1631590230114,8.48791932642172
45.0516627636394,0,19104,1,131.808518515855,27.4848026517434
46.26960643883,1,19104,1,88.4585424509591,28.8679806931331
29.1581519430854,0,19104,1,87.4964574658526,11.7260052371655
35.6650259828641,0,19101,0,76.1294261063595,18.0215082691032
44.1745819212193,1,19102,1,123.796254439597,26.5643909361934
26.8277495415745,0,19101,0,80.9404686222063,8.90523565731508
39.5901797779449,1,19104,1,84.2826821652533,22.3732704639048
34.3840400277173,0,19105,0,73.6781541915205,16.7499619800133
41.2168977658412,0,19104,1,120.089886546873,23.2688475176374
40.8384090934787,0,19103,0,92.4346652977747,22.857655031411
34.3963677277106,0,19101,0,50.5051794423625,16.7018657831258
30.441490452782,1,19104,1,100.170194382509,12.9780583275005
29.2222651254129,1,19102,1,107.4688286594,12.0579558100295
29.5315098010295,1,19106,1,74.1536656555584,11.9512521587138
29.4439364361978,1,19102,1,83.8005654401747,12.3151503028284
37.062225765711,1,19107,1,130.135069229085,19.5093172687798
26.9948014100412,1,19104,1,115.305687911738,9.59584459176792
24.7026068732004,1,19102,1,131.268116026659,7.29180077634296
57.4491031337588,1,19102,1,100.853174319227,39.5013535402308
43.7331808335663,1,19102,1,108.537963275922,25.7470829678283
54.5427106785984,0,19105,0,70.1630807157628,37.5199038716429
21.8748374578607,1,19106,1,82.959450863571,3.9012963648018
59.7157115927683,0,19105,0,99.8437119543937,41.8870616078628
21.3068224361784,1,19106,1,83.1479360267469,3.83272382571948
53.431676860599,0,19104,1,62.2790141625775,35.8087888918148
55.8126277677112,0,19105,0,101.553786580658,37.9212031253011
31.0128239480746,0,19105,0,95.9497111857341,13.0734122257181
35.0705839955424,0,19105,0,80.5272142120787,17.8432902301372
54.3432166729685,1,19102,1,100.792414185624,36.8465921284728
57.1825406995929,1,19104,1,111.848770254242,39.6359478377133
48.797400231443,1,19104,1,102.357767049219,31.7103657421821
43.6399864134099,0,19105,0,92.2674848475762,25.6905506619904
41.0571363307603,0,19104,1,117.005470649347,23.4546253872171
24.9177875341872,0,19105,0,58.0947711731087,7.16024669888674
47.3995232157678,0,19105,0,96.8613224598971,29.7763923925151
46.0714975140615,1,19102,1,119.548702556014,28.1071241045463
18.814165132339,1,19102,1,116.016599332767,1.71017378101579
46.1633361320153,0,19103,0,80.0333209787465,28.8559975317355
50.3122766346248,0,19104,1,80.1196880273423,32.571610710588
39.5126302176527,1,19104,1,93.0843704067523,21.7762607023492
37.7140870185418,1,19106,1,124.008672956049,20.0150188114809
47.9833781320617,1,19106,1,97.3756326250948,30.8687925058898
39.2288872080786,0,19104,1,150.685190660072,22.0718224209665
32.7471931705141,1,19106,1,112.777777235806,15.3438683450578
34.2720179837585,0,19104,1,104.220704246926,17.0445048532371
42.0353395193914,1,19102,1,112.254576267173,24.4083652829384
25.3065089438456,1,19102,1,110.261466609663,7.35178680153294
42.8579425452864,1,19104,1,114.406222023773,25.7673136177129
41.0702159112226,0,19105,0,103.953642679554,23.1310678767878
46.6240900339362,0,19101,0,94.9516286699029,28.6270260865604
56.0450301893876,0,19104,1,90.6731836101224,38.6534782566019
32.4813754490481,0,19105,0,93.1131000453802,15.2422350427972
42.1239347214404,1,19104,1,156.453317851293,24.6976748000424
45.4363463319446,0,19101,0,80.8238812499353,27.5237001032642
19.0773686824539,0,19104,1,71.488637458519,1.40320744641916
42.387518280229,1,19106,1,132.310922107857,25.3585926739466
49.718887262871,1,19104,1,102.532555598369,32.4306713893409
28.5597758119987,0,19101,0,42.8571768382788,11.1704006510848
38.2233434561426,1,19102,1,127.859554048616,21.0948941721367
36.7043503344841,0,19105,0,75.5229935337027,19.3860985395815
28.9929910443362,0,19104,1,132.117371804622,11.209801468217
26.2690818503155,0,19104,1,130.523811032904,8.90810788493892
40.5213534575988,1,19102,1,90.8945591479529,23.2172258691963
43.0179806259833,1,19104,1,106.89287616617,25.9148852353823
57.6074619975343,1,19106,1,167.346850543675,39.7724533225346
54.8427834916643,1,19102,1,84.0440130647819,36.945485648072
22.2791277334475,0,19104,1,103.526355270737,4.33011281503448
41.5850957479006,0,19101,0,60.3126749749192,24.570396461585
48.1831907952042,0,19105,0,104.686040083126,30.7047632679646
26.4886204434717,1,19102,1,137.880534271908,9.30184129249955
32.0115054298485,1,19106,1,140.408622163865,14.618039486214
37.7322581767746,0,19104,1,65.672481351979,20.4438265486331
44.4261558386517,1,19102,1,100.162135432273,27.3110893517752
40.0672530828042,0,19104,1,127.907319532481,22.6462862536309
26.9453300231965,0,19105,0,115.149314475949,9.85907763884305
35.6305657974333,0,19104,1,84.9871624699956,18.4180425405391
58.0336616863801,0,19103,0,53.7483589787636,40.8548119210477
43.920780935956,0,19104,1,114.414160546262,25.9698428625034
25.3914540175406,1,19106,1,122.927827828765,8.07529168418254
49.2153951636939,1,19102,1,124.467304291096,31.3213634245986
38.1415145987553,1,19104,1,128.339914696028,21.054906007033
39.4228961824437,1,19107,1,90.4399875566947,22.2395855933891
21.7735691304521,0,19104,1,91.1592948809606,4.08324303885154
51.6596440184277,1,19102,1,114.520954000907,34.081278284115
49.372996708588,1,19102,1,137.157289161727,31.5602884550814
56.232542952258,1,19102,1,110.979020774299,38.3496606649979
18.9586382338158,1,19102,1,123.499603109877,1.84865391020061
25.5579668128522,0,19105,0,40.6941338514759,7.71971637929171
29.7770279320163,1,19102,1,95.5531866652842,12.0647185861805
41.2820342938218,0,19104,1,137.896272246177,23.4946412917495
37.8850579862528,0,19104,1,114.53873904445,20.8031328904953
27.1654938463678,1,19106,1,109.092699300041,9.91763745267853
57.6054138685293,0,19105,0,174.807142913372,39.930798672577
36.3991894492008,1,19102,1,101.826594108011,18.8475404161088
48.3036525756666,1,19104,1,104.523380919294,30.9511923442674
43.5306456544728,1,19104,1,75.9302479551953,25.6842997827859
29.7257332968945,1,19104,1,111.342561179418,12.1396358860144
47.2763426248494,0,19105,0,83.9026701515267,29.6525153725452
56.5625104003478,1,19104,1,54.2268682126604,39.1521423242878
55.7612389987228,1,19104,1,104.454473461363,38.1497924574544
54.5127387936874,0,19104,1,95.3176163201031,36.6190558600421
27.3670858896787,1,19102,1,124.624220707495,9.66633563535125
25.8224785846094,1,19106,1,62.4680624308484,8.06101990131609
41.2310229201571,0,19105,0,95.83944000646,23.3129942451373
25.4869777476425,0,19104,1,113.403710326061,8.41937285172852
35.870619968921,0,19104,1,95.8491249450973,18.173394665299
36.0526997178936,1,19104,1,73.9294955913032,18.2104624674798
38.2975532060694,0,19101,0,86.8146435079294,20.5455383707043
25.6170696045927,1,19102,1,90.8185394899331,8.19636859676827
44.1824430364663,0,19101,0,83.9811150850271,26.3841613384443
47.4258987444865,1,19102,1,139.599588810426,30.0705934700037
36.723944918497,1,19102,1,113.781268417089,19.4139454637305
30.710388810459,0,19101,0,85.0228123070351,12.9335130116357
51.7735830964668,0,19101,0,69.6238081523304,34.2616187099049
18.5929362147684,0,19101,0,80.4622910709592,0.937206702084332
20.8852486254914,1,19104,1,113.217513619116,3.52956960683561
30.9489924620624,0,19105,0,115.147986621524,13.3501346448223
32.5138760071054,0,19101,0,93.1228919663092,15.2600259105016
51.8136985952717,0,19104,1,71.1127143444573,34.6590256722395
30.8402554290731,0,19104,1,133.452389860186,12.8971829866421
47.2558738074566,0,19105,0,114.995704467804,29.6399170544299
24.776610444986,1,19102,1,98.3424009916001,7.12936495545944
22.8742562072282,0,19105,0,91.3519210935968,5.62219854313186
38.7462361059692,1,19104,1,71.9257156384163,21.0445260988157
54.4397378665785,1,19106,1,147.507519827035,37.4304170517175
45.2164201555147,1,19102,1,111.088261895948,27.5292643539446
57.3418554258542,1,19104,1,102.084093518904,40.0109121771538
29.5844730554075,0,19104,1,136.234057590208,12.5284547231552
57.8823353096063,1,19104,1,134.996740432254,40.1809337157442
18.4783030694605,1,19102,1,100.058317626268,1.01772617825992
30.9914057309794,0,19104,1,40.6963275209831,13.3782742094769
46.83846596281,1,19104,1,108.866172801417,29.0268193001575
36.8535502422958,0,19104,1,115.879577360388,18.8841127073749
51.9766895421239,0,19105,0,61.3032159016387,34.084550277043
38.0738032131168,0,19104,1,118.878685632148,20.3868121303796
35.6572764252519,0,19104,1,123.854770993579,17.738221417621
30.2186536064688,1,19104,1,69.6803327416589,12.3175573022887
27.0738160210742,0,19104,1,97.7837232450881,9.26000648956619
55.4679774786208,1,19102,1,115.505270091175,37.9125601909917
39.3478073878099,0,19104,1,99.4113006521408,22.1820113619209
50.9824134071325,1,19104,1,134.612652832396,33.2265650713318
21.2709724313592,0,19105,0,113.495198239864,3.57013122639746
38.7868172018295,1,19102,1,97.6559263481416,21.1778569903196
22.2899486771151,0,19104,1,85.406335472601,5.21797841664585
41.5147946801721,0,19104,1,106.952881518514,23.8419909178033
20.084736867129,1,19104,1,97.1831786880894,2.30537279557547
29.4488225137484,0,19103,0,63.2725939500813,12.3555516051729
35.719705957455,0,19105,0,88.6885893527673,18.4912715291151
52.7473210186069,1,19106,1,98.9970150250426,34.8515926621692
46.960850996415,0,19104,1,91.3946825675741,29.3752971123744
39.3681215448831,1,19102,1,103.39998397549,21.6772742798146
51.2306078448599,0,19103,0,85.642070385977,33.5689416846434
51.5941128121773,1,19102,1,113.441167362038,33.7262339329897
32.9223318720879,1,19102,1,75.3823930085762,15.3142360564498
23.2275817924053,1,19107,1,112.067841307718,6.12503101735979
40.1830417830335,0,19105,0,116.707520858056,22.7196253801068
41.7363404746233,0,19104,1,130.657621166257,24.1870913918196
46.1038739043197,1,19104,1,104.651457902318,29.0645948746151
36.1531494424488,0,19105,0,69.8172469956903,18.4440185368802
46.7957593499011,0,19105,0,64.4274898871626,29.2689851008615
36.06412831919,0,19101,0,31.6379853212185,18.7771202359974
53.1867739566319,0,19105,0,60.3442295834681,36.1778630063586
30.9716065321723,0,19101,0,92.7523691550452,13.4742943992046
39.1510480972219,1,19106,1,120.812982025855,21.3364103018984
52.6177555426262,1,19106,1,129.763923767791,35.3796000563312
22.6174722549353,1,19106,1,119.318401469204,5.27905036628581
49.861118208139,0,19104,1,143.322652680398,32.4326662139378
40.3187747999184,0,19101,0,105.585724362853,22.4417594208938
32.0964467759444,0,19101,0,62.2954358054938,15.0513348475764
52.1077671920242,0,19104,1,119.194140994558,35.0706208740188
41.5255722516765,0,19101,0,86.6048674640578,23.9293161594857
28.5787368936908,1,19104,1,69.5480847462234,11.197958656212
35.0193872069199,0,19104,1,124.59040816315,17.3798863828838
42.3723470831573,0,19105,0,106.821929398523,25.0910654354192
40.3878729532069,1,19106,1,164.827782186346,23.011151687714
35.2758557228347,1,19106,1,52.3521728799854,17.3525846328096
31.0497201575732,0,19104,1,114.436900563106,13.8331168435348
45.4548859448285,0,19104,1,104.531831694923,27.8522628923991
32.0780794888332,0,19104,1,112.197926307767,14.3201411333929
26.5004794660679,1,19102,1,110.695562752432,8.52521064087779
43.5129808086872,1,19102,1,104.287151797542,25.5279254696302
43.3000041956717,1,19107,1,130.837651016853,26.0553005044518
46.0780964811276,0,19105,0,79.8107586854106,28.6495955552384
30.9332225395702,1,19104,1,92.6755330774563,13.2473261324559
27.625341041591,1,19106,1,142.042334980221,9.91865257254804
52.7010785218984,1,19106,1,134.779624058624,35.4870062713701
27.8369129752957,1,19102,1,87.5969100115095,10.2553550516006
39.913802745265,1,19104,1,99.9438100577778,22.1899152025366
24.0942475432849,1,19106,1,120.657856068547,6.54175528840559
38.2653448197606,0,19104,1,85.4380518911474,20.7805166009429
46.641274421913,0,19104,1,119.136845161535,29.4676322689926
30.3829883976723,1,19106,1,118.036908007949,12.9023655298515
21.7087358092094,0,19105,0,69.9755837610413,4.26776665077978
35.4030937714824,1,19106,1,106.858717981499,17.7002107961425
26.1397381802827,1,19106,1,113.742041407881,8.29487213709319
37.2622875952725,0,19101,0,49.4949557643186,19.9168286921554
37.3434797696902,0,19104,1,88.5049068778133,20.213082718583
24.7729401319306,1,19104,1,109.242396823993,7.55496044582872
44.4430332833973,1,19106,1,153.912026263076,26.8430431122498
43.069868689394,0,19104,1,105.017872177943,25.3651454083066
28.0189214495956,1,19104,1,94.3723569613435,10.4186575457467
50.6886649992421,0,19105,0,82.5124721214673,33.1239764992251
40.081511564326,1,19107,1,99.3898905807999,22.2413000415606
38.5801410642919,0,19104,1,57.9945675072823,20.657490289351
36.058451602155,1,19102,1,104.07101495804,18.6747700736519
30.5743818443848,1,19104,1,104.724496437369,12.6463098661156
33.6135975266485,1,19106,1,115.992233367065,16.0110180156449
36.6062437453568,0,19104,1,94.4863474384167,19.1547641515992
26.5563651893394,0,19105,0,98.8662065529601,9.15773387692068
25.1185552945101,0,19105,0,78.6747654049641,7.58036577345072
28.1167850786548,0,19101,0,88.2365773987373,10.917694943371
52.7942559165378,0,19103,0,84.5903288563366,35.7183748363015
27.7194768458094,0,19105,0,73.267781751426,10.5639998479701
28.9404229778296,0,19101,0,105.892865187421,11.6749322223908
40.3625451772875,0,19104,1,100.411415911034,23.2876328189792
27.5016352938075,1,19104,1,85.7937818132518,9.9368798798934
43.5620426779484,1,19106,1,75.3270769915895,26.3988044126296
24.9385420672714,1,19102,1,126.607208171362,7.32973623318848
39.5957577581679,0,19104,1,91.3590522322272,21.8490994150447
38.0487033491743,0,19104,1,143.867820248657,20.3887084873648
28.5754111072695,1,19104,1,93.5145236259578,11.1065208712774
29.1641154932723,1,19106,1,79.7684429724265,11.3495536819965
25.8974222879647,1,19104,1,74.8647150315974,8.35202944500137
43.7515517369778,1,19102,1,95.1667596398249,25.8130977578861
36.603919773506,0,19101,0,70.150224354332,18.9829971822016
45.3220953055632,1,19107,1,131.454684755088,27.5996903724943
23.896283585414,1,19107,1,82.3439996093486,5.99732846447609
39.2067204624743,0,19104,1,96.3109522250235,21.8192620255847
28.896337691395,0,19104,1,96.7000184227444,10.94115659681
47.9387214911925,0,19105,0,72.8798326932766,30.2321793098758
23.3634116516737,0,19105,0,111.683534761221,6.08966767273933
53.6162475977115,1,19102,1,158.223071254171,36.4127573607046
48.3341925684255,1,19102,1,124.749881796582,30.6979001532201
44.7541970261065,0,19104,1,66.8995716690574,27.6329741540523
42.1269182292631,0,19104,1,131.083016686833,24.2418035387414
52.0460319179599,0,19104,1,144.129409339297,34.2319738732674
35.5572179190007,1,19107,1,108.151276473047,17.8136890441768
29.3593844437703,1,19104,1,104.707292310488,12.2661873604368
42.6238404647295,0,19101,0,53.0533447810064,24.7482377809786
29.3731832554891,0,19105,0,107.179942686695,11.7986251941744
40.8078877288837,0,19104,1,151.570313569408,23.3269924231328
18.6527965388179,1,19106,1,126.829584954892,1.03826052862335
22.2174071009587,1,19102,1,111.420876525492,4.82336308377229
48.629996120211,1,19106,1,151.363810403444,31.3060407349637
26.3900459479383,1,19106,1,145.369879919599,9.0794931529863
36.0968005983735,1,19104,1,106.735814485989,18.3835251196863
33.2103430855217,0,19104,1,97.915923070778,15.6262748332823
28.0246450842417,1,19102,1,133.069171765806,10.6340044030979
47.4148741969846,0,19104,1,122.787901339357,30.2588864315774
27.1287796468353,1,19104,1,59.6327713412978,9.7095835724725
51.5364976800029,0,19104,1,105.387883229472,34.1845752033387
53.0531740014702,0,19103,0,64.792848100216,35.9865460720173
42.9789523882328,0,19105,0,85.869111767267,25.3913719765379
19.6859680890069,1,19102,1,96.475976093704,2.31431516967347
39.0179901446035,1,19102,1,105.678594901728,21.1338498868799
30.0036261822472,1,19106,1,122.511435342344,12.3772110725197
25.6356039636493,0,19104,1,109.167228201171,8.18704798912673
27.6344978299347,0,19105,0,91.1609672334494,10.2731848929432
24.3223799052143,1,19106,1,92.9793846967821,7.12561892550042
30.6490784032541,0,19104,1,90.0409117203308,12.862005269508
18.1794909576831,1,19102,1,101.634765169696,0.263353886123923
39.9644772906746,1,19107,1,115.638468587023,22.835623476231
50.4588246093909,0,19105,0,47.1183513954815,32.9856233205493
45.935612858156,0,19104,1,98.0250147530681,28.5137767164262
18.9990984064819,1,19107,1,132.682918947608,1.76487673570529
34.9437089376986,0,19101,0,109.780467551105,17.2281110925503
35.8095537683822,1,19104,1,87.7399009915445,18.1794377399038
37.2398891011531,1,19102,1,47.6874122857198,19.3898916102759
52.602371126201,0,19101,0,60.7626252811514,35.5457538883407
43.4551853619027,1,19102,1,144.343361660607,25.9362752733263
41.0225133071458,1,19104,1,72.1612997779378,23.5675945940697
40.3151384728775,0,19101,0,99.5948315256534,22.4048102495075
37.5711366430593,1,19102,1,99.9010615173482,20.5589535635632
53.5745509877297,0,19105,0,93.7690885263029,36.4352400366178
32.8856310340065,1,19102,1,95.7057981943362,14.963712127735
32.8410482890776,0,19104,1,45.6123821610155,15.2793531187217
25.3184238770045,1,19106,1,130.929513801091,7.44854671508072
37.1044561464815,0,19105,0,106.63913090885,19.9037890406336
22.2572990138473,1,19106,1,160.835862537486,4.75913969887591
38.4619733503645,1,19106,1,115.518449167399,21.1745613348761
34.4077799170143,1,19102,1,97.275191155456,17.2296010070811
22.9179612418267,0,19104,1,87.8885260697941,5.50270688013206
48.9838301440267,1,19102,1,128.724601483889,31.9499642079262
26.389907357799,1,19107,1,137.072253443888,8.88357871356805
40.5184404276704,0,19104,1,66.5957293269718,22.6396356187222
36.6938296078185,0,19104,1,70.4539232320516,19.4360603121055
42.3799576500637,0,19104,1,93.8351196746548,25.143253747115
46.2549400844682,1,19107,1,113.140275768794,28.4924361678376
45.4072681011997,0,19101,0,70.1316944213893,27.9723913099981
47.985718003571,1,19107,1,97.224681379939,30.5467583749946
50.4316437164116,1,19104,1,95.821864900288,33.1658133092596
40.0369116616114,0,19105,0,76.6716835983066,22.4886852329276
39.2114803505885,1,19102,1,99.4813139879501,21.5655287805768
29.058774105983,0,19105,0,75.3744507948198,11.1760633136259
26.2373885852608,1,19104,1,99.2375623769834,8.41756087288699
31.9709272880885,0,19104,1,70.3039499027641,14.3220604404654
31.1729294363111,1,19104,1,90.182360113419,14.1352101113815
27.8995106331302,0,19104,1,125.481006710098,10.7342188713836
55.0088355364245,1,19102,1,133.820208683044,37.1406388266445
48.1311687093293,1,19102,1,112.330391818975,30.3729243466695
54.1686129221065,1,19102,1,146.770167523409,36.3160251614476
43.7388503597479,0,19101,0,86.481662541473,26.3235640890792
45.1829021664019,0,19104,1,87.4709964256231,27.5844441931843
19.949909432996,0,19104,1,69.1155678940562,2.59670428905628
45.1024004687624,1,19102,1,133.61700372371,27.2143742948374
33.928580234705,0,19104,1,122.358407032581,16.3400036373106
30.2916667675192,1,19104,1,87.4278809261065,12.3553396144009
32.2645213526241,0,19104,1,104.364972567599,14.8140458568498
40.6959555714399,0,19104,1,95.39474784059,23.552754353686
48.7407747731132,1,19104,1,121.475928115996,30.8401432778275
40.828422572486,0,19104,1,86.3201625934862,22.8759161581042
56.9768312081062,0,19104,1,82.3291745715569,38.9994503607806
51.4034943079678,0,19103,0,62.5674940497988,34.0682899679159
41.3969443078631,1,19102,1,112.492931009606,23.8575123442815
20.5654321850043,1,19104,1,49.1556895592079,2.59573677291612
31.8040548374605,0,19105,0,55.0234543946323,14.6411437003602
36.7215363461263,0,19103,0,33.168261958472,18.970121781921
47.9645487445824,0,19101,0,127.733058267457,30.1369225132231
36.8438495892319,0,19104,1,62.579365780448,19.127151812309
51.2259536040958,1,19104,1,142.500806950145,33.6338925200992
22.7095394689759,0,19105,0,84.8930307806703,4.99940799909471
41.0783965406434,0,19103,0,102.734453567757,23.8307708809578
34.9378575901904,0,19104,1,114.130465418275,17.2040232634575
26.4747152512045,1,19102,1,95.0078599188809,8.9549241724507
49.5993011519451,0,19104,1,98.7830651584403,32.5555201510571
20.0105253942689,0,19104,1,96.4896863300987,2.95671030882805
34.2272927122132,0,19104,1,73.3042753989139,16.3535963274946
56.8404049963966,0,19104,1,107.163227254698,39.4437957997244
49.1263943298621,0,19101,0,35.0521904877437,31.7472138514643
37.3337858977013,0,19104,1,72.294508077118,19.3776429760021
23.0211325499468,0,19104,1,75.3282241288663,5.6491430543602
39.5040829371415,0,19104,1,99.8091239189478,22.4501868345528
45.7471005812148,1,19107,1,145.61842046779,28.4197827475471
32.4738633349475,1,19106,1,114.868375023338,14.8282055240993
33.8821886034244,0,19101,0,129.280617122861,16.7918669191682
36.3979765292486,1,19102,1,100.157133920139,19.0022343843473
34.101620394665,0,19105,0,70.1055825264839,16.1466360838834
35.7139047277135,0,19104,1,84.9922582925554,18.7013176698213
58.6131642192272,0,19101,0,49.0591499616097,40.8588849405428
46.9512063963352,0,19105,0,78.4261864551987,29.851941329894
40.599101918588,0,19103,0,122.205782962582,23.5544017093038
59.3670596797432,1,19107,1,148.560843580926,41.6462045524216
43.0441825397476,1,19102,1,54.4719706426741,25.5054656020995
32.3135793779313,0,19101,0,34.9447221698815,14.6381219180568
34.9920987880052,0,19104,1,122.802779855067,17.6851560452216
21.9292370958071,0,19104,1,94.4811677435473,4.54597135137799
48.1320996206654,1,19102,1,98.3614491430328,30.6521848190045
41.6740268660994,0,19105,0,100.427018826209,24.3006183943996
48.2357317673062,0,19104,1,86.9323598455972,30.6556048414689
32.775351241702,0,19104,1,104.645899913145,15.7125255849732
51.2932470197901,0,19101,0,142.296631227494,33.9319934711437
19.6641796866952,0,19103,0,45.1989250092172,2.41293554916588
24.4199273094826,1,19104,1,84.1229777951091,6.56281658050722
32.0899043010711,0,19101,0,40.8665063348361,14.2836538946419
31.3220637448917,1,19106,1,137.035595951718,13.6953618592902
43.2019558141366,1,19104,1,98.4435332655756,26.0763473273147
41.6601227217651,1,19104,1,97.7136566504192,24.0109561526513
34.5052978725751,1,19107,1,124.203204826467,17.1554123890699
30.5579986755797,0,19104,1,128.6424955064,13.5525775905294
40.4982356616586,1,19102,1,94.8757241540227,23.3008102300867
20.3406692526785,0,19101,0,93.0787043172077,2.62100280611937
33.2052169101063,1,19104,1,92.558171459052,15.4833401046909
21.5862601980346,0,19101,0,80.1562863284723,3.71270085137921
20.5914249563449,1,19106,1,122.091935352781,3.25062530267504
55.0260498888307,1,19104,1,95.9198624347317,37.2421212432888
46.380457776075,1,19104,1,103.383835479583,28.8782896873893
27.4523260467039,1,19104,1,106.42232418593,9.54520305821725
46.9334825363483,0,19105,0,106.475109910704,29.3467204722117
58.0146558992891,0,19104,1,84.8669600345327,40.4810615233472
24.4660578733952,0,19104,1,95.3647023668912,7.44735612982782
43.1454410891307,1,19104,1,92.0064753110052,25.5094152382368
44.652516360977,0,19104,1,85.3164386523974,26.80517397041
22.3563864588357,0,19105,0,67.6832869550323,4.91139717666356
58.0368725522376,1,19104,1,101.148083264447,40.2670251044865
26.8222762038223,1,19104,1,102.303776997428,9.01239453365463
39.5590928266742,1,19104,1,123.410557525914,22.2638237529886
40.3946824025297,0,19104,1,89.3354517341827,22.8917708441549
35.5077741821405,0,19104,1,105.479140543746,17.9251160784732
37.7067939762949,1,19104,1,126.427813014668,20.5587922959114
22.0951851034581,1,19102,1,131.467192244404,4.51028445233104
43.0976463331253,0,19104,1,106.183134680453,25.3726121812006
32.9654869768514,1,19106,1,132.504484901674,15.8902103773529
38.1495424327974,1,19106,1,169.517214256695,20.755892042124
35.399831611528,1,19102,1,94.8298641605553,17.4674518237402
40.690858376076,0,19104,1,112.363802500697,22.998766487095
37.568576992586,1,19102,1,113.341113938166,19.9112459147383
51.5177979128121,0,19104,1,111.1735532804,34.0934925809189
37.1154364452954,1,19102,1,91.3838740522578,19.4583816689696
21.4149204832141,1,19102,1,115.194155407966,3.99505548291954
59.3688704895773,0,19101,0,71.6053731451019,41.4119270691169
42.0762742840086,1,19104,1,120.159652498282,24.0837377536443
22.2510374888901,1,19102,1,52.2500281830441,4.80831708592664
33.9065433025118,0,19105,0,99.5874071462247,15.924025338538
47.0403178907802,0,19105,0,90.1173440657543,29.7414972482586
30.7601236450829,0,19104,1,83.8657132663405,13.4358211172622
58.48577477312,0,19105,0,81.0055270842508,40.9880925756348
52.4939266273003,0,19105,0,70.0381005089718,35.3412903791476
37.8043636745306,1,19104,1,122.856411009967,19.8281780211719
45.7823588188508,0,19105,0,91.5341514476918,28.7349986803488
29.0842537699685,0,19104,1,96.2915122934049,11.8954171670087
22.0901060636166,0,19104,1,129.452039493606,4.53207446737319
35.5012055256934,0,19105,0,70.3561723762529,17.9395345112839
45.0930469741596,0,19105,0,50.5340421838275,27.7312873532081
48.9261975757578,0,19105,0,111.172779228784,31.3063687718274
51.9332741367465,1,19102,1,133.873655078495,34.5923901876734
36.3334129666895,1,19107,1,139.53093498107,18.9507580066551
45.1818637736698,1,19102,1,151.153709066257,27.9146682622933
34.9500443883356,0,19104,1,107.443014002123,16.9894973944523
36.3282645806932,1,19102,1,76.0517541835885,18.569919725068
31.3695736814302,1,19102,1,129.209368478371,13.6215704912798
27.2919023170183,0,19104,1,112.832988340246,10.2625392526901
40.4552588290192,0,19105,0,82.0194726693155,22.8368858110282
26.1814373983437,1,19106,1,123.699000337905,8.42495245024502
23.2535184196985,0,19104,1,112.769117605942,6.07152727468373
27.654369736875,0,19101,0,87.4147702843039,10.1202026008093
26.1583732519218,0,19104,1,110.099739880245,8.67200196920086
46.4799913237215,0,19104,1,151.524078742737,28.7200674362825
39.7579307092528,1,19106,1,154.154087004967,22.1496392597619
44.8309090984853,0,19105,0,114.132951174015,27.2354754002167
48.2019279335757,1,19106,1,106.869097730265,30.4378345324324
36.9071263240723,0,19103,0,79.071865064585,19.8699589006675
49.806579071779,0,19104,1,127.200412718471,32.7974243177867
24.5789389464282,1,19106,1,122.885931562248,6.99023924891135
32.3733342696517,0,19104,1,101.457750587483,15.3616607379238
30.4283532900042,1,19106,1,141.258912258956,13.4147821002877
43.9350930003495,0,19104,1,116.833501320742,26.3609308028174
22.6760090607788,1,19104,1,105.862072735581,4.72807775923161
31.9271454288348,0,19105,0,86.512847949889,14.9213923382296
23.3614178813114,1,19104,1,90.3699372304829,5.7244658785458
36.5973995783916,1,19102,1,71.7091000038764,19.2109279809138
53.6465752672453,0,19105,0,56.581961113699,35.9341967802543
50.6716898495775,1,19104,1,129.614427930651,33.552014572078
45.4587061705564,0,19101,0,74.6407648297683,27.8176049930074
20.0179266994477,0,19104,1,86.4422575921517,2.96302048392902
27.1255980089306,1,19107,1,121.717671633608,9.3467879895586
57.1109022244207,1,19104,1,80.7205999667303,39.3536241897243
45.7318778300865,0,19104,1,152.846919592049,28.3992315653919
59.4461112443384,0,19104,1,128.138639381764,41.9511686253387
44.7388953530697,1,19104,1,108.714472897605,27.1340746445583
25.0529274195544,0,19104,1,84.873890097726,7.61761966837753
31.8656778485017,0,19101,0,75.5959023776415,14.3988824787518
45.6389989381772,0,19104,1,69.2205860398497,27.9070800120592
32.4699877197372,1,19106,1,89.6216109029218,15.3848679174652
36.5542472552932,0,19101,0,76.2974528912621,19.3113452874548
44.9393227325167,1,19104,1,86.1139866382038,27.252507330279
34.1997025491938,0,19103,0,13.6197889386797,16.281766828549
53.4069775954575,1,19104,1,114.140934911461,35.7283913378358
28.5696277158154,0,19105,0,104.76719467961,10.8060606513923
32.6124451157191,1,19102,1,113.734200721838,15.3852997630854
38.1609588310069,0,19105,0,76.1170355458688,20.426949815633
26.7785696387387,1,19106,1,95.9342982618928,9.19294833416144
19.2579694851527,0,19105,0,107.558670682587,2.05447514497138
27.8676170021119,0,19105,0,66.5453668873075,10.5105171994129
58.0525884830922,1,19102,1,104.752198215615,40.8618803750787
56.2428448659458,1,19107,1,134.65684053057,39.1640828284991
33.7236445689547,1,19104,1,53.6668550029286,16.3934567257735
40.206854194964,1,19104,1,85.625109061226,22.6550329731337
27.3885584849681,0,19104,1,98.1235119919505,9.46598127729285
31.2702385540733,1,19106,1,97.307893956637,13.4786290153542
43.6760348573735,1,19104,1,71.0702369385124,26.3964447270556
47.4015631374377,1,19104,1,104.35238377666,29.5395564142554
34.7139110275891,1,19104,1,103.24877020954,17.1508688271858
28.358687967579,0,19105,0,74.6641368178827,10.7058733976959
31.7037566689986,0,19104,1,105.832363542068,14.0453905623152
23.7437358887376,0,19104,1,101.66162195136,6.0868229956807
30.6098492660414,0,19104,1,88.4579772091795,13.4042109151225
35.0331862900329,0,19104,1,140.044986475932,17.6128241076057
44.3820033519159,1,19104,1,61.2012471373806,27.3140942189939
34.6397866348116,0,19104,1,82.682607081443,17.4330005249786
33.2680367806871,1,19104,1,139.100989079273,15.9947287759688
29.9876896426866,0,19104,1,127.470667844094,12.8460449999982
44.6764914866188,1,19102,1,134.373273785171,27.3761648256448
23.9276778544037,0,19104,1,98.5318984009018,6.38749319917694
33.1178187740375,1,19104,1,91.8234177032885,15.1193801822015
25.6995564675276,0,19104,1,124.046246375486,7.92576119786508
21.5956594277328,1,19106,1,143.696606115907,4.3465037158845
40.0653969359232,0,19101,0,121.571321259091,22.1365371169636
31.9604804860682,0,19101,0,76.2218296074193,14.692874997414
33.76614012887,1,19107,1,139.642896654043,16.2601009748526
21.4092300894298,0,19104,1,121.516242579879,3.6635452929512
36.1601366096838,1,19102,1,79.2197730351502,18.2413786159559
30.5014657836381,0,19101,0,55.8866431127958,13.4240276547588
44.8537387194689,1,19107,1,140.402273282878,27.1111632973067
51.6106746922915,0,19104,1,113.604500708743,34.3133877909013
30.1843867807697,0,19104,1,84.4499922182495,12.511986577469
41.7916745203422,1,19107,1,119.620208445843,23.9785921291789
37.401910449128,0,19101,0,101.003394058563,19.9899085815822
43.4746783029705,0,19105,0,66.4447019505566,26.1201409446958
51.2060003021658,0,19105,0,129.172641209066,33.6647677071785
48.9723521457344,0,19105,0,59.4800446115227,31.73120898896
47.9074915075194,0,19101,0,110.600758606621,30.7010937454629
22.8843583704253,1,19104,1,122.398878151826,5.0021703331546
37.3314808443462,1,19102,1,110.180946417765,20.1340843200957
37.260240656019,0,19104,1,94.7070061711016,19.8569475164849
50.6959591148273,0,19105,0,65.4652307796119,33.6727948825658
23.1838033367522,1,19107,1,139.947794654964,5.21926407405328
38.2041790307671,1,19102,1,104.060170279338,20.7253426971551
21.6580847437519,1,19104,1,91.2552782334159,4.42717366977851
35.3107388822169,1,19104,1,129.530789799985,18.1920090650015
44.9807338777873,0,19104,1,112.640890578857,27.0376318437456
41.8057801123766,1,19102,1,101.664164106315,23.93048687033
37.0300864890002,0,19104,1,92.7660456871814,19.0639631897927
29.0813209673901,0,19103,0,33.498224254192,11.2117070447234
32.7368062676338,1,19102,1,111.977585380266,15.0990083590092
29.5671839588517,1,19107,1,136.024097640463,12.140037820694
41.9949051124823,0,19103,0,67.1609225359784,24.5170802380272
29.5931546105101,0,19104,1,104.392962025037,11.9976707279246
33.4054016919743,1,19102,1,135.346536202243,16.1672660917446
25.2846929250028,1,19102,1,134.7946566745,7.73848715082034
23.2524324856929,0,19104,1,131.76417079779,5.61428216483886
40.6595839813132,1,19104,1,81.7864394710101,23.0027630409938
45.0527258279567,1,19104,1,144.705783427046,27.2044332420287
32.0255685987762,1,19102,1,89.2466209311521,14.9461999217859
52.9619242280631,1,19106,1,124.535970313869,35.7555449439122
43.5858715021252,1,19102,1,98.1894485809445,26.5463848298616
19.249779580377,0,19105,0,82.0100178642649,1.72114085124991
38.673310272567,0,19105,0,76.3111672677063,21.5994999512882
32.9336666702383,1,19104,1,104.379844279211,15.7024595243947
54.7608909991248,1,19104,1,94.3609337125142,37.0804567760931
59.3676857704948,0,19105,0,59.5460277194146,41.8039774669986
31.3498030179074,1,19104,1,133.682449099698,13.8227216109993
25.9686215928202,1,19106,1,71.96576452842,8.57028122766923
51.2805202140252,0,19105,0,57.305074059065,33.6829616653512
39.6262163402145,0,19101,0,87.1691828024508,21.6476402556156
51.6097801377406,1,19106,1,148.328073659096,33.8082837137268
20.6091926968571,1,19104,1,94.3468245058297,3.09709044265633
31.2353659633285,0,19105,0,113.696949924471,14.0526900147292
30.0888753410447,1,19106,1,133.578823994278,12.8853020032886
34.5637408071708,1,19107,1,162.67286954629,16.903275151788
48.8592873055799,0,19104,1,109.274497963881,31.4385861028763
27.4665172229161,1,19104,1,106.867811985464,9.73172968380274
28.6642337015104,0,19104,1,120.555775665358,11.1173906223588
52.0903624181819,0,19104,1,133.472510463649,34.5901762400472
32.1699876128877,0,19104,1,121.866595428017,14.6681783609273
31.6007411903864,1,19104,1,131.54747550817,13.6039250197517
25.5618605245695,0,19105,0,106.245231592688,8.16596839854944
38.2117693690941,1,19102,1,96.024706649217,20.4148414918579
49.8235031097273,1,19104,1,76.1889040029335,32.2533631851974
22.8905827146978,0,19101,0,78.2438014817673,5.60788724315582
47.0639951394451,1,19106,1,129.192224262515,29.447239508857
27.3510619736562,1,19106,1,85.3437952286374,9.44469160859529
37.6136288136332,0,19104,1,77.0607625296822,19.9398309344979
43.5973567846196,0,19105,0,84.9071530823579,26.4968498900963
23.1111984187734,1,19104,1,106.481633011769,5.97306508105218
42.0196170486078,1,19102,1,112.310779843197,24.3780626990401
48.892819245375,1,19104,1,76.6053345185215,31.0923081224609
44.8562336852397,1,19102,1,131.822084200841,26.9361103730831
32.4985008638711,0,19101,0,66.7884091243113,15.2269117937783
36.4207267932058,0,19103,0,63.6532215515382,18.7549245679681
55.3772788228556,1,19104,1,119.649624079156,38.3402646879289
30.693622590763,1,19102,1,101.422661893273,13.5408157860148
39.6051572179269,0,19101,0,74.6862173482554,22.0929437444858
33.6738613782928,1,19102,1,106.441323575201,16.5928939568821
38.5861924118904,1,19104,1,104.577465125003,21.5714120446315
42.1912108799792,1,19104,1,129.589300955406,24.2242874049465
58.8116307255762,0,19104,1,90.4987611012676,41.6838073394677
54.3513141306244,1,19107,1,125.796201702988,36.916180910695
32.0798520466896,1,19102,1,119.298913689208,14.1355789741619
28.8204396460964,1,19104,1,85.0573269140668,11.377749001916
37.0434245143214,0,19101,0,83.8690321754518,20.0126153437549
34.4554274881174,0,19105,0,97.8311215005954,16.8518945400518
50.0500047909273,1,19102,1,108.922948407632,32.8732226154944
56.4654594998017,1,19102,1,71.1958197406053,38.831306232433
32.2687227746997,0,19101,0,71.5040704796945,14.5484515018821
55.5961538740105,1,19102,1,146.276637472512,38.5476921431858
42.295451414448,1,19106,1,152.447140794122,24.7960099262677
58.8179703355583,0,19104,1,73.5988280575922,41.1323807929458
18.7083951534963,0,19103,0,51.8798973759107,1.61986154758175
28.0917745577517,0,19104,1,107.256638100667,10.2082854800738
28.3284755389972,1,19104,1,110.563384742968,10.347122967832
20.1116935355382,1,19104,1,122.601227535173,3.06576786081102
32.9472148261346,0,19105,0,73.141418178581,15.3580323114373
43.4934110750072,1,19102,1,131.515556061775,25.9168467192539
25.0419421568749,0,19105,0,87.0808953771141,7.88127337305377
37.8111666473383,1,19106,1,102.584600183212,20.5199875088697
40.7519059687601,1,19102,1,143.202716057911,23.2135198359592
38.456549417554,1,19102,1,107.50561366315,20.7570558696525
22.1424441626272,0,19104,1,127.580030293514,4.98076032683952
32.6511389906739,1,19104,1,77.8054796499832,15.5945335808431
42.2914441954399,1,19104,1,73.994206051477,24.4729821884594
30.2716567365099,0,19104,1,94.2012411446241,12.9259999950994
30.0173752209489,1,19104,1,104.548747045415,12.1868464075346
42.7236173478079,0,19101,0,136.818850552106,25.2547068266787
46.6556798210498,1,19106,1,137.770321442745,29.5516672798097
24.8314281557029,0,19103,0,43.7906108515645,7.18092942557239
19.6709168723509,0,19104,1,85.5261439315309,2.17520355411842
40.6698359961435,0,19105,0,76.6504697431843,23.2143907365668
32.9643141488889,0,19101,0,94.24591023729,15.3050652524801
32.3520353985939,1,19104,1,96.3383925413135,15.1503965440194
47.3846131490993,1,19106,1,65.1938487233874,29.5299986158481
37.2610249042719,1,19102,1,102.276619330455,20.1047362655609
25.4583708631604,0,19104,1,104.079721950656,8.32082219415181
56.5605657866114,1,19107,1,183.743623027351,38.7210374387802
23.11841035944,0,19101,0,114.139986511655,6.03875177104546
42.4953649841068,1,19106,1,93.8552003862605,25.0124044291028
50.6398559538321,0,19104,1,112.679205514024,33.4948321254598
34.4222662810295,0,19105,0,77.8201694594732,16.8361490488111
34.0812329639816,1,19106,1,106.797660703328,16.4362313353126
46.3836605831947,1,19102,1,97.4405651642833,28.6350710749592
25.2827852469015,1,19104,1,113.761058862491,8.07444345933224
38.9507792513388,0,19104,1,112.506841846768,21.084624127535
31.0835224881403,1,19104,1,110.491748914812,13.9585429893441
46.7179397948959,0,19104,1,147.663834297752,29.3618850092345
55.3385385791207,1,19102,1,112.851090005303,38.0072524127918
26.3661112635021,1,19106,1,115.579575799551,8.95226907926584
27.4240409138133,0,19103,0,70.1114077218253,9.9669420921696
24.5417121596797,1,19106,1,107.877826095328,7.39428286805509
59.6396495769653,1,19106,1,109.626983036131,42.445936552241
32.8457014698435,1,19102,1,107.454442841388,15.4755484657728
29.0474759806112,0,19101,0,84.9488697229693,11.2158501192626
42.1353616711614,0,19104,1,76.5635633200632,24.9234359282465
44.3943254037648,0,19101,0,81.6065758184949,26.3972258272469
38.194564673961,0,19103,0,99.0880522586619,20.963640387547
36.3283263241082,1,19106,1,75.6041763855203,18.6706155236952
27.3439602607087,1,19107,1,78.1739633238325,10.3313433353015
43.8039926999433,0,19103,0,64.6738347486134,26.2195389379
35.8998618676062,0,19104,1,76.4874560512714,18.6311243090979
37.1614238329588,0,19103,0,98.6149758819584,19.6057759696508
59.5073993156148,1,19107,1,116.932322139089,42.2211530531241
35.5807320329776,1,19104,1,120.076155209611,17.774371571927
54.7246926389569,1,19102,1,105.829744941323,37.3409325147448
35.5461353380902,0,19105,0,73.4312064488009,17.6498141613061
22.3562920035254,1,19104,1,129.217165085655,5.27663514436406
45.6127568520022,1,19106,1,138.982017114068,28.1747843582996
22.1039854380646,1,19102,1,104.849338669725,5.06040407920904
55.5634697489169,0,19104,1,125.018615116542,38.4907291249566
22.9321097374761,1,19107,1,159.372196268733,5.65750154264807
49.783877320946,1,19104,1,115.193024102327,32.3318468419693
31.8810626568104,0,19104,1,111.07136058134,14.4490721881687
40.7640146619383,1,19104,1,86.6759170132828,23.413666203313
28.0516312909025,0,19104,1,61.4517735358024,10.958637402597
29.8025677696088,0,19101,0,54.1718878440612,12.2240024083977
28.5893035512797,0,19104,1,84.3141207896966,11.5187011848117
54.9179869130305,0,19105,0,88.9440295932818,37.1995139670609
37.9180667650433,1,19104,1,122.345899029884,20.8928367459228
33.5334752956149,0,19104,1,83.6892563744,15.6263527965382
23.893626648014,1,19106,1,83.3046968231214,6.59384931485496
18.5902848070819,0,19104,1,83.2246546314975,1.42815126100142
55.1833409105109,0,19104,1,114.431161029022,37.8715239320098
44.2791579106416,1,19104,1,108.898927158694,26.436803461431
24.5071733489905,0,19104,1,105.410098803913,7.48659374805096
38.0635070970139,1,19104,1,89.4679075042752,20.9782623089241
49.1564261436644,1,19102,1,81.6984975920727,32.1343297244231
23.3622500691515,1,19104,1,89.4903838373157,5.51170054426867
56.109837229741,0,19105,0,120.579031692196,38.9837586815983
36.6866394004164,1,19104,1,97.9261171514572,19.6688089326335
43.3769405246869,0,19104,1,114.058105224054,26.1331067918956
51.7041983645184,1,19102,1,102.471578410507,34.5887038450462
27.1025600509651,0,19104,1,122.647077669535,9.87709882919941
37.0911670710742,1,19104,1,126.716008899613,19.7939448502697
28.6832508445675,1,19107,1,210.771829001586,11.2055723833344
55.8799431281392,1,19107,1,125.601313977182,38.3676151243732
47.1023859960181,0,19103,0,103.86796428001,29.6134736229354
28.5509734640717,0,19104,1,66.2488497807459,11.3581807241197
28.3748749554571,1,19106,1,128.845564078066,10.4259140074201
18.1134395006477,0,19104,1,100.099926004106,0.370423225303252
33.9341744299352,1,19104,1,116.40796016776,16.8127016756523
46.9009259852206,0,19104,1,86.1778058469681,29.639009547103
22.9442480374801,0,19104,1,83.2023710431525,5.78865043895537
30.2050966651759,1,19104,1,106.293946037111,12.3186060573088
28.7275741039679,0,19105,0,99.1509168164823,10.7966645653263
46.8256648116769,0,19103,0,72.7244377774232,29.2449054384163
37.2080437221838,1,19104,1,127.193540461008,19.2394159675849
42.6618262916346,0,19104,1,144.392273937134,25.3868416876541
42.4293134824473,1,19104,1,88.7351630020908,24.9920573739435
37.4785186983173,1,19107,1,92.3008753941001,20.0627426462708
42.2844561427072,1,19102,1,154.339380438084,24.8594299366404
27.8609154621945,1,19106,1,114.124110904704,10.5497724231673
25.6476817260449,0,19105,0,97.1263435992432,8.14648735909252
38.4723065744599,0,19104,1,101.216797528121,20.8786498995012
33.5426325751318,1,19104,1,93.6344855028644,15.5949478067772
25.0089830564409,0,19104,1,106.624262978627,7.6125841240007
43.6005991142561,1,19104,1,95.2125981042275,26.5833231373077
25.2460673422649,1,19102,1,88.4724212204826,7.90200294313053
29.1538625425506,0,19104,1,82.1616432332755,11.5458525264017
36.0716442025534,1,19102,1,106.836084834046,18.7473332632601
52.9005417695864,0,19101,0,108.396004040329,35.0028616055044
28.7012863538168,1,19104,1,116.006278271666,11.6349376893543
22.4463553262897,0,19105,0,69.8735768748253,5.25499817887543
19.5113311007291,1,19104,1,117.655762140511,2.41245554645057
46.190750635889,1,19107,1,150.47003558186,28.4673868610604
47.6679677769657,0,19105,0,111.918898006605,29.9448714437544
20.0585178531613,1,19104,1,60.8021279340592,2.67451517785901
45.1564254313431,0,19103,0,61.130672433348,27.2833418254464
