Age,SexMale,ZIP,UrbanYes,MusicExp,YearsAfterHighschool
48.1116724112034,0,19105,0,76.845693221198,30.3300138066951
24.268303189172,1,19102,1,138.152809193043,6.64521696090379
35.6541371881032,1,19107,1,110.312784488306,18.4104859391229
39.7367585089817,1,19104,1,95.9676441240004,22.5738789288155
27.2877773137832,0,19104,1,117.090363793911,9.86923841811478
23.6596576505549,0,19104,1,118.255580590428,6.45252240046143
35.8936918466341,0,19104,1,158.147449126485,18.0519087831479
28.1290213904095,0,19101,0,70.6345605486139,10.8756579815627
49.9685940426936,1,19102,1,129.365110875946,32.8655937941441
39.2905385554355,0,19104,1,126.940042278633,21.402109710924
36.5533269978701,1,19104,1,54.5594075453287,19.4042587705995
42.9416858149328,1,19107,1,138.897808060109,25.155300189332
28.43942049881,0,19105,0,85.283317057292,10.9498712531246
23.3177278275097,1,19104,1,90.5287065436803,5.88570287269146
52.9448530924023,0,19104,1,157.013521518933,35.6013280051742
36.1273181202928,1,19104,1,100.356316773715,18.2558129026661
31.8442318083888,0,19101,0,26.9674784295046,14.7167890915351
47.1785334035673,0,19105,0,105.446166937523,29.539520411418
32.1113856564571,0,19104,1,100.646883279183,14.4089769799558
43.9306251053739,1,19104,1,87.1706896105363,26.4674463710788
22.9514730675243,0,19103,0,62.2426816014114,5.58781446447639
26.7534883357435,1,19104,1,122.153988964244,8.85407890540917
52.8849004782168,0,19101,0,92.3598918822946,35.0014390650102
37.4265435821584,1,19102,1,123.845812181218,20.2606641020833
31.0814216941577,0,19104,1,75.5604321596834,13.4984319725987
29.1415426697863,1,19106,1,123.321161835947,11.8001368275659
53.7500531517099,0,19105,0,136.706822192848,36.1592470092829
28.8454616655427,1,19102,1,98.3112395969305,11.2695123850199
27.2723401183776,1,19102,1,95.1180353503321,9.49200407853825
46.5571389546824,0,19104,1,81.0442273797846,28.6451295282898
25.9122900541639,0,19101,0,80.732411162089,8.55205451908982
42.5449436950957,1,19102,1,117.982985986015,24.6391720107285
39.5584420885889,1,19102,1,92.6376693424259,21.9938454155808
39.0347118360775,0,19104,1,66.5974746165828,21.964556430638
44.7727197810155,0,19104,1,130.448151070623,27.2377291408912
40.551003159983,0,19105,0,86.0294202326063,22.8155954880918
49.2367277106882,0,19104,1,90.5974082585596,31.2895758656
42.8726834263584,0,19105,0,89.4687315165215,25.1373847410946
32.3825534920382,1,19106,1,102.891702200976,14.7398216343193
39.4411470584035,0,19101,0,44.7935410156158,21.686824909544
55.1081029201381,0,19105,0,92.1137886856751,37.8929848353368
40.574170154625,1,19102,1,107.308513236682,23.074369732629
58.7771706457843,0,19105,0,141.707659572056,41.6212033715692
44.7062126080531,1,19104,1,52.7585699510722,27.4816532345979
32.9670968428017,1,19102,1,107.107033571142,15.2102157198587
46.3859834343284,1,19106,1,129.115429282763,28.8751244166024
19.8681003696328,1,19102,1,66.2798624835535,2.44224988185295
42.2902927274109,1,19106,1,124.762280153666,24.7272391960715
46.3134519597877,1,19104,1,101.689555269478,28.9380760605343
25.5286004304299,1,19102,1,92.500772136007,8.08123584728403
30.6032622728563,0,19104,1,91.754667872894,12.9223573004893
57.8988223959718,0,19105,0,71.2651231339202,40.2373365677454
47.7599699534472,1,19102,1,113.9813690907,30.009318203665
29.3880968270785,1,19104,1,90.3110931218359,12.2616568396295
31.4198570662664,1,19102,1,138.649704925335,14.3223296593895
32.5810754486693,1,19104,1,120.904355818541,15.4179529118219
29.2542462887842,0,19104,1,86.9422572580822,11.7770328727685
52.4934248008228,1,19106,1,88.7964962077608,35.2124095730412
30.8042898417131,0,19105,0,81.9150171033368,13.3339804212244
40.1473168651873,1,19102,1,115.850488186663,22.770064913232
52.3274123896495,1,19102,1,84.5205449143609,34.4269467780482
33.4189492021239,1,19102,1,95.3066599171238,16.1395110887958
29.9029875004344,0,19105,0,49.670979700501,12.7957765313476
29.9005172032563,0,19104,1,132.628295966664,12.5918510205744
45.4133747956395,1,19102,1,85.3288685006309,27.9574727232713
38.2252359900669,0,19104,1,127.293656828033,21.2081578081053
48.7734375030331,0,19104,1,117.524401240614,31.2470338197953
33.6023515538356,1,19106,1,85.9711194254327,15.9822869378651
58.4527334279812,0,19105,0,77.2914417367901,41.2764227986301
55.7785491479117,0,19101,0,94.4076868418505,38.2290665143191
34.4507632475558,0,19101,0,26.4477176879566,17.4005861637395
46.6530107233111,1,19106,1,106.559944113177,29.4117437711821
31.0818123790618,0,19104,1,103.132021649024,13.4064572412703
42.6195723189067,0,19104,1,148.711356273481,25.0444993924376
19.6469295833375,1,19106,1,81.2528978591883,2.57614669908055
27.9486614615402,0,19101,0,86.7872577115096,10.6288698514204
35.6758807482795,0,19104,1,88.4259003763958,17.996894981213
20.1800780527387,1,19102,1,126.152913545581,2.92480767104772
41.0536433699842,1,19102,1,117.839210843136,23.5452363376342
37.7704815184829,1,19104,1,117.041721691585,19.7826610279867
32.7309519285718,0,19103,0,87.1360686639712,15.5828906435436
32.647979331149,0,19104,1,137.566353748608,15.4114455864227
45.0676756926293,1,19106,1,134.417100264693,27.7288352000939
29.2189767308448,0,19105,0,83.9541566826528,12.1440914619163
33.6406119908129,1,19106,1,101.120657112637,15.6627772578427
59.6267328727877,1,19102,1,132.414658361312,42.0125513770504
44.4783146210913,1,19106,1,95.6990594593526,26.9415243181367
46.0078717928553,0,19104,1,142.122906910208,28.8725450010678
25.6565672608203,1,19107,1,154.77727768616,8.63080615639859
35.1358439057309,1,19104,1,112.243553782289,18.1277777891315
18.7681093898758,1,19106,1,115.269599439268,0.772396975026215
37.053729092519,1,19104,1,67.220905055142,19.5965191498895
38.2269896709207,1,19102,1,103.962264981929,20.8300101803928
45.2127066043909,0,19104,1,101.858504817836,28.207303873613
46.1187320625952,0,19104,1,93.1834811823472,29.0397094469129
32.2316906728091,1,19102,1,118.622207560975,14.3090302675272
43.0295658661645,0,19104,1,97.8772390654451,25.889839503042
44.3009357953551,1,19104,1,137.295106268357,26.6233411229322
36.7367498448471,1,19106,1,138.349579782668,19.397945410095
34.4524847513177,0,19105,0,69.0136047425827,16.6683146066144
36.5895714001706,0,19104,1,42.4926243222007,19.4078293182863
43.1168413789224,0,19105,0,98.5647989802963,25.6139088227161
44.6451965342564,0,19104,1,132.530186770473,27.6028211189256
31.4918039333357,0,19104,1,103.508282067626,13.7863836110851
39.9932073640198,0,19104,1,67.5076188032889,22.0401565822799
39.3794436143245,0,19105,0,75.6561840885071,21.5664771206676
32.7643573723127,1,19107,1,120.474740136137,15.4069837835942
53.07452103469,1,19104,1,102.888268747828,35.4042361620482
37.0072258588993,1,19104,1,76.2718604927803,19.0776180896578
39.950191661757,0,19105,0,129.928147127176,21.9811503100624
59.0682505736205,0,19105,0,115.541770450138,41.5765537709541
24.6811678095201,1,19106,1,108.679062448025,6.70936278742202
45.9121102132926,1,19106,1,110.449165888697,28.5504344185905
46.4072548490907,0,19104,1,115.429312827389,28.5976190799805
23.4439158810183,0,19104,1,94.4021462053605,5.87435334481969
42.1548630670961,0,19104,1,114.992890636092,24.9946869629286
45.6465319337621,0,19103,0,81.0715953951869,28.3682322181594
31.029389186868,1,19107,1,111.293520911079,13.2831869156691
33.5479747946589,1,19102,1,129.280197387304,15.9089327599137
40.2782775694049,0,19104,1,118.039637245269,22.3219174209061
30.5150848304541,1,19102,1,89.6884099252854,13.1777759498139
30.9025221189522,1,19102,1,130.40592683485,13.6990980722048
31.904465181565,0,19101,0,91.7138794448479,14.7570270174631
52.8131559464344,0,19101,0,87.4392254123161,35.568946076204
38.7848480640564,0,19104,1,99.8915219745483,21.2053036695465
50.4026927243688,0,19104,1,71.6690044352209,32.6903511070416
23.8152817981037,0,19101,0,91.8846583484454,5.82159732186226
54.2626150536802,0,19104,1,102.426093437391,36.9727923406739
20.2160884744154,1,19106,1,153.346280425619,2.25980499611627
41.809919682628,1,19102,1,104.366302681787,24.7710178830368
32.3573064159452,1,19106,1,120.076360026268,14.4738639341983
44.7856860747519,0,19101,0,61.2167868636304,27.7605010555084
40.4972327714104,1,19102,1,126.009099877376,23.307658201481
24.68401612702,1,19102,1,92.2515691989258,6.89506404811692
19.8266085533719,1,19106,1,109.515400126882,2.40752098833358
44.0943673393868,0,19104,1,86.7624428233297,26.8777605678133
21.180067455832,1,19104,1,99.1437136552195,4.04239699264807
35.4658949527037,1,19106,1,93.2696273745715,17.8865792924151
56.4141847051936,1,19107,1,167.408622719169,38.4306007221597
35.625468668898,0,19104,1,119.580677696166,17.7310481100785
48.2877978445097,1,19102,1,124.252869865075,31.0915149098794
56.7711808503783,1,19102,1,93.6632144078099,39.3730516432962
34.0399367521877,1,19106,1,88.7212026538478,16.5852018542482
25.9720378489088,0,19105,0,94.1280112364038,8.01758458943512
58.1142478651595,0,19105,0,116.936124580256,40.5212689231844
28.29946494218,1,19106,1,119.572017975832,11.2157043144017
28.4554703980841,0,19101,0,36.6304858556464,10.8155445049208
55.4285833247934,1,19106,1,104.678254886459,37.5294940740798
57.5208917184103,1,19102,1,86.1604103324009,39.8034231235109
35.6828119253997,1,19107,1,149.234741896485,18.4910146761477
29.6336513745432,0,19105,0,112.611481284386,11.8316741710828
58.8533045288859,1,19106,1,108.756398287825,41.1093425967483
42.2009458026463,1,19104,1,118.44352258587,24.8687158528795
34.0085292971468,0,19104,1,108.114821293794,16.6518083404059
29.9697300833441,1,19102,1,119.700630911985,12.3413963287394
58.7832841295899,0,19103,0,27.7726100166004,41.4691659070236
24.5808274150046,1,19106,1,127.901191198789,6.72149967264034
34.8523965897323,1,19104,1,107.631840475136,17.584217417548
29.301779444801,1,19104,1,85.7788474370805,11.9270019258897
39.7257189714539,0,19104,1,97.7243984060315,21.9282968972067
56.4511990970863,1,19102,1,100.086234005737,39.0852849769803
38.613674196383,0,19105,0,121.948685222027,21.1101400425807
19.0499390126792,0,19105,0,96.5289975852303,1.89940988627539
57.0870957399756,1,19102,1,92.1177917117637,39.962718680691
22.5062580059863,1,19102,1,55.0631711680877,5.44828215824656
35.1986617164383,1,19106,1,117.287132063185,18.1519893501116
22.8306052487947,1,19102,1,149.258728168309,4.90514087990375
58.7354794375374,1,19102,1,100.654371446551,41.0203679937645
37.3409476438437,1,19106,1,105.743954503902,19.943451014803
40.9587965884219,0,19101,0,103.02777428299,23.421940373906
40.6181615435716,0,19104,1,112.514253845144,22.8109423609648
18.7741999410609,0,19103,0,53.4319714347292,1.29125700016078
20.4763716899891,0,19105,0,91.4733357782304,3.03307006769892
28.2423492456238,1,19106,1,113.931892615148,10.7288550802424
28.9485468047287,0,19105,0,83.335941032063,10.9780689918052
24.3435705981423,0,19101,0,127.661234827094,6.61375209476993
48.2786499907857,1,19104,1,87.565639874333,30.9040091085376
32.3015155565546,0,19104,1,122.883245208589,15.2580995109484
55.4093126134914,1,19106,1,124.352903757068,37.7108840061784
45.3800852683909,1,19104,1,138.412340613558,28.3570613878384
46.3439078139496,1,19102,1,129.356009010215,28.741731636867
40.2709854628746,0,19104,1,106.387990593687,22.3156761873369
18.6074725556028,1,19104,1,157.138541847414,0.980717594160605
31.6248177162588,0,19104,1,156.918846812933,13.6343427876227
20.665285933738,1,19104,1,125.490068691458,3.27717542855385
29.1010481140348,0,19105,0,67.8817651519273,11.4994439110397
42.6933194130083,0,19104,1,106.996520373061,25.483381359501
37.7770629503004,0,19104,1,83.8324238254939,20.2824987346478
48.5681197309592,1,19106,1,85.5065479633988,30.7691191368928
59.2707649729828,0,19104,1,81.4373989228518,41.7430992375276
35.5083124164246,0,19101,0,68.8311521884885,18.3827812475372
34.9273342311811,1,19102,1,91.3032633603591,16.9281860565264
35.6754693903023,1,19104,1,70.9662664482748,18.4623308681877
24.1655572437294,0,19105,0,82.6622161225122,7.13967476143358
48.5295028286241,0,19104,1,98.1805064447666,31.3502811894472
37.0973973895424,0,19101,0,101.641825447339,19.3339462226258
32.3128875887854,0,19104,1,99.7795736643373,14.6582091271779
26.7941742976384,1,19102,1,81.5812015791033,8.79665541245614
21.6890424177508,1,19104,1,117.354702920152,3.89329777234151
40.5067852071905,0,19104,1,93.7776824170868,23.442918638694
22.442715692396,0,19104,1,77.2820137772505,4.54901506827839
36.1024503204295,1,19102,1,98.1948212226625,18.2784961954945
18.4797880544087,1,19107,1,84.6169589023863,1.15726153242795
20.9242571707642,0,19101,0,89.7228767250404,3.7583858167114
45.8179914973068,1,19104,1,126.587131459585,28.7278620987988
22.2310036073573,0,19104,1,98.5330596287949,4.90571603501626
34.0616474339543,0,19104,1,95.4910782324884,16.628695226674
20.4011477209159,1,19104,1,86.771804357871,2.54113638405661
23.8783881085941,1,19104,1,91.3749089829811,5.96757522938004
39.1197212875499,0,19104,1,124.571174748068,22.0236444423584
31.7324813483122,0,19104,1,114.123882604336,14.0460504866044
25.8437558136221,0,19105,0,71.1666261366085,8.50213917980825
56.4707364996771,1,19104,1,116.386463879511,39.2162277831571
51.5930233273626,1,19104,1,126.89413879802,34.5774414329295
48.9497712611176,0,19103,0,60.9958003634219,31.7642783974718
42.9821375863097,1,19104,1,115.917536317604,25.3858182861871
34.455756702289,0,19104,1,77.0377978924291,16.8195681241956
44.1835210284807,1,19104,1,94.7854189225839,26.7530261044048
54.0783123393654,1,19104,1,84.2364966023013,36.8097350707854
20.2430813889372,0,19104,1,108.711388015926,2.38432359945759
39.3835309670513,0,19104,1,141.676429945251,21.6440397320521
31.5830365311205,0,19105,0,107.771580443696,13.7719970144182
42.2610550508352,1,19102,1,108.893256664447,24.3230203161465
27.4394118364929,0,19104,1,94.7995577693779,9.81783303600093
37.454139604852,0,19101,0,41.4605037582861,19.7459790796642
21.9833479315909,0,19101,0,58.332801116598,4.39975650929202
41.0015659483747,0,19105,0,96.1306692109272,23.3199624209796
42.0608629370589,1,19107,1,119.627329468419,24.3781393720318
45.4314603340452,0,19104,1,79.0984001125291,28.0067313647004
41.4186212523196,0,19101,0,95.7881669100545,23.8035077066447
39.5441470150756,1,19102,1,76.1827671271378,22.4764589588078
38.5042478247263,1,19107,1,106.092719885939,20.6924753501729
19.5080233417658,1,19102,1,111.082019236588,2.25353841425119
40.1893764783181,0,19101,0,65.1459159897474,22.6492981966603
27.0278513453602,0,19104,1,97.5459731910779,9.97344309614779
38.7684208137274,1,19102,1,144.862880642062,20.8065736970224
23.7515441152402,1,19106,1,93.6640265227063,6.17273873101403
36.1933708677744,1,19102,1,123.228952394139,18.7714859268373
44.9898927975657,1,19104,1,116.345477627783,27.3689812117001
56.9133962850635,0,19104,1,98.2367442373384,39.3653093633791
23.2376516672797,1,19104,1,90.9861325066283,5.69535147277784
22.9454580621842,0,19104,1,79.585889352468,5.73053698330667
32.6620345025317,0,19104,1,97.617714632668,14.8146096924779
23.1123707945688,0,19105,0,66.4246667104075,5.69888679443356
30.8387594767754,1,19102,1,115.232855412918,13.2467893636693
51.7786514815683,0,19104,1,123.397119303047,33.8235180418281
52.6841461376829,0,19105,0,62.8665347130491,35.0982762563584
47.4161753324962,0,19104,1,76.8989175571359,30.3117566480006
56.610752031609,1,19104,1,115.330118219571,39.2170400360427
23.8343840181182,0,19105,0,33.8104211393566,6.5677898319258
32.1937700558831,1,19106,1,122.194082880615,14.7735365740866
48.6427462890812,1,19106,1,123.214068866694,31.39687853405
44.6129897542262,0,19105,0,105.646045562158,26.7622530826331
49.8111286146241,1,19104,1,88.5116198558247,32.1688707952063
37.4847805650216,0,19104,1,102.280782547271,19.865246835515
23.4756567436252,0,19104,1,83.402670547714,6.36457159230297
32.2849955938047,0,19105,0,38.7280957134673,14.6577742872516
19.9587203954164,0,19105,0,117.295178469481,2.57387227246578
56.6725609662482,1,19102,1,110.059115562007,39.6131707396363
47.1100304480643,0,19105,0,88.7774011305809,29.3798617906869
31.2012137173149,1,19102,1,106.298639225305,13.8699533039178
34.666578701885,0,19104,1,112.488498117306,16.9472976719975
43.2516268654571,1,19102,1,71.3714084113548,25.500045368898
21.8637870616667,1,19102,1,92.8210285744038,4.23338295439404
31.2495419007983,0,19104,1,91.7225139748952,13.9968283863064
30.7624275811319,1,19102,1,53.4076571286093,12.9450795772788
50.6841644217128,0,19104,1,111.31112597746,33.1462526149915
41.997904924038,0,19101,0,76.3888223159016,24.9043588350203
21.6697206678112,0,19104,1,115.600136506337,3.80348138108485
44.000646377737,0,19101,0,48.5325305674964,26.9852694683339
39.7200691683867,1,19104,1,126.720499077797,22.3371929740717
33.3781463747844,1,19106,1,114.624247674117,15.6486254529562
52.1172276097091,1,19104,1,101.233124838634,34.9121760490557
33.6281832954381,1,19104,1,115.398049817828,15.8021513449028
22.8380933347983,0,19104,1,132.131789876082,5.81173289100503
31.2823735539227,1,19107,1,68.9780453824666,13.8576816595982
36.7110494699315,0,19105,0,85.2034996378946,19.134394720009
24.9899694388925,0,19104,1,111.676641200383,7.04927860179048
24.9374751285018,0,19104,1,125.3114045649,6.96323459076893
27.4436602575601,1,19104,1,101.416076007811,9.76459310454213
27.7834471511228,1,19104,1,102.292631600463,9.88039296870515
36.0648296590182,0,19105,0,95.6972856667611,18.6934587269309
53.839248830878,0,19101,0,40.3796474100349,35.9389181453332
45.1497297681902,1,19102,1,129.787622962318,27.3670770874281
24.6957757309154,0,19105,0,91.7329840403212,6.71975890678171
41.1987975843392,0,19104,1,112.654873555407,23.4839101923306
27.6113075115951,0,19101,0,77.6984294897867,10.3162431246834
28.6256382389808,1,19104,1,75.2285719841597,11.0366046597598
24.14608157995,0,19101,0,99.4908798004722,6.52940809410839
41.4625248399005,0,19104,1,102.87140667196,24.2572438826227
51.0765814762607,1,19102,1,93.7887687873978,33.3919129553295
20.6174747648782,0,19105,0,61.0686410225536,3.21166558313579
36.0159247234621,0,19104,1,86.813694094661,18.8370045114932
39.0219072609521,0,19101,0,82.656185064765,21.1302635251391
36.867912018974,0,19104,1,95.9422826873157,19.7808819907482
48.4283802609404,0,19104,1,87.977502836898,30.4474088384283
20.4873136606864,1,19104,1,109.075828372071,3.18075078133079
44.1829618815279,0,19101,0,94.7057079109698,26.2228867885603
32.9897663334705,0,19104,1,60.7595280895238,15.8262049790792
35.4313702567081,0,19104,1,99.8646242064268,17.960264066008
33.973691656831,0,19101,0,58.0906838069278,16.482980676805
51.0851333695175,0,19103,0,47.3277804358426,33.4136375782256
51.1557630737665,1,19102,1,115.153082832587,33.7032904887459
25.0086960811354,0,19104,1,73.1383790850208,7.04507915072136
19.231486415453,0,19105,0,87.3228070285676,1.60086972891325
44.1115006749072,1,19107,1,125.45291629224,26.5112038557903
34.9936871536703,1,19104,1,104.958674974393,17.7360645880619
28.8423182917414,1,19102,1,71.7758020495707,11.83917571205
24.4606936927425,1,19104,1,81.3182665264595,7.43638538611182
31.9540874893568,0,19105,0,127.892400513098,14.3557616452012
40.1437251171051,1,19104,1,120.815426053529,22.4990496059368
35.526882780835,1,19104,1,66.7832542328949,18.2430194251965
36.0616388019719,1,19107,1,111.593890097733,18.9363058923357
55.4471094645829,0,19104,1,79.1285509020739,38.1666536294193
55.2150622234174,1,19104,1,134.588918900101,37.70473384908
28.3102032682399,0,19104,1,111.346169425646,11.0333576105076
48.2626351519355,0,19105,0,132.017305089697,31.0494749439747
45.3283237804563,0,19104,1,81.3098289149845,27.961108145667
37.3738579409856,1,19107,1,99.9472577117163,19.6590420296143
41.406229620672,1,19102,1,45.683841494643,23.5743277921464
42.5975961647342,0,19105,0,83.4392572081611,25.1002424109607
22.995790265201,1,19106,1,103.206457302982,5.78825273008868
49.9956360357647,0,19105,0,91.2646720739785,32.403550895706
44.670943672536,1,19102,1,107.59497149842,27.4320923420601
33.3763420697992,0,19101,0,48.1127096424056,16.151913012121
32.1239425741331,1,19104,1,144.561800425098,14.7925231495135
28.5035365113496,0,19101,0,67.7887352475278,10.5641281892519
32.5870414530717,1,19106,1,114.204452950945,14.9611730285314
26.3925397000213,1,19102,1,114.599807076401,8.84455611369883
35.926048215189,1,19102,1,127.130618806405,18.2549696273068
34.8589492642728,1,19102,1,176.919686604806,17.2529089841933
20.8176524815635,1,19106,1,123.593661236743,3.51249729301979
45.481678740673,1,19102,1,160.009661696839,27.6038736804316
48.2351864447872,1,19106,1,118.275463302691,30.5461890855393
25.3522357887827,1,19104,1,87.3977603561305,7.94353302831352
21.2021400930775,0,19101,0,48.0685567457311,3.22503654728138
48.0799670535182,1,19104,1,68.2606788290933,30.3680505975192
56.5197538276931,0,19101,0,71.0507345025363,39.0268649146689
43.1365018119915,0,19104,1,108.564482862615,25.9518778876747
27.3240885269525,0,19105,0,88.6365132825817,9.45941635274088
22.7468723443009,0,19105,0,133.005502849225,5.51865294274389
39.1243011272749,0,19104,1,100.06903789172,21.8838558302963
45.2377938708166,0,19105,0,59.2349047664579,27.6987134787129
43.6067798438122,0,19103,0,82.574555192224,26.5273297880882
33.2743046376184,1,19102,1,124.574156174266,15.9788122628145
26.4540285532912,1,19104,1,63.254219203476,9.06469278126864
36.3807024423058,0,19105,0,99.0310462796973,18.7540193654621
35.2868480657391,0,19105,0,65.3699697664293,18.1271960971109
45.7864788401782,0,19101,0,109.236988506225,28.0122803893316
19.5667621804863,0,19104,1,80.8595179697233,2.06424389518761
33.7682502110397,1,19102,1,91.0605126928524,16.1837085095608
42.9893922444286,0,19104,1,147.570426760774,25.654985630125
44.729983254283,0,19104,1,104.499110194088,27.3542544186984
33.136096529196,1,19104,1,157.615169920179,15.482046092161
48.8860494675586,1,19102,1,111.780334181463,31.8151751830714
27.6017732005578,1,19104,1,132.080718645611,9.95951926149543
43.8276101637573,0,19104,1,131.806328568982,26.6826521607988
57.2390595911732,0,19101,0,81.2860515110091,40.0618902935842
52.4183826383788,1,19102,1,94.5842602849748,35.3424575841174
38.1761743662815,1,19102,1,74.8806013508791,20.3567651998188
18.667092917606,1,19102,1,80.3779824395481,0.897246562994749
33.0203651282678,1,19107,1,95.8385138051441,15.1401175586249
41.8339010394979,1,19104,1,40.8672212534599,24.1124497185796
36.2434525032386,1,19106,1,122.559751863635,19.098657096396
46.5550615255524,0,19105,0,102.420544164412,29.2439751887032
45.84960902836,0,19104,1,139.030224004871,28.4493184474279
40.0329895055658,0,19101,0,92.1777561724032,22.682118483008
30.4482032811792,0,19104,1,97.4112879986281,13.4323960159963
38.4998691448867,1,19104,1,111.434829072692,21.1326003583539
44.4815321297405,1,19102,1,139.019639298834,26.5396903269479
33.6829749765139,1,19107,1,151.206816439769,16.3451004741046
29.5908404473526,0,19103,0,99.0533055170651,11.8296597903905
47.0123122476351,0,19104,1,70.0722354815143,29.9705735635788
50.0129491948725,0,19103,0,44.9451237523093,32.9644375272298
27.0421848691397,0,19105,0,42.4048480369179,9.45746511368568
38.7965675501682,1,19102,1,132.344129931385,21.1346710340649
48.5297616119934,0,19104,1,109.052312721456,31.4607294816961
26.8822685227968,0,19104,1,112.791027114783,9.29230438980802
26.3679670209153,1,19106,1,168.010733129536,9.10895966478569
27.0132702913221,0,19104,1,78.3445526308036,9.31255400302745
48.5004719193002,0,19105,0,56.1797123112273,31.4362869751549
51.7689587961925,1,19104,1,128.988419137578,34.0204484277913
34.3570052158794,1,19102,1,87.5979409692057,16.5972208014465
27.9930283553849,1,19106,1,106.772476405677,10.1774514995932
45.8360711648182,0,19104,1,86.6631798139374,28.3904313435831
19.7010899045862,0,19104,1,44.9524131813689,2.34181135468032
54.5509003407517,0,19104,1,70.2275924875212,37.4129265953981
30.8080255037024,1,19106,1,140.306226106457,13.0435193657725
42.4696476856296,0,19104,1,110.418047839099,24.9210877410186
51.8559776133377,0,19101,0,36.1933506489386,34.438986030266
56.0470832406025,1,19104,1,126.623716415312,38.189323236369
55.8227015797531,0,19104,1,86.809075776533,38.4957854124734
32.041532211018,0,19101,0,101.25357305397,14.3028062570497
42.8276465713503,1,19104,1,99.2039108315919,25.378552667004
42.7613811736507,0,19105,0,76.5466653758388,25.6506333590066
40.9395646183386,0,19105,0,91.2780210527363,23.2957799896232
30.7366959842687,0,19104,1,110.988634581009,13.3990283942616
49.3083538264209,1,19102,1,126.674246346962,31.4964743068149
23.629183969949,1,19106,1,117.34304615144,6.05662098319697
29.815253917205,0,19101,0,71.8255001227771,12.0699198989504
28.4658675765228,1,19102,1,69.0722436967725,11.1080573237111
43.2790177121645,0,19104,1,96.5628098553355,26.021559172252
30.3704923336061,1,19106,1,118.014529181051,13.0425309239088
24.9089294376528,1,19106,1,105.380379164267,7.36603333430612
27.6281352457755,1,19107,1,160.153098407683,9.83736223216888
27.2250373337561,0,19105,0,86.9519081191107,9.68363302081387
38.3593208633044,1,19102,1,126.488058157829,21.3275802411751
25.4932693740394,1,19106,1,88.6043015974132,8.22496349355618
24.1326545349773,0,19105,0,78.2981850930514,6.98223202871013
49.0785925912529,1,19102,1,118.799957681265,31.5166589645993
30.6751087494036,0,19105,0,106.250348069603,13.5678210833417
46.7906767207935,1,19102,1,99.3812694924072,29.3845782800383
40.5201720285246,0,19101,0,34.173146244886,22.974805670047
46.3788318659598,0,19105,0,83.2602382069137,29.0104805340478
42.1751154398692,1,19102,1,132.089601262098,24.2195082039719
34.1444874159654,1,19104,1,115.301136734026,16.4013331325853
42.3485196050193,0,19105,0,97.7892910760093,24.5703244960337
49.028463858389,0,19104,1,88.7532685468265,31.3769042561526
38.7961072829254,0,19104,1,126.330443937045,21.1091809799597
23.6550223168474,1,19107,1,127.282537638519,5.78192688711217
37.2471299398294,1,19107,1,141.528687319041,20.2179503732896
24.3396007827157,1,19104,1,63.0094991035468,7.29819128486794
44.6068281675165,1,19107,1,143.49379690755,27.2590251492279
35.8405012650912,1,19104,1,93.3413527992025,18.6017321932161
23.9670458488831,0,19104,1,86.0667365327464,6.01086570990401
51.4584350921161,1,19104,1,62.2699745385153,33.6677724241692
44.4745662095797,0,19105,0,141.423886999241,27.3556920403921
29.5787554121387,1,19102,1,162.385444740211,12.3439408357997
58.8834654370204,0,19104,1,66.4514692562787,41.1198320328605
40.4165079194449,1,19106,1,108.869261410598,23.141129565784
25.7695012511094,1,19106,1,98.4960864849809,8.58498568826959
29.5490379398945,0,19101,0,64.1660866630823,12.1811123008631
33.6223834330456,0,19103,0,82.7035612910527,15.7558160248452
21.5956562835812,1,19104,1,109.76764533626,3.76423189198553
36.6188080870473,1,19104,1,106.755223976834,19.4525152960254
39.849084823487,0,19104,1,70.3181004514724,22.1839648299866
56.6463060838375,1,19104,1,106.828806693917,39.4359024330713
42.6922776369627,1,19104,1,121.83442463787,25.5122995468571
45.7912426263825,0,19105,0,56.9048243580789,28.0332027991568
27.1712978027543,0,19104,1,112.58645205306,10.1693465508768
28.1766373301045,0,19104,1,106.624646768094,10.3282226401036
33.6133419822847,1,19107,1,103.898577978528,16.0348038091736
20.1939383556678,0,19104,1,124.745797547533,2.2712135417464
44.6393103501179,0,19104,1,74.1317251149023,26.9488171571285
44.9580388264635,0,19105,0,73.048053143632,27.1426033573129
20.4887225428643,0,19104,1,68.8765375803007,2.80632698359435
26.422054507447,0,19104,1,82.2131724822277,8.55410843240432
30.6311780230948,0,19105,0,73.3909688358838,13.6208352959123
53.0832195758003,1,19107,1,146.926443550676,35.9616393876377
28.0963273281202,1,19102,1,138.224460035682,10.6957929418393
39.3214471774688,0,19104,1,104.727978906563,21.5301875988068
18.0966870288028,1,19107,1,111.146014320842,0.977414060769465
18.31485649406,1,19102,1,140.302684619054,0.747299736347287
38.8114484640523,0,19104,1,90.5900239017936,21.0185530917938
56.6822223236994,1,19104,1,105.517151122363,39.6616019820538
34.4035475022416,0,19104,1,99.3868390096439,17.0051652233839
26.9119703773789,1,19104,1,90.6601399358219,9.2550203776367
41.8115937687662,0,19104,1,71.9407556656178,24.7850806835313
33.6011879468258,1,19102,1,132.59196458927,15.7619306501854
29.7805172170742,1,19102,1,107.498812885437,12.7120030185438
41.1078351950587,0,19105,0,101.027677420656,23.9705400455591
44.0565324341326,0,19104,1,65.4813262945267,27.0397196567531
32.9172123995425,1,19102,1,141.979023393223,15.4469969518298
51.9163814209079,1,19102,1,152.959713457852,34.3776488801142
32.7720420203189,1,19102,1,89.4718540245843,14.7740156523435
40.6368039394917,0,19105,0,37.2724407993858,23.2631225453412
39.0909132483815,1,19106,1,80.7918977726209,22.0010075791673
44.4767901049326,1,19102,1,98.3017606882341,27.239914767384
40.9945479224059,0,19104,1,61.2492541798843,23.7044821798424
19.7726725321635,1,19106,1,104.02707191998,2.29976833219637
47.2668427594192,0,19101,0,84.1056653075528,29.4967739337309
33.0604922544991,0,19104,1,105.783544549704,15.3464298487489
29.9060943434864,0,19105,0,76.0910816433651,12.1356917606584
39.7963106079594,0,19104,1,61.2943482642715,22.0684578986008
38.8733897525269,0,19104,1,80.8332777831486,21.0404970354318
57.6328823768607,0,19103,0,63.6855133040548,40.5035384820847
54.7848761602754,0,19104,1,123.925865751255,37.5545539110417
36.476581158582,0,19105,0,77.3668071471676,19.0077024858909
39.1782308132488,1,19102,1,140.901138623123,21.322640341251
23.4777221166165,0,19105,0,70.1760837722287,5.85877009375104
27.5753802981199,0,19105,0,103.894609353324,9.85733814472043
46.8066282517204,1,19102,1,103.326877054238,29.5305121629892
20.4348389746195,0,19104,1,65.8010752004478,2.87100075022707
53.1954207710254,0,19104,1,99.0307048716793,35.4044228628076
35.7223326035116,1,19102,1,96.1495581525813,18.7053005797595
43.6455943215748,1,19104,1,73.6362275913729,25.9722344306407
47.8339132360369,0,19105,0,70.437974158664,30.1674853799585
31.8595425964895,1,19102,1,97.3369172483757,14.5357299024336
39.9725298121883,1,19104,1,139.799103846656,22.2173547720848
53.4477530077466,0,19101,0,60.9140828239178,36.0954985611507
43.8763887621759,1,19107,1,179.621516375965,26.2161838594189
29.3826348118288,1,19102,1,96.7673563230536,12.152520049856
54.6961929483796,1,19102,1,127.30454327822,37.3944434649302
19.2267699740705,1,19102,1,56.6810368258625,2.13480236878332
46.6796209160436,0,19103,0,77.781054329855,29.5981611586373
46.4565767835071,0,19104,1,134.479918131727,28.7562991574584
30.6107766971535,1,19104,1,136.783952751176,12.7160037838465
39.3692313003738,1,19107,1,121.990064562951,21.721759655691
25.095463954295,0,19105,0,70.6749061861673,7.22298175414182
30.3154992057309,1,19104,1,88.0476462597554,12.3684562092014
46.5608184644427,1,19106,1,66.283850298814,29.2233130102451
39.2362203952283,1,19106,1,113.658843743253,21.8409590558507
37.4327045956246,1,19107,1,133.922334362721,19.8562941672366
53.4155933560412,0,19104,1,157.495537716151,35.928037735315
30.193978531309,1,19106,1,112.159760190289,13.1141500636233
54.33639215721,0,19101,0,67.7648691090829,37.143864465842
42.494560355878,1,19104,1,101.182245481658,24.8677335659494
29.3299682941008,0,19104,1,92.3246841911342,11.7123049713857
28.6186116372069,0,19104,1,67.7583781130988,11.0299391119575
49.6415149470335,1,19104,1,150.598992126466,32.4912251172131
35.5708383421856,0,19104,1,92.230811453581,18.3555856358702
52.604490260959,1,19102,1,130.204384441886,34.9569735677376
35.5907030439283,1,19102,1,105.157350968585,18.4730842728912
46.0116854891917,1,19104,1,80.0521356262317,28.2152092072451
31.5507741328249,1,19104,1,109.139866111996,13.5667330960198
26.9010472228474,1,19102,1,102.485939075344,9.03623175464597
49.8995614364133,0,19105,0,85.072890092883,32.4623103547231
47.0729403913848,0,19101,0,43.8294461689485,29.63594476845
47.1246846610477,0,19104,1,90.8801845079742,29.1523858712782
58.0438607159201,0,19101,0,45.0528373791795,40.3527580463458
24.240297536641,0,19103,0,25.9652579717419,6.28253732206823
40.8374980620031,1,19102,1,97.0678073068474,23.5983247367587
29.4231773900982,1,19102,1,106.333211117017,12.2267067352958
30.4988822547397,1,19106,1,162.379993169236,12.6992986417985
45.6016597911136,1,19104,1,64.3479427159013,28.2393200393187
48.9998813314961,1,19107,1,137.438218726875,31.4037480593325
42.8482874760355,0,19104,1,75.135271900475,25.6351855406955
52.0079368969568,0,19104,1,102.944500782102,34.0870796024941
25.4680637101511,1,19102,1,91.358256875055,7.93200748612718
48.9423677917955,1,19102,1,123.704865180873,31.1626917760738
28.6736357638747,1,19104,1,68.3912261052617,11.5817182823684
45.0629360638287,0,19105,0,85.2051204557445,27.3691233291485
34.2913563688605,0,19101,0,101.985925151317,16.9515653643146
32.2629735397961,0,19101,0,41.1873352275699,14.3200200388995
46.7497406976701,1,19102,1,114.033180558154,28.8801354882245
49.0868355306404,0,19101,0,60.9946977276489,31.8939549734889
25.5255742723846,1,19107,1,104.169879332729,7.65037762921089
34.3333746757146,1,19102,1,98.930671740477,16.8138547450092
32.8266105983161,0,19104,1,62.6500666311837,15.084641298115
48.0414753807973,0,19104,1,107.538866689937,30.5168064642031
28.2124573975916,0,19103,0,35.1027943454923,10.7222051938179
56.1505319119575,0,19104,1,58.105116105732,38.287299634391
30.1337906524964,1,19102,1,112.707355398773,12.8983726133552
26.6184220451718,0,19101,0,80.2768427563278,8.93850183001216
56.4939544152457,1,19104,1,134.311686904106,39.3788815222669
42.7274585252571,0,19105,0,100.976361519514,25.2790348269455
27.6666704758712,0,19104,1,83.1217340799696,10.0888283262205
46.3955379832501,1,19102,1,141.320744949849,29.2965972124098
27.2771042063836,0,19103,0,64.7538639240614,10.2167144026611
46.6908874397617,0,19105,0,10.4605335484272,28.8548342664712
46.3191180650363,1,19106,1,132.421632254687,28.5503570970366
37.4550223287322,1,19104,1,139.135730171128,20.0575230004858
29.7154626629011,0,19105,0,72.3983933920268,11.8067933674132
39.9494303889636,0,19105,0,127.936178911042,22.877785566828
19.7267931928772,1,19102,1,113.62031953926,2.60556234823609
52.1241159604279,0,19104,1,98.0055990466983,34.2295082535012
40.8731946369768,0,19104,1,129.542880675243,23.3690713736829
46.4270368948875,1,19106,1,147.939939679598,28.9456371384969
21.5638710211999,0,19104,1,110.567084151438,3.9244721893258
45.2135073898331,0,19104,1,88.5073734073895,27.523967076742
43.7990919242341,1,19102,1,129.349399868893,25.8735781242333
20.5253460766527,0,19104,1,99.356257220854,3.51784088842225
34.1554644466122,0,19105,0,81.4998023677577,16.462788849345
28.2468126043845,1,19104,1,111.890508823302,10.2875062986445
38.8411161952135,1,19104,1,81.8350666499755,21.1615180835542
29.2718204268366,0,19104,1,84.9683747026818,12.0672082136497
18.0560297842378,1,19107,1,97.8036802647181,0.796448796033662
31.1941802047199,1,19107,1,127.468703970831,13.4774190980947
36.2181260892958,1,19104,1,104.48573531206,19.0426846307074
37.1990605101686,0,19104,1,103.536458781511,19.2763188898329
54.1639740083971,1,19106,1,120.997838331391,37.0221549383038
34.9665898867069,0,19105,0,87.1761831956978,17.7971178470297
31.98006302801,1,19106,1,111.680297209758,14.7169706896697
25.3566175712341,1,19102,1,77.4603360758661,7.54754026574769
29.3457916027536,1,19104,1,144.600570744106,12.3205061138277
22.1938454641747,1,19104,1,106.817568252667,4.95287920024903
48.9309182099316,0,19104,1,81.9038627762567,31.6759627028152
52.2674802020259,1,19102,1,38.2951586488672,34.6603392507016
28.2834610575108,1,19102,1,85.7203362781269,11.2348944683788
42.7231464966688,1,19102,1,106.586191709273,25.1029596529923
18.1897877829218,0,19105,0,69.0789300426799,0.367277241505136
43.7943586606104,1,19106,1,118.882243134185,26.4754921264519
58.2860949904221,0,19105,0,56.8407053030908,41.1315095395344
39.7768136577066,1,19104,1,151.959733827724,21.8008740222864
39.5195008415074,0,19104,1,71.1820270067096,21.6718813179803
20.8723317188751,0,19101,0,78.0250672695307,3.12616286865252
26.2018744028079,0,19101,0,104.740738508852,8.90187796693284
35.5789912692536,0,19103,0,52.3525134096265,18.2164813594692
29.8369780062451,0,19104,1,129.669475978267,12.330714959254
51.709168744923,0,19105,0,101.963419647208,34.2708311913976
34.5197347674329,0,19105,0,69.56103303956,17.1782458351736
59.0374670171653,1,19106,1,76.0251194396053,41.316757337517
35.6956502511836,0,19105,0,82.9444164851555,17.9479916445649
23.3191693629488,0,19105,0,69.7615131721738,5.78334159700901
36.3550993611271,1,19104,1,101.195398886202,18.5225132903716
55.4549916912529,0,19101,0,103.743738189479,38.4343545455213
28.6915856877399,0,19105,0,105.728050475213,10.8907157157605
49.5625337573072,0,19105,0,106.41229457272,32.3792479567999
35.0785302149467,0,19104,1,135.917649709487,17.7582537352442
53.5907092652873,1,19106,1,144.991092876931,36.282087127411
45.4456391561264,1,19104,1,85.0401995307986,28.1901222957251
27.0812576958007,1,19106,1,102.918979376926,9.73382240487554
44.1894062160678,1,19104,1,39.9161449458856,26.3122906756285
56.2491907312063,1,19104,1,92.6946187387801,38.757498591672
35.9519787042831,1,19106,1,65.7113052133285,18.0311168556531
21.2235956190252,0,19103,0,46.7662128088146,3.39419971388809
18.0430267131597,1,19104,1,132.620666173261,0.996513370395451
37.4139932713816,0,19104,1,122.515715484874,19.4754011764536
23.3336352305942,1,19107,1,132.252953252401,6.28792566996894
42.2845307139762,0,19104,1,108.704352170195,24.9061874095898
35.8218045405871,1,19102,1,119.294926835479,18.7223425415637
54.5730571845568,1,19106,1,114.99281575742,37.2313404484673
33.0328053389052,1,19104,1,83.8202085830542,15.1417279058909
58.8883202691004,1,19106,1,116.134150747602,41.8788387868927
49.2397506670898,0,19104,1,54.9432251263682,31.5918942783831
22.4871318916016,0,19104,1,136.021008165814,5.35219850979459
19.4379938919938,0,19101,0,100.480412739847,2.24649774096001
32.7369995498014,1,19104,1,70.8349983432804,15.1477503656791
24.9556512166258,0,19104,1,92.880102798185,7.69971893024409
31.046361158976,1,19106,1,131.428633944339,13.8077516545557
34.6635575768015,0,19104,1,94.5798779327588,17.0476777591686
40.4381888749433,0,19105,0,132.685769987251,22.5469786383567
49.7788781750263,0,19105,0,52.1622555394412,32.1684343468645
57.7736282112776,1,19106,1,117.657556372485,40.2382226883667
55.9091238086627,1,19104,1,60.7795668891096,38.8708445451272
29.4237327570633,1,19104,1,123.295679973284,11.947073319189
25.4843483973673,0,19105,0,40.835844794948,7.95505966166097
32.0362422552706,1,19106,1,135.148621707517,14.7357252959908
31.9377981259051,1,19107,1,169.715477615229,14.4232227285422
49.0025139009473,0,19103,0,77.1512473300223,31.3396199374352
30.2391747006886,1,19104,1,151.100065012979,13.0263739399352
29.9521742651258,1,19102,1,120.134345027906,12.8265588604398
56.0316467216046,0,19105,0,121.472429072527,38.9449064764933
35.5511841040378,0,19101,0,63.9638456991703,18.0661166806047
41.1998117722893,0,19104,1,113.831174966486,23.5839739645222
55.337871786891,1,19102,1,121.385798349526,37.7941759123788
38.6306542137462,0,19104,1,85.413140885778,21.6003113522018
24.6062213058914,0,19101,0,79.3054488822542,7.45936828570948
19.369346424468,0,19101,0,56.3127031286687,1.83731059822829
25.8217225060578,0,19105,0,47.8079625908163,8.44619861149816
23.6903986043183,1,19102,1,50.3328457426872,6.25661100348255
35.8370516088738,1,19104,1,64.3661368867517,18.4965070975425
44.8524529602381,1,19102,1,96.356845865482,27.738117319206
48.6690678713949,1,19102,1,119.632148986194,30.8431130832633
32.5471479531194,0,19105,0,117.196855697699,15.2214668976891
34.9621474297343,0,19104,1,76.4032568490497,17.327751404289
44.7229580580307,0,19104,1,78.3895567218035,27.5241820406219
44.9032124411823,0,19103,0,107.045676180277,27.7059124655133
32.4378182876345,1,19104,1,126.493749173053,14.59550120099
49.4199053157556,0,19104,1,81.6974234729783,32.0824949102445
54.0253672452631,0,19104,1,102.157716712502,36.7712742490216
31.3551855777555,1,19104,1,74.4525166245023,13.3685470925343
33.019576881281,1,19104,1,83.0989365680484,15.861055281679
31.7975545545082,0,19104,1,97.3830972717481,13.940310529058
22.3062984301762,0,19104,1,81.1061212733948,4.79362532203622
44.1626044892374,0,19104,1,93.2699222889641,26.8241196457431
24.2934292328248,0,19104,1,106.294554203643,6.62681537649424
34.5262962212441,0,19105,0,57.332533363977,16.5754074992733
56.8629787346867,0,19104,1,156.135289624959,39.4911280636729
46.6635699446724,1,19102,1,112.781455974506,29.3543129942791
37.3563871291386,0,19103,0,95.1080958429458,20.325781265126
30.5640691453897,0,19101,0,67.3757614336288,13.2541357267489
20.5317221082189,0,19104,1,79.4747949607594,2.61112095889641
58.1394760497508,1,19102,1,147.872329477412,40.7764311712829
30.7729968194373,0,19104,1,117.112716935626,13.3655172077462
29.947319577299,0,19104,1,136.872803136364,12.3851402658875
46.4540642046639,0,19105,0,117.326697080833,29.034479662151
23.9532182878547,1,19104,1,117.765619817509,6.00934287865763
25.7032851621969,1,19104,1,111.755749296224,8.28268991210444
33.2486998669265,0,19101,0,67.5741003851454,16.0186111354196
38.1487116709715,0,19104,1,106.550002865505,20.1860164870406
30.9611189098325,1,19102,1,128.280816956309,13.21882160271
37.0981655826528,0,19104,1,102.987311817599,19.7190038019527
46.5554009437668,0,19104,1,108.881453349321,28.5948643967616
39.8027691893647,0,19105,0,65.6901352461298,22.4386885137199
29.2289668547884,1,19106,1,121.063505598759,11.5596137096137
23.2644986755416,1,19102,1,148.185680500941,5.43502199586635
47.3946435684136,0,19105,0,96.3264215466125,30.2686387162919
18.297721676735,0,19103,0,92.2168894131715,0.750120482381195
49.8188984887892,1,19106,1,87.7647839437017,32.6854886457076
22.4047908648469,0,19103,0,23.7637125676652,4.53622007957586
56.2836009508247,0,19104,1,113.007983989115,39.2376794693774
58.9284770240122,1,19106,1,95.9700901846806,41.4378324670763
49.8993866321755,1,19102,1,146.963700798906,31.9202012605158
34.2002399686494,1,19106,1,104.417506642188,17.1960898285501
50.6607338750634,0,19104,1,102.053018418284,32.8181270141519
18.0872537120005,1,19106,1,81.5050123583002,0.694562669493461
41.4141618171305,0,19104,1,112.699707768408,24.0979067657207
26.4574869603976,1,19102,1,131.330105927057,8.66075053700572
45.6380344771216,0,19103,0,34.2541481726299,27.6431200848794
47.9613450157254,1,19107,1,140.520598273268,30.444465487663
23.2928376949346,0,19101,0,51.5086392588894,5.30104692508009
26.012323440061,1,19106,1,115.966683207184,8.20570859476837
39.0055364725664,1,19104,1,119.783822432184,21.0236641833577
57.3943549429583,0,19105,0,73.0708961838119,39.9723729800949
51.9336351878019,1,19104,1,97.0950785164144,34.6762408060031
41.3346900762042,0,19104,1,72.5045089486114,24.0096907512268
59.0919232014853,1,19106,1,102.794557373966,42.0742241866242
29.0279312411335,1,19102,1,110.767799868689,11.2392806848989
35.6685778340333,0,19105,0,94.2704174516459,17.9190290775158
27.317933389246,0,19104,1,71.3790151974224,9.8845856457758
53.6248674554253,0,19104,1,80.6788887638924,36.1492671264304
52.3674521282363,0,19103,0,32.6633695127727,35.3529670174747
23.7861967240111,1,19106,1,140.688737836311,6.50760837873678
37.3446803411211,1,19104,1,107.899009982943,19.7650116956069
46.5436015458462,1,19104,1,63.6687552207146,28.8679683172294
51.8991682790771,1,19107,1,94.7445542674865,34.1104498375759
40.2629561916905,1,19104,1,84.1773330688733,22.7082984923831
41.4792561537821,0,19105,0,83.4155204455756,23.7462975592122
38.6350230833965,0,19105,0,99.7502376846234,20.7441870391818
39.6506329371828,0,19104,1,70.8910071857397,22.397297319933
30.7292438932786,1,19104,1,147.977394401243,12.9065494377723
44.3372786718476,0,19105,0,118.725482928608,27.2306836844011
26.9893788442517,1,19102,1,101.08270671059,9.95005415622501
54.4916406272406,0,19104,1,108.86329630613,36.5495091442445
36.6654039598073,1,19102,1,127.182669973445,19.3511729135647
53.1011259742478,1,19102,1,124.177711148745,35.9479480481638
50.7298960144504,1,19102,1,155.343967182557,32.9654060605786
34.7855578731331,1,19106,1,130.145566166391,16.8927323017786
37.7929866837638,0,19105,0,106.514979453423,19.798898656836
56.6362500724784,1,19104,1,65.6143358801772,38.7817002745281
30.1483292984244,1,19102,1,99.0192633682217,12.5886279548918
24.030139051418,1,19102,1,112.385519692495,6.81858031944666
47.8919606353033,0,19104,1,112.158868446348,30.3565784308471
18.0562557733187,1,19104,1,106.031521185675,0.517508663613079
26.799420261403,0,19105,0,107.179014181514,9.25932082265743
30.9612117238686,0,19104,1,97.731116583723,12.9672168475919
51.5635893755333,1,19106,1,151.911635871124,33.8301865379998
45.701835664521,1,19104,1,96.4748497088524,28.5031775350878
34.0084089011355,0,19105,0,53.5294708687823,16.3666335803857
36.412496762917,0,19105,0,90.6691036991418,18.4980748643713
22.1007736045473,1,19106,1,135.803611282751,4.55791887590449
22.5132709924775,1,19107,1,170.043207796879,4.53057288953018
20.3462206613026,1,19102,1,96.0598547982049,2.96942511910898
41.925842572738,1,19107,1,154.587402744518,24.4902155932864
52.7551183550766,1,19102,1,120.906449822807,35.4204909388589
19.9387459543601,0,19104,1,100.176085727351,2.63131383090024
37.0902046677372,0,19101,0,85.2046146854471,19.8891528148385
43.6184439848789,1,19104,1,92.3345843017603,26.0850053705422
23.2693447134664,1,19106,1,131.060513049782,5.48958490758404
44.8768921189327,1,19102,1,108.139406515522,27.5763397998959
23.362052455195,0,19104,1,84.7328677590306,6.29027664440196
54.7693164219682,1,19107,1,131.206130830653,37.2421876074814
31.4472102344432,1,19102,1,151.869468576665,13.8881225631037
28.425631397287,0,19104,1,70.6630516172955,10.8771421361012
32.6781058440345,0,19105,0,78.6174821769629,15.425388328348
24.37418239143,1,19104,1,102.881077025478,6.68931558028119
41.7984574276622,1,19102,1,76.1318085273222,24.6363261530775
46.8492210790301,0,19105,0,91.486899080273,29.0321192833381
27.143470444018,0,19104,1,85.1315716224899,9.92136209504675
21.9979926640534,1,19102,1,86.898826987518,4.59796180454018
48.4643660260424,0,19104,1,109.215217147036,31.173023410194
46.0035264136946,1,19106,1,121.715513877721,28.6437070592052
42.4972019709242,0,19104,1,108.880935141864,25.3841039297698
33.9617854143979,1,19107,1,156.337585273621,16.86056798571
44.5100609258615,0,19101,0,73.2220307787456,26.7790529880539
39.2683750045949,0,19105,0,34.8816644851904,22.071685600979
18.1230004518189,0,19103,0,105.972982412353,0.309910932545378
40.753445924283,0,19104,1,71.2667772027387,22.936854179739
34.0092910441668,0,19103,0,88.3376871778625,16.0783991508284
36.1427484228906,1,19107,1,109.604781872693,18.6324247610454
29.1036891732549,1,19106,1,120.05525997151,12.0521349376252
26.7523709217038,0,19105,0,40.3866440796591,9.07424393998907
42.2545996196126,0,19104,1,97.1465738194197,24.9457849426685
27.6872885574439,0,19104,1,102.87098588614,10.3440659402722
41.9786847350435,1,19106,1,142.593770691476,24.7342905707439
43.0682478423211,1,19102,1,143.270208715788,25.527302458601
46.3191094856625,0,19104,1,97.6855765626338,28.8632440268443
49.1201976868774,0,19103,0,48.4585869753066,31.365927571243
29.1240081182182,1,19107,1,122.590395501001,11.5998599897571
34.690134297622,1,19102,1,108.103962921261,17.4540279400848
50.7847962357343,1,19102,1,88.8595933297111,33.2557997404372
29.7053579921291,0,19104,1,113.429531163615,12.0634883996487
22.1787463763183,1,19102,1,98.5261886194979,4.18276124064938
45.7672407384703,0,19105,0,38.2202998214164,27.7717198910864
22.413512785473,1,19104,1,118.384994851795,4.67811175414468
33.7978543328936,0,19105,0,84.1244559400302,16.1879233081708
26.7682291731399,0,19101,0,119.762800716303,9.72344136621545
41.5432541722047,0,19105,0,101.155812356183,23.8484167526557
59.1068978634989,0,19101,0,83.6555508955289,41.1147617746005
45.4434825681964,1,19102,1,90.7261550431969,28.3853427715948
31.8056405014667,1,19102,1,88.5907195554852,14.2398348176229
29.8746028825236,1,19102,1,112.371314956265,11.908191314532
36.578406257662,1,19104,1,63.9155313685975,19.3157411763585
46.724949508587,1,19102,1,71.3276922465778,29.2680516391137
26.116114141059,0,19105,0,75.1154424017224,8.8321945952372
45.7614029534825,1,19106,1,143.674711554818,27.9950260855922
35.699065451741,1,19102,1,99.8577715611037,17.8132513586877
39.331523273032,1,19106,1,143.094570774293,21.8879298971816
43.8412407791336,0,19105,0,85.1989448057153,25.8588144198154
31.0493615124009,0,19103,0,26.592147321795,13.8206348776452
18.9710848553381,0,19104,1,68.8874970714081,1.30915127026802
50.194104195136,1,19102,1,100.839048955229,32.6073251578784
41.2414949406869,1,19102,1,157.331623192688,24.0604381517972
37.5264187254662,0,19104,1,112.051442967913,20.1757328046671
20.5447513947412,0,19104,1,89.05783821539,3.41272036518527
18.8139812461407,0,19103,0,60.8402589362153,1.49948152637383
32.6379960589371,0,19104,1,91.8300399476116,15.351429961415
27.1190452461302,0,19104,1,76.9096547511145,9.90214030860773
38.792789803255,1,19102,1,94.0126557396534,21.5697346880525
36.0865540397961,0,19104,1,141.261682039863,18.8796008113447
37.1812235462741,1,19102,1,92.362590126304,19.6175831743778
43.6954260139567,1,19102,1,79.333307921759,26.1542136642922
35.954762988529,0,19104,1,72.6484882762875,18.5699874381915
47.0788636447894,0,19104,1,122.282781330925,29.0987814853932
24.3342431108658,0,19104,1,110.536986377013,6.50009185799439
41.4898811583237,0,19104,1,109.374341868881,24.0598687517752
38.5211867641114,0,19104,1,69.7707478894416,20.9102862728682
31.0884070298063,0,19105,0,76.0690067392704,13.3373390125936
34.9781746668211,1,19104,1,102.495686306638,17.0604938594094
50.9090365813249,1,19102,1,140.459551077685,33.4524673970086
34.8030793476051,0,19105,0,56.9453432478548,16.8556421301461
31.6097699956577,1,19104,1,83.961179246877,14.1453541990909
38.406262536769,1,19106,1,130.002387030935,21.4059820391733
31.7848573966953,0,19104,1,50.6817168945438,13.9386641287314
41.3453609899226,0,19104,1,91.9247205862243,23.8447153354137
26.4197372942039,1,19107,1,95.3956821016438,9.12899597397014
52.1157321471764,1,19104,1,105.468625083975,34.2542514778251
37.600883633734,0,19101,0,86.4022061691952,20.10894168345
34.7725089827476,1,19102,1,61.987818316839,16.8852390387951
54.5583178279919,1,19102,1,138.571984541049,37.2555322644764
20.4983571646484,0,19105,0,98.2505818909937,2.52664587481234
49.1808877833364,1,19107,1,125.131133437738,31.2018991978084
29.7416411414979,1,19104,1,109.033478194644,12.6875741365602
31.0381530091253,1,19102,1,90.0566812198392,13.084029413163
43.9513688878728,0,19104,1,109.559273473948,26.4959779029818
23.9258464849081,1,19106,1,125.372794971346,6.74079046510084
53.6176852656908,1,19106,1,119.479997724509,35.6726834425617
35.9017887203033,1,19106,1,99.8122720885524,18.4231813821486
27.4679416302841,1,19104,1,95.1234179047704,10.187470099774
29.0091941951044,1,19102,1,123.346114660301,11.2031897195351
18.5240017266024,0,19105,0,43.1477046202521,0.698925572402061
32.5970791957057,0,19105,0,127.302209968837,15.3376812650072
54.5089235333376,1,19104,1,90.3688743811858,37.4343516835593
43.0169785544839,0,19101,0,84.5821487112586,25.7900200724233
19.5157945378257,0,19103,0,95.9432416589068,1.96758800591733
59.713335076311,0,19103,0,83.7068374560159,42.6840939372418
43.9434724275435,0,19104,1,86.5520790710091,26.4608416655048
44.7879240502922,0,19104,1,108.08209636171,27.3162001158895
18.2690589733288,0,19105,0,93.4150782839972,1.23060124161242
51.1170317010901,0,19105,0,71.2305048152078,33.9550820984359
35.1956401872166,0,19104,1,90.6653104920948,17.4072359369319
29.2611274452106,1,19104,1,95.5305269016085,12.0791070068413
40.1642183180344,0,19103,0,86.4124053567941,22.7219427654897
58.4905096906649,1,19102,1,120.947619873843,40.6809726354612
30.3338049793549,0,19104,1,128.061749484317,12.9391706452172
26.1394957822886,0,19103,0,92.8047011390364,9.05577657857432
28.5845146869887,0,19104,1,77.5459704697229,11.2844049412869
19.3259752514906,1,19102,1,109.550811599045,2.05936224606295
44.1302203615197,0,19103,0,71.1964666222482,26.4464418729768
22.0769282984065,0,19105,0,64.2285347688134,4.81988373370677
24.3780158947267,0,19101,0,91.0405519746453,7.3030663312458
39.9937487354667,1,19102,1,84.3353687928917,22.3624494348818
51.6606034918091,0,19105,0,76.3540609149117,33.8525002798865
46.6443273693313,1,19106,1,86.1165609978404,28.9980097006065
49.2627951197367,0,19101,0,104.271040095042,32.139868672429
34.4672423517678,0,19104,1,87.990395074139,17.0709300733052
42.4107963889495,1,19102,1,137.463078683556,25.2670681038529
54.8360119111167,0,19105,0,122.227892944998,37.8260312318599
38.8418150598172,1,19104,1,107.412030146161,21.7774630398944
59.8791342572541,0,19104,1,114.110666100351,42.8747158506185
43.7264257034819,1,19104,1,127.761801803453,25.981227764494
26.7357230152057,0,19104,1,66.1972871288269,9.20884372299141
33.4311517150386,1,19104,1,143.97321853111,16.1045669102355
44.5004579306699,1,19102,1,126.004811701582,26.6744921454813
46.0454079772369,1,19102,1,127.913602588357,28.3453857163457
42.6756514092256,1,19102,1,153.876411712201,24.9359109234345
39.5869138466573,0,19101,0,46.3461510210909,21.8868314989289
23.644701813331,0,19104,1,122.9220109496,5.95413943262039
19.8218732391846,0,19104,1,120.45364973714,2.15216385241488
46.8491705027356,0,19104,1,104.15941745946,29.7049357718735
52.1407755568074,0,19103,0,60.5214310287152,34.7904778475789
40.2315055876789,1,19102,1,71.0581863771715,22.6318419116833
47.7025822237881,0,19104,1,109.091209268702,29.9353783384246
51.2307412542507,1,19102,1,72.9458893349772,33.7746353831246
28.0168459006237,0,19104,1,74.233798507262,10.1991564506316
57.707915899111,0,19104,1,122.338585870833,40.1930741369724
29.5931802228126,1,19104,1,142.770518243217,11.6008378922972
35.5035076985009,0,19104,1,99.3800989960887,17.7007322426293
33.7908252516249,0,19104,1,127.520640881809,16.4002357166213
38.1802642959967,0,19104,1,113.283571574263,20.5655756019852
47.3386088698898,0,19101,0,44.2244536079581,29.4716332508978
37.9217233393309,0,19101,0,31.5635370126686,20.8954740689104
23.6920883976778,1,19106,1,107.302391941262,6.29010344202801
56.7451668553633,0,19104,1,107.07685380785,39.5778126120215
26.0828428592742,1,19102,1,137.467153054011,8.89268908889257
19.8742271270476,0,19104,1,100.140170046019,2.59595511619597
26.3375504258656,1,19106,1,161.107935826902,8.66301243096677
41.2102397250607,1,19104,1,137.316458883418,24.1284844068474
44.4712269587262,1,19102,1,114.22588991228,26.9666477995278
39.4789942905534,1,19102,1,134.866508963299,22.1395251955599
37.7349704622596,0,19105,0,115.408800716066,20.3103376903876
27.960860699287,0,19104,1,100.857132486097,10.9339962230179
29.7169350267437,1,19102,1,163.359239979927,11.7863762022977
35.4095976563855,0,19105,0,86.3452395821495,18.3800907781567
39.4889132702433,0,19104,1,129.451904252453,21.5890154112772
30.5548321544651,0,19104,1,101.458766680054,13.3612971487913
26.9390741254072,1,19104,1,147.694876666944,9.29923692744773
46.4526877034445,1,19102,1,134.028252941178,28.5492965310336
39.2155543728168,0,19101,0,59.5162422997459,21.3247791970517
56.1048283715634,1,19102,1,108.203636691782,38.5940472987848
28.1617938765826,0,19105,0,92.8438278794667,10.2670307961794
29.3186900019819,1,19102,1,79.5684463022386,11.8835914223628
38.5167585102935,0,19104,1,115.863214746865,21.2156684884429
41.5893093158539,1,19106,1,131.279265740984,23.7986392715994
44.8050499942753,0,19101,0,87.1213924139475,26.9294240870647
40.1430891761215,1,19102,1,148.622960227574,22.2841039041181
29.4373027043352,0,19104,1,76.3093554817908,12.0312633795133
24.8974559596791,0,19105,0,44.1001135875624,7.59064038224098
18.0455201749752,1,19102,1,139.953786596151,0.857568812050555
44.5135238276045,0,19104,1,127.016503331076,27.4776303538303
21.7711952622277,0,19101,0,88.3415529516099,4.40224566685453
25.6625647624364,1,19106,1,124.50002036685,7.79999864966295
50.2568323525987,1,19102,1,106.772778549045,32.4912139344881
38.8896447282063,0,19104,1,106.167478197585,21.1565512574057
42.8627450191295,0,19101,0,97.9233423325513,25.6736299989159
22.4532908746314,1,19107,1,112.869717021873,4.79577294250881
34.8571916058334,0,19104,1,82.7537326599724,17.21062805817
42.3202878097616,1,19104,1,134.893094909144,24.4758627818044
51.4456263747722,1,19104,1,154.922909995153,34.098199229427
26.6452610922521,1,19102,1,77.34082104885,9.45607335181067
56.920594827457,0,19103,0,70.4649302688942,39.6075697293958
41.5652970687112,0,19104,1,111.951046812471,23.7483513421936
59.3469662856229,1,19102,1,133.117604574569,41.8971656068612
24.4525847752157,0,19104,1,81.4028937046595,7.09362214180149
52.5377069790768,0,19104,1,99.1948048401718,34.7870128028946
48.2522622644135,0,19104,1,96.6386388613982,31.0719293678811
31.2453553189653,0,19104,1,120.53245851332,13.8856129129081
33.445743280238,0,19104,1,124.047964464457,15.546895550339
38.704020414151,0,19101,0,73.5450146025123,21.2715695019567
38.1359289668354,1,19106,1,106.205977329032,20.6236917875095
28.1247924498931,0,19104,1,79.2090316324328,10.6936048017997
37.1393284705507,0,19105,0,76.8023324451479,19.6514580874743
41.2293052684128,0,19105,0,86.4196297238589,23.3877299422476
40.5448276539916,0,19104,1,162.414849444739,23.4510567013292
30.3812791444674,1,19102,1,184.583354491775,13.2071255625073
28.5788788513404,1,19102,1,164.616400249525,10.7732363950585
47.5457863631278,1,19104,1,88.8571066862957,30.4803192655641
48.0626131505225,0,19101,0,67.3780929195787,30.2449492688276
38.6598344910377,1,19104,1,136.711055216714,20.8104129114141
40.8788517322932,0,19104,1,148.17380185993,22.9089217470568
43.1391725760112,0,19104,1,83.7261812348136,25.713909098289
43.9523497826501,0,19105,0,38.6400226901869,26.7824268445454
42.9436607010019,1,19107,1,97.7308672322312,25.5684892074958
44.8017830695314,0,19105,0,52.8605159991222,27.7959896608079
34.1982529426943,0,19105,0,97.9415710636734,16.9928098801076
36.8660290231627,0,19104,1,86.9276390593531,19.4377373631276
31.3879207258093,0,19105,0,103.447561383536,13.6835420231315
34.3906787531856,1,19104,1,100.781519861392,17.0203074682909
58.4317678385078,0,19105,0,84.6284725084334,40.5370570202022
25.8499660797147,0,19104,1,71.2846693414257,8.07138340666047
57.1536508935419,1,19106,1,132.116593695013,39.5490111621943
29.7676100416691,1,19102,1,162.806929322097,12.5392499286797
26.8876973135598,1,19107,1,113.030018488052,9.04831082524876
44.6073445160248,0,19105,0,113.851156428301,27.055806067244
34.6548457677186,0,19104,1,82.9804552069977,17.1453210700479
25.0839427182354,1,19102,1,107.551246618109,7.68338708802084
30.1179757345565,1,19102,1,163.357842522837,12.2421665216428
37.2060191099123,1,19106,1,113.192139476156,19.7760613228717
29.1340986779603,0,19104,1,88.2271091621384,11.6475175575531
59.3812063995263,1,19106,1,146.083878038951,41.4266386323123
43.2388424007692,0,19101,0,67.1343815396724,25.7078360266056
36.4833328954668,0,19104,1,104.517705683391,18.7034194434786
24.7347617477274,1,19104,1,44.9370776239243,7.07618654143092
47.8941565786962,0,19103,0,52.0560576862124,30.6562035046526
48.7393763801892,0,19101,0,57.0203297399122,31.3490683525679
33.6463293073078,0,19105,0,43.3059662021229,16.626147232096
48.383995082948,0,19101,0,30.2970782488305,30.9023545638394
39.6973208255733,0,19101,0,77.0326913798896,21.9033306831627
37.4340185523016,0,19104,1,137.948975715241,20.4025200072193
54.3004256764949,0,19101,0,63.3540976075061,37.1966881338564
48.0921006516075,0,19103,0,85.3388675327862,30.6807591294857
31.8561238491134,0,19101,0,66.7819110222181,14.5689961957437
27.5162266420427,1,19102,1,110.796921403123,9.5562861140113
33.6474784785669,0,19105,0,93.437109259377,16.2665386137806
24.0899512726452,1,19102,1,96.7377077992714,6.12653012951949
27.7132125952056,1,19102,1,111.343097723476,10.1586903556025
22.4500133724733,0,19104,1,112.852622568928,4.48827216903109
27.1505378544868,1,19104,1,108.317324425241,9.72376733083068
29.8604915854491,1,19106,1,73.0905814420907,12.1495517459668
29.1813564668792,0,19101,0,45.0013661070964,11.5266552349003
19.9662423237022,0,19104,1,74.860888858793,2.13889462554644
30.3512865473002,0,19104,1,70.3130764004473,12.3678135532372
24.3834298588345,1,19102,1,128.079884162141,7.04830136778855
44.4305006657036,1,19107,1,135.497369682239,27.028127242835
50.6823531991158,1,19106,1,94.1954356797465,33.2598170583424
46.9046120481918,1,19107,1,103.761858556814,29.3786633937972
51.4303438795329,1,19106,1,135.485825945115,33.7862923281797
18.982450844649,1,19106,1,76.4598992516183,1.67375351341788
24.5402622624551,0,19104,1,125.062099555196,7.0797965900292
31.7038195414361,0,19105,0,106.635462207823,14.2515897561688
30.3101830890528,0,19105,0,72.1247943206352,13.1937270810022
39.2362341274051,1,19106,1,102.252035521041,21.6730412054816
30.9566901358488,0,19105,0,40.6110252655268,13.3863935563426
41.8287306176436,1,19102,1,84.7523032451247,24.1782604372066
30.0141844395489,0,19101,0,102.902925384493,12.0941451203485
40.5945323884861,1,19102,1,80.4923640682069,23.560768864574
29.8931491326516,0,19103,0,50.213579296656,12.5586808405792
47.8738248858194,1,19104,1,117.551466617473,30.724600952823
38.4984859827278,0,19105,0,61.905686820756,21.487782553148
51.3408743562947,0,19101,0,91.4813106669878,34.2605384926616
43.621949853182,1,19102,1,131.149989123472,26.1293859428653
54.6651871787751,1,19102,1,102.424367913375,37.4028149665234
46.7422776598971,0,19105,0,109.642054153318,29.2931397698842
35.8151066257486,1,19104,1,95.9800451466322,18.8072233873753
31.6372853715791,0,19105,0,74.9444293190756,14.267995515175
37.1416290480712,1,19102,1,83.1494050667541,19.5322564082754
33.5761933823659,0,19104,1,100.173667102478,15.8625088532998
18.9313101932414,0,19104,1,57.3599750224587,1.43494497085993
49.739000555291,1,19104,1,90.6895119928774,31.7843951330754
32.0820784361093,0,19105,0,53.9362991665748,15.0183937539803
46.5842935707052,1,19107,1,115.262624817758,28.8639435876259
36.4967997430065,1,19102,1,89.3012119352836,19.0319298351822
42.822442430938,0,19103,0,55.6094704269783,25.7513431114427
54.3246214267884,0,19104,1,105.748410871144,37.2149498005484
50.5274146455118,1,19106,1,103.584737851051,33.1243920374905
32.4670165221201,1,19106,1,114.476745737031,15.1996506681195
53.5520330836712,0,19103,0,76.290659560938,36.3975887956745
43.3856613105857,0,19105,0,124.847362647477,25.6057063425654
42.7047990814056,1,19104,1,116.602031976316,24.9773788330815
24.9332353261203,0,19104,1,66.2288905594176,7.90862686726228
29.7452023099935,0,19104,1,68.8687557426447,12.5300718381362
28.048331089735,0,19104,1,124.354439494381,10.9381309474799
45.7850011506767,0,19105,0,70.0819596923473,28.5379286896155
48.3884568978893,0,19105,0,83.0758916742311,30.7139927715389
35.4781487548301,1,19104,1,94.0811300805815,18.1380761032036
35.698345401885,0,19105,0,102.005581854842,18.554498238584
28.2610807762378,0,19101,0,84.9062242925728,10.6757029584971
22.5985626683216,0,19105,0,95.2072350396926,5.04682422686548
23.3438676817763,1,19102,1,93.8399441207011,5.50105700417901
30.99262533984,1,19104,1,114.405068965684,13.8509377690017
38.1156093196978,0,19101,0,96.7307809156799,20.6375482646317
34.1951648140537,0,19104,1,99.8203596468598,16.5277991447809
42.5115188639261,0,19104,1,98.8750720768362,24.6980405985028
24.2815598531791,1,19104,1,80.8797062997502,7.19415639905972
28.1683337567683,1,19104,1,99.0031401277127,10.6656180469162
21.7849304985067,1,19102,1,122.97256579237,4.34125266194324
52.2287581722033,1,19104,1,92.3915454002308,34.2784547108006
21.0842767228639,0,19104,1,81.9898475116798,3.8250689628801
39.116927854522,0,19104,1,84.617913394338,21.9687656413678
31.4395357406686,0,19103,0,88.6779519942519,13.9346721089899
44.7827656529639,1,19102,1,136.468364369917,27.7015806471258
41.6031728556649,0,19101,0,67.0517639612391,24.1143519030688
58.2546429572598,0,19101,0,73.9541838900976,40.3030628018518
50.5614822113305,0,19101,0,103.975772550694,33.4148926713854
33.802958640219,0,19104,1,100.253872499978,15.8916438552042
30.0079087656985,1,19102,1,79.9224683008631,12.7840726333733
28.7739503635387,0,19104,1,78.2564671384991,10.8646361120339
34.6941116871885,1,19107,1,126.083587507435,17.2293505268744
39.4205106224712,1,19107,1,155.755497592679,21.7989685656816
49.208933806858,0,19104,1,101.899717321392,32.1938789699887
54.8329582727418,1,19102,1,92.1627158531887,36.9306907044628
26.7834922136057,1,19106,1,109.765039064443,9.78232227198482
51.3129294485032,1,19104,1,73.0019705202352,34.2713777425877
31.1640057576525,0,19104,1,90.9577377007215,13.1720702048561
27.2639915575589,0,19104,1,85.2498610333675,9.64472753511171
31.0471973190701,1,19106,1,126.48928821831,13.586801915631
18.3133367111265,1,19102,1,119.478116617623,0.814713903918079
31.5920445325929,1,19106,1,111.636596570877,13.7326511608582
42.4702071771562,1,19102,1,124.380732395603,24.7521191936057
42.4508335106459,1,19106,1,118.818050981783,24.5694814850961
44.1351059636386,0,19104,1,90.835996158258,26.5180228635023
46.0959114130638,1,19102,1,111.137753442943,28.4134413978137
37.2651189173729,0,19104,1,113.809222471679,19.4566094255232
20.4211578215439,1,19102,1,78.4490560680615,3.29908879985696
41.3856915693515,0,19101,0,81.7886985462467,23.981916997048
46.8036565789361,1,19102,1,136.083466892913,29.2217812395529
31.5408497423454,0,19104,1,85.6396593669602,14.4074975807274
20.640086331574,1,19104,1,143.855567646124,2.68783497617744
38.6988755838147,0,19104,1,86.5066720249421,21.2839537967129
32.7225228484545,1,19107,1,157.337014980755,15.5276649810199
46.4300651183888,0,19104,1,122.467481274065,28.455562915334
55.2081692447564,0,19104,1,43.8069654250928,37.4608911499991
51.7020581840966,1,19102,1,87.4639578541842,33.7914394309242
58.2315025995503,0,19104,1,90.668806074922,41.0163843843638
52.2611458957329,1,19104,1,124.457975037908,34.5639601432852
23.1448628464374,0,19104,1,101.079415426328,5.22710010778484
28.9617500757998,1,19104,1,123.276129317169,11.8912974133821
54.320633568289,0,19104,1,133.484604855709,36.8704548582437
24.6154815218257,0,19105,0,57.6444109174329,6.99048354046739
30.5127422419752,1,19106,1,108.033309258433,12.8465611062854
46.1584380131861,0,19104,1,74.3476222495167,28.1791812055925
47.2732867605786,0,19104,1,130.50597335707,29.8767189218465
32.0832272370183,1,19106,1,125.933351018454,14.7875159525149
46.0753670823374,0,19101,0,56.0387854315127,28.26686003032
51.4079582078433,0,19104,1,100.135987454864,34.2382498718383
42.5449758334204,0,19105,0,57.4558860763815,25.4284525091413
36.3890076559866,1,19107,1,156.185859987173,18.555479090278
28.5718185606061,0,19105,0,74.7557591029047,10.8362944934166
33.7280174863349,0,19105,0,80.5287823593023,16.5653443773567
47.7055182719763,0,19105,0,87.2133248833474,30.2728004203803
34.9625542526674,1,19106,1,123.293330212061,17.7509138378856
24.3653284357212,1,19104,1,109.037753949178,7.06537029466619
32.334153303038,0,19105,0,87.7945028741094,15.0000910282597
48.8608957416903,0,19104,1,90.5634159797204,31.1517893913727
43.8301508047419,1,19102,1,92.2947541217628,26.4651502312894
43.7027641743065,1,19106,1,171.936261103306,26.6934938769431
18.7025826058274,1,19104,1,78.7647537905328,0.874691669309286
38.9536988209923,1,19102,1,140.887507031006,21.6857629612544
27.8892357198747,0,19105,0,39.5313899894973,10.0051197182147
25.9606035364898,1,19102,1,104.28122950707,8.69391515051147
20.7650419304073,0,19104,1,83.0888280884478,2.93161304555087
38.8856361373956,0,19101,0,43.4791362074493,21.1072872954584
39.3784688185607,0,19105,0,64.3773897916132,22.0839142411188
23.141072251639,0,19101,0,62.6839459472245,5.39668745295203
53.1595549088131,0,19104,1,114.721002053224,35.7614067467555
35.6907679447724,0,19101,0,88.5774790513415,17.9378388509905
26.7332436034773,0,19101,0,43.7220552092558,9.09132440479852
37.7066761473543,1,19106,1,124.555609450132,20.6381029851618
25.3130827829644,1,19102,1,95.9521242552605,8.00613926415624
38.2347702202369,0,19105,0,58.7463803046334,20.5978274161443
32.6096492196938,0,19105,0,99.2154224238808,14.8954623270819
33.2224196531067,1,19102,1,79.8223496485002,15.4961075813232
41.0456127332542,1,19102,1,83.4977214903617,23.7215269698314
38.6072678269106,1,19107,1,140.343554802201,20.8328135301113
33.6010512384032,1,19107,1,112.580034898767,15.6451662783888
24.4242759748814,0,19104,1,112.899649697863,7.11815128209859
29.3108171447877,1,19107,1,123.233830020937,12.2265732874859
24.3648092595,1,19104,1,94.9745633766189,6.40843378050026
36.2585530572119,1,19106,1,121.272314956642,18.5492650959654
27.8360563181411,0,19101,0,109.828968205891,10.2822140452988
53.9450874709375,0,19101,0,101.402306397781,36.5802838463653
47.4758275595321,1,19104,1,118.064336823327,29.8832671169019
26.3042574379174,0,19105,0,90.9412685000284,9.13222876014656
33.9609443807317,1,19106,1,117.141772659531,16.410877413237
38.2222598349523,0,19105,0,57.5820630738685,20.480754440961
25.4823208435961,1,19107,1,118.834178577447,7.94515242716869
56.0362779192723,1,19106,1,90.8088040889644,38.1600152870736
51.7427907736292,0,19105,0,81.2756243767822,34.1623401978305
44.3396478512179,0,19104,1,85.3129854159722,26.4432783413533
28.2408300951968,0,19104,1,122.886715427677,11.0559407516296
44.882594930243,1,19104,1,76.310143562329,27.575704727324
26.3093914748191,0,19104,1,97.2028970118213,8.65185615327422
36.6840157927437,1,19104,1,122.79573445288,19.6433198325759
42.6352388580353,0,19104,1,31.9445956147398,25.4890468687308
26.6436474049105,0,19104,1,128.930152062392,9.46086920128338
46.8945497354643,0,19105,0,86.5270411074489,29.2078491168713
39.4305904963135,1,19104,1,90.8526885667869,22.3459949280682
44.4490590568621,1,19106,1,76.2414337903961,27.2298356898118
47.6122828030833,1,19107,1,88.6573827610853,29.8241954539311
58.9879769167245,1,19102,1,156.54789319628,41.4616523456141
44.6321891309834,0,19103,0,46.2380048443649,27.3586408499304
35.4459029976532,0,19104,1,102.570989175506,18.2623739717782
24.0349824374289,1,19104,1,124.300219268708,6.38611704499725
47.1193844698499,1,19102,1,81.6963358407841,29.4683111549019
19.4389478410203,1,19102,1,108.347229283838,1.63763291431405
54.5920871872253,0,19104,1,140.660355586402,37.5600236988424
41.5775554042204,0,19103,0,54.9316185420635,24.524712037238
34.7174722527144,0,19104,1,92.109316057982,17.2796873487988
30.6569288834782,0,19104,1,106.288199543501,13.3613714415898
34.4710912503603,0,19105,0,96.4089405985827,17.0053018275018
28.7248342150001,0,19104,1,82.26680706021,10.871257235633
40.8042576413668,1,19102,1,101.908257912826,23.4219866982262
32.0881817014539,0,19105,0,94.8367353112856,14.1636557799881
57.0189393407149,0,19104,1,142.247656041304,39.4741258639792
48.011831562598,0,19101,0,37.2409208308758,30.8000347503505
25.1900911651699,1,19102,1,121.051421818936,7.22855448482171
43.6150090414132,0,19105,0,56.0037155476393,25.8647849924429
54.5298793785068,1,19104,1,90.6604043192833,37.0881213072016
36.8892951528266,1,19102,1,114.869582031676,19.1251966512952
29.0402230237395,0,19101,0,63.5940010233505,12.0331224874844
31.5255397523905,0,19105,0,80.611160382456,14.1728230100742
33.7214119669564,1,19106,1,163.826204551424,16.2356166818694
53.1264830135679,1,19104,1,138.160430885559,35.3153742693303
29.8408445869385,1,19107,1,129.090605017721,12.6940461194421
28.918319856573,1,19104,1,102.9469429991,11.1451834182367
43.2047602326525,0,19104,1,121.38890247851,25.5365570946047
31.73780429125,1,19104,1,103.540152833278,14.5273804666398
43.3361319126543,1,19104,1,124.643179359022,25.5022808981576
42.3937108881509,0,19104,1,104.018362418338,24.7153117171692
25.7075132324508,1,19107,1,111.835633478118,8.03919054308525
47.6263536466182,1,19104,1,71.5619036035755,30.3650810560108
45.5067195868913,0,19104,1,99.3589968255625,27.7199375578064
22.1023184504953,1,19106,1,107.024760898103,4.42630598336803
48.6193193089451,1,19102,1,119.286688168973,30.6445863921429
45.4612722332535,0,19105,0,100.134947023175,27.4754115609398
40.628038985039,1,19104,1,132.694328446831,23.28533143605
33.8170886010752,1,19106,1,89.3003718690152,15.9059096522519
46.3639829361557,1,19104,1,80.2760776988725,28.9970806660342
33.9559406104659,0,19104,1,92.5459615104279,16.1264870280561
59.4084401594555,0,19104,1,98.7982431047096,42.1801076133816
30.5699277083273,0,19101,0,90.5562187033007,13.5282194577972
36.5229381438597,1,19104,1,108.095793287049,19.019246205154
24.3117445929086,0,19104,1,93.6556628311389,7.22960127988997
44.8132104685041,0,19101,0,90.0258174744457,26.9875078955642
24.3443746977707,1,19106,1,137.117515551929,6.42673800641086
30.8611847395118,0,19104,1,60.145693060941,13.359001660025
24.7352361820417,0,19105,0,56.8396250559892,7.0732173434703
34.3994204088393,1,19104,1,102.927720013461,16.7714692320022
18.7361853619836,1,19107,1,121.401535849016,1.04652534344078
59.8210235457164,0,19104,1,113.51165786413,42.1850278754946
46.9669120560047,0,19105,0,95.0222704386043,29.4084339629972
42.905722572896,1,19104,1,98.6205413004337,25.1641811644279
22.1260511110622,1,19107,1,132.839165559603,5.0389578458007
42.3986608581151,1,19104,1,111.74185593956,25.3717451861127
54.1291707546897,1,19104,1,92.9991711515008,36.8580496695339
36.5909821681832,1,19102,1,127.773351722391,19.3705827875217
24.2237229202927,0,19101,0,27.8030350345087,6.98053639778467
49.9965616506848,0,19105,0,104.920263202049,32.3562809860192
54.0948965227695,0,19104,1,116.344428388492,36.4251299355642
26.5483545860006,0,19104,1,155.215019620752,9.45393853808851
44.9298620470753,0,19103,0,60.2949143667604,27.9264854500023
39.6473584712595,0,19104,1,147.478068363608,22.6222585569713
41.7288559714298,1,19106,1,133.377121323242,23.8319822337444
42.3868314195089,1,19102,1,149.16947405179,24.9305796215441
38.5976448326422,1,19107,1,146.920542867862,20.8963869357997
24.8886880067842,1,19102,1,143.616044026192,7.5696785278818
32.311705424145,0,19105,0,54.8618750140732,14.4682751539369
26.346279498619,0,19104,1,120.541397628788,8.70509393556137
59.305896858225,1,19102,1,106.750151162215,42.0089212618828
44.6416833630678,0,19101,0,72.3444525343166,26.6907331768338
21.0872620266149,1,19102,1,90.6194304670485,4.03918123629267
34.4259177581054,1,19104,1,95.8164397246027,16.6373325856049
26.4933417093237,1,19106,1,102.347339264567,8.85110704398198
26.6881870308917,0,19101,0,84.7430344748483,8.8754760516368
51.9541494900669,1,19102,1,126.653009304518,34.0123868743731
41.8699591545545,1,19102,1,114.88385288724,24.5724612836883
26.9966842610515,0,19104,1,118.265159415283,9.11580832480779
41.2049702922441,1,19102,1,84.5749462961494,23.6976746038627
32.9182269467475,0,19105,0,87.6017148543323,14.9812138347389
35.0691739791712,0,19105,0,45.2059032449634,17.9352644896774
24.1975544341896,0,19101,0,73.2398017782927,6.27580533130654
49.4459297598789,0,19105,0,108.52599946784,31.524726027854
37.056900840274,1,19104,1,86.3374106974228,19.8254412827295
57.6420014652225,1,19102,1,91.4733844104444,40.0875926502316
46.4240199531507,0,19104,1,73.7222430503919,28.6370787603393
37.908532954977,0,19104,1,136.978419755791,20.5249325588728
51.6321849291999,0,19105,0,94.6521503026401,34.3389575758338
24.9754450162158,0,19104,1,55.6261759841186,7.70706467882107
38.068432750751,1,19102,1,103.501174641075,20.754074973392
23.4423513954289,0,19105,0,92.0802716667885,6.08324635790363
19.7777338697478,0,19104,1,100.507959186078,2.51073864860417
30.1852041843915,1,19102,1,72.286161165576,12.2705950376214
22.7238506406897,0,19104,1,73.3821136213844,5.28199292974334
35.0976893213011,0,19105,0,71.6481304494251,17.7769596751678
31.7479274633795,1,19104,1,98.6326627857316,14.7200993350695
51.4280153884453,1,19107,1,139.258213438757,33.638933105524
34.3772054017794,1,19106,1,99.4800098487921,16.8509623018366
46.2263615092596,0,19105,0,98.2445440564526,28.8194903867187
29.6613515604677,0,19103,0,93.7929740111725,12.6027770846541
20.6704440305,1,19104,1,108.616812831569,2.73860000697798
27.1033878899828,1,19102,1,88.8098373453849,9.5937998605144
45.2369429822617,0,19105,0,93.1294412529868,28.198637827493
49.8870698858901,1,19104,1,73.9224938541853,32.7079703023575
34.5505327246088,0,19104,1,70.9700734069934,16.788002794509
31.4092862222418,1,19106,1,146.693826041202,13.9581637778859
26.4069825802886,0,19103,0,82.380459345096,8.98039109315283
29.0688425152614,0,19101,0,63.5514224747324,12.0468788078572
49.8797549858552,0,19105,0,71.3594348321831,32.6200224798501
43.7889683644336,0,19104,1,99.6755117932897,26.2275593129035
27.4363938182222,1,19104,1,124.118931097456,9.54601908066333
42.1923442356098,0,19104,1,84.3432719893386,24.5589204597096
49.5223432971467,1,19102,1,98.5078240151513,32.0220227734022
28.9776581071499,1,19104,1,105.585474116573,11.0635860108021
43.2060587628479,0,19101,0,78.7969971883612,26.1621687930277
19.3359840068226,0,19105,0,108.377736932571,2.12107641256461
29.3067164293613,0,19105,0,92.4472906440022,12.2708322406404
21.4590157661557,0,19104,1,60.5079076365702,3.75350626627611
41.3830436288874,0,19104,1,101.242806156217,23.8902551091771
50.7477387309153,1,19104,1,91.9938426965848,32.9087301572398
33.4781561936069,0,19105,0,75.5652723684262,15.9587533681005
31.6061220112692,0,19104,1,71.7429273116224,13.8344970957346
24.6615478371097,0,19104,1,101.666430345482,7.09905407021888
42.2344622230738,0,19104,1,69.372806758953,24.7174016400821
30.0634398595015,1,19102,1,87.6537081886895,12.1681800952232
19.6061448820421,1,19104,1,88.7882764132435,2.09340551146502
47.1876835732057,1,19102,1,111.894003894683,30.0650077485281
21.58445030583,1,19102,1,87.7324071345947,3.72293804508562
37.1314501034992,1,19107,1,128.415894584122,20.1306572720839
27.3238590922012,0,19104,1,93.4556209640454,9.55614472099498
33.4375238560757,0,19104,1,112.597146465196,16.0356560978258
57.2782773543774,1,19104,1,111.305946555152,39.8338772443282
20.1393713013886,1,19102,1,111.124606503453,2.33566525752306
43.4211007743575,0,19104,1,86.8979157746467,25.423966296526
43.2887400857761,0,19105,0,112.270113416404,26.2508615177247
30.9644407943181,1,19102,1,88.6528418443428,13.6270910432852
28.8779733782034,1,19106,1,144.498921979689,11.0076333673536
22.1237902607712,0,19104,1,92.199970102994,4.62077695447387
32.9331416613025,1,19104,1,92.4517518127161,15.8710478180622
24.611012292129,0,19105,0,77.0165985400424,7.42894767344647
38.7300755965941,1,19102,1,103.5447469717,21.2066403615706
47.8756930462092,1,19106,1,124.014564679166,30.5750708854299
19.3976003581123,0,19105,0,83.0627836746388,1.70675545674058
41.4897259814378,0,19104,1,108.24880586338,23.8297291137923
37.9200598667012,1,19102,1,109.334166050307,20.2640744056189
36.9761291391569,0,19105,0,84.9304445649195,19.9415877958181
48.0868509928695,1,19107,1,107.425932511306,30.4383430110755
24.6645815132652,1,19102,1,126.496621347746,7.5903983819299
35.5024825342782,1,19104,1,116.303189485454,17.6697272864488
24.5611281257907,1,19102,1,94.1351337677451,6.78473783450591
58.0959422827464,1,19102,1,126.856098125952,40.1604835192438
32.8286777220293,1,19104,1,87.690802508565,15.7503135856333
36.8412854261392,0,19105,0,86.6395369135955,19.0296153528311
32.8679553854893,0,19104,1,106.232996596053,15.0379290173444
42.4353820013472,0,19104,1,101.021889970646,25.1804602395402
24.99165322078,0,19104,1,78.7644452368725,7.64220672059415
29.2266242042289,0,19104,1,125.441381338055,11.7739199110412
40.1005928723336,0,19103,0,62.7290434371167,22.2745633132019
34.4792680439162,0,19104,1,93.7152045180705,17.1390657479963
45.7361431497005,1,19104,1,69.3510488271202,28.234116963143
50.5705846473358,1,19106,1,167.854305599143,32.8960296208754
32.8673479182229,1,19104,1,73.7471178414429,15.6832799499437
32.7356185568828,0,19101,0,65.1725958053855,14.9849616659671
43.7823239653615,1,19104,1,107.728486697225,26.1086668721644
56.4033588908072,0,19104,1,103.88385210316,39.2136750883813
35.5277717222481,1,19102,1,108.956116314061,18.0809579873013
42.8525349182119,0,19104,1,119.960927452417,25.0342391616242
51.7499072080435,0,19105,0,45.3817125269369,33.9945450123822
35.2686530820996,1,19106,1,105.681615790604,17.7341966066946
35.8070797507634,1,19102,1,100.272774220589,17.9103412853537
42.4347623747504,1,19102,1,138.965698209982,25.3378861723664
46.8223290785642,0,19101,0,71.393761661454,29.6551291367465
40.9615383287344,1,19104,1,109.045707238714,23.0483366520528
41.9048663094334,0,19104,1,105.738686817324,24.4274100848168
36.7407442085368,0,19101,0,44.1514523230783,19.2141450316102
18.0742178293619,1,19107,1,104.547236854889,0.279810932671943
51.2922012957751,0,19101,0,53.939123144477,33.3885073359597
35.4985450234896,1,19104,1,121.81536992939,18.0702116492836
22.7650147756528,0,19104,1,115.197516017442,5.09542747479526
21.3620179768679,0,19105,0,108.482724322111,4.15193416136588
25.558943354033,1,19107,1,126.762613436287,8.24169349970486
38.8578087384768,0,19104,1,159.792610892544,21.176861362993
31.4290241138121,0,19101,0,81.2237744338338,14.2523508851924
25.1036871007386,0,19105,0,58.2666304223787,7.25209076835058
40.9446559215286,0,19104,1,109.157866828088,23.4418063699123
46.2113074252931,1,19104,1,106.555606155051,28.9979961188594
34.1276041899757,1,19102,1,79.3311282508624,16.1613262677049
23.3306768359426,1,19104,1,50.6203682117853,5.5518287140686
19.8548379481243,0,19105,0,64.9915936737269,2.10155691522487
36.6905170401506,0,19101,0,39.7161325822375,19.5546535916574
38.6198859714947,1,19106,1,131.697849887896,21.5953275791413
33.6621297485084,1,19102,1,83.6588909931377,16.2360805148613
36.8404541248164,1,19102,1,121.989779060877,19.3474483224272
22.4531979756024,1,19106,1,133.362061839714,4.45843830002138
46.6780054626123,0,19103,0,17.2081551715137,29.6717041231294
25.4111208918344,1,19104,1,97.976331595126,7.78948777498006
18.6460166776709,0,19101,0,76.8202487107964,0.677761589006302
54.1863482543243,0,19105,0,99.5451207545062,37.1376888526114
42.3122043644252,0,19104,1,128.832095018422,24.3747237303468
21.0584705030163,0,19104,1,104.094931190922,3.5647440341384
33.801321004452,1,19107,1,119.415366544192,16.0320957104488
26.4366281651593,0,19101,0,95.8532553293309,8.71084798939334
38.1811311469496,0,19105,0,63.0593362046367,20.3601071258158
32.3956985027705,1,19102,1,106.948895337358,15.0655573018537
30.1906168657832,1,19104,1,76.9178549231493,12.666387903412
32.6709594498,0,19104,1,113.442822466076,15.1918814025896
38.7521742683304,0,19103,0,70.8892500610589,21.245316019834
45.9918169548928,1,19102,1,66.1213578507143,28.8979293489556
39.9457094268809,0,19104,1,82.9382985603671,22.624632029322
33.795169408271,1,19104,1,99.1402559565986,16.2453137259706
26.33086918121,1,19106,1,136.203650573868,8.73244512652771
18.0438979272685,1,19102,1,94.6998844064331,0.10212058829616
29.5772907728856,0,19104,1,121.10416211724,12.0090811324367
39.0476621831688,0,19101,0,70.6478532115547,21.6279280681549
38.6849833219007,1,19106,1,123.075173061297,21.4694611685977
33.8996524865244,1,19107,1,164.468769270639,16.1997426756163
43.5734430254528,1,19102,1,101.845366238676,26.261254587313
44.583968414347,1,19104,1,118.749251943743,27.2468206730013
44.5780534804741,1,19102,1,146.117422372818,27.5415370787902
22.73218498692,0,19104,1,127.34219493622,5.01500304123466
55.5313637632,1,19102,1,96.4770374835511,38.4027807172908
23.2849422169734,1,19104,1,83.6030011614305,6.1956706552651
22.6789236421122,1,19104,1,87.7044249705806,5.67686176122005
36.240448127818,0,19104,1,98.3445047674759,18.4733925420704
34.712935555242,1,19104,1,102.810435919632,16.9166131117194
55.2518654927625,1,19102,1,73.6431954677689,37.5612389250672
54.1377792181265,0,19105,0,83.1872754051646,36.3964545219023
36.1821306493752,0,19104,1,127.081213194261,18.8782762907599
23.1525504212567,0,19103,0,53.5895750443976,5.82590941183466
37.7623750509943,1,19102,1,136.760770673175,20.5558199520006
45.7932778427966,0,19104,1,85.8682367173544,28.3418152496341
58.6512111352126,1,19102,1,132.624375504823,41.2741637498906
44.9686188064851,1,19102,1,74.9377313947116,27.7547707702369
33.0150860411914,1,19106,1,144.53763566068,15.4957216420544
40.7210368202182,1,19104,1,138.250197278814,22.8641652730407
52.9085764583143,0,19103,0,86.8180761712881,35.5165813284403
51.4783334456528,0,19104,1,93.9483912754438,34.3555181188653
55.6915786130464,0,19104,1,97.3153402225323,38.1136592276504
18.4058189976874,0,19105,0,49.7927051890978,0.421867120117589
49.1111212318928,1,19106,1,70.2527306399433,31.7217084276189
38.838210588934,0,19104,1,127.652032787646,21.0500664034933
43.3941921259168,0,19105,0,119.464734536008,26.2087404537372
20.9162846807484,0,19105,0,68.5271215026549,2.93571974445135
50.8709672227332,1,19104,1,117.266500263024,33.0032333341723
20.3631290936083,1,19104,1,125.530842929706,2.55411900213771
28.2734325493986,1,19106,1,92.2875212373113,10.3407936511396
24.5001153669067,0,19101,0,78.803976944855,6.83004974133596
49.8678891549634,1,19107,1,114.112656147486,31.9851239514819
40.3217446367151,1,19106,1,110.866196815696,23.0690000488783
48.9102576212592,1,19102,1,147.398899712051,31.0538457937639
23.6183119323558,1,19102,1,134.491902282806,6.13178441887597
51.6694028124083,1,19102,1,115.861758338333,33.9211919242852
32.3209814799554,1,19104,1,81.4626622211708,15.2842119520134
29.2901299716305,0,19104,1,123.983966575335,12.2502877355419
39.0757570326268,1,19107,1,144.546097093041,21.6379086395199
41.8416551783116,0,19104,1,108.796849022801,23.9440576944867
44.3850441498097,0,19101,0,71.2504562769969,26.5238259993374
35.5941802039063,1,19102,1,108.193840546264,17.6708795367061
32.6949694295034,0,19104,1,76.4626470273914,15.6210662213706
31.2065423620998,0,19104,1,99.979805524862,14.1114637135661
35.3726281006861,1,19102,1,112.092454928258,18.3551196374505
27.6672483730398,0,19104,1,120.347122610717,9.71791121538619
57.9051864418643,0,19104,1,124.390854902834,40.7336333162593
37.5960175711453,0,19104,1,91.4516685180366,20.0663904279728
45.3347181206794,0,19104,1,101.852875737333,27.3864405915831
32.254800871422,1,19102,1,91.3498915643508,14.7802066255244
39.2721151408389,1,19102,1,119.584460062591,21.5735034336451
49.8444496829789,0,19105,0,78.0630827324009,32.7407791417818
26.8315711354329,0,19101,0,42.5060356618274,9.08453599526121
33.3146659893882,0,19104,1,82.536818297011,15.9360804615044
48.614614154017,0,19104,1,124.047133005284,31.0229103546966
43.6686117684824,0,19105,0,89.4883066376585,25.8732506449689
43.1844049295426,0,19101,0,31.9982517628247,25.994855422435
25.5509174292024,1,19104,1,91.5074244602761,8.19503871449754
51.0587623486835,0,19104,1,68.4465872790288,33.1741011829189
36.856538291979,1,19104,1,74.9817838206265,18.8983251596386
44.8178427726797,1,19104,1,86.8880179445137,27.6349851290996
45.3794655037815,1,19107,1,126.39479592246,28.3763149221664
29.1810991518355,1,19102,1,73.9538202724057,11.6258974062434
26.2504917905149,0,19105,0,86.4734303779297,8.61105012222608
28.4255606387324,0,19101,0,72.1967749371305,10.8103727993603
23.0933059047979,1,19106,1,89.9134279123341,5.86516974229145
27.725742649222,1,19106,1,53.069340615873,10.3203090130633
44.6343118692205,0,19101,0,72.6657747424699,27.0681263661866
41.2874160763686,0,19103,0,27.4117429606441,23.7030992084993
37.8531372959689,0,19105,0,116.780715870528,20.5145463915971
35.9419142639458,0,19104,1,135.425274190628,18.7569583291848
47.0932548363267,1,19106,1,138.505932109995,29.4405162802937
43.2324990039274,0,19104,1,79.7622434975782,25.348601437458
39.246016690405,1,19104,1,132.1816544851,22.055367490407
20.6319463725395,1,19102,1,133.758022583871,2.73931818895112
51.8450747071034,0,19104,1,107.642320967419,34.2131791460993
26.7935359193726,1,19102,1,152.22941723027,8.94771470849092
23.4971339540127,0,19104,1,120.091535756922,6.17756013367693
28.4187173189968,0,19104,1,119.729859363615,11.0730682968535
46.7889358941401,1,19106,1,103.372199607905,29.651803687674
53.9928817564169,0,19104,1,81.2407775732278,36.5626483819461
36.9188062521642,0,19103,0,69.9592392622572,19.7053197686107
26.876468928194,0,19105,0,91.8501646282127,9.52365439467907
56.3051286315136,0,19105,0,79.2549861394143,38.6436738449671
27.7482919927574,0,19105,0,73.4474817858895,10.3300588442365
35.082973172076,0,19105,0,79.2611930688177,17.3602314213086
33.9165530267499,0,19101,0,83.5917766557073,16.909839598681
28.3059253060373,0,19105,0,110.563489858296,10.7490084598421
49.7809961873618,0,19104,1,109.596757045207,32.5038641647015
33.7896585171207,0,19101,0,94.0116708728,16.6344264939058
45.417767324852,1,19102,1,123.127326721092,27.6893324559966
55.9699017108699,0,19105,0,77.0666599369161,38.0166739743483
21.7402970510295,1,19104,1,66.821158462035,4.16715602751289
26.3539021277412,1,19102,1,108.578220850344,8.72561400794263
27.2871166066507,0,19104,1,132.76631126133,9.46238606066986
38.996552163271,1,19104,1,105.110246047862,21.2820642713939
38.2197033488506,0,19104,1,125.823722277009,20.5074131891911
30.2505925534028,0,19101,0,61.8323063908904,12.9058862627685
21.3791372241164,1,19102,1,99.2738738660792,3.98714207957406
29.8823839375443,0,19101,0,103.350684947605,12.7325759565617
47.9264404895145,1,19106,1,169.995505132823,30.4877574134514
30.4398224326668,0,19105,0,62.7690557703082,12.83444155528
54.6544424507683,0,19105,0,55.1237789990573,36.6557595506692
27.0218477465946,0,19104,1,84.0280639887699,9.46588423105779
48.6113326512925,0,19105,0,59.8397026747535,30.8174882517845
29.4032329825147,1,19104,1,124.313791897788,11.7262123347189
31.8459562039572,1,19107,1,87.861745913414,14.0995439635228
25.8067060991935,0,19105,0,75.3770015426263,8.7381300424505
24.8099749543266,1,19104,1,90.0077827192814,7.49569966746765
26.9589523580073,0,19104,1,142.792267995245,9.54309843039681
59.0754122596981,1,19104,1,134.612856706702,42.0118133381756
23.2669528018248,1,19106,1,102.519253172301,6.10846061827918
26.8298057769488,1,19104,1,92.7496434535824,9.7018760708223
44.2690361473949,0,19104,1,56.7694551837696,26.9046688986716
40.1466427929287,0,19103,0,48.3679009355886,22.5192192445563
55.6242430679846,0,19105,0,63.485529665985,38.5030185644861
58.0248330456382,0,19105,0,65.636163163098,40.7443746959036
31.8676658421332,0,19103,0,54.7172382927111,14.7323660964189
27.1889093585208,0,19104,1,80.9043821834807,9.86543656507394
26.2691711753943,0,19104,1,169.049401344181,8.69439365164014
31.6646642004417,1,19102,1,130.593549330667,14.0764072227103
39.839023758752,1,19104,1,98.6436030137301,22.2119144162645
31.5715681525878,0,19104,1,89.9957989142868,14.1173127223271
27.6479248101372,1,19106,1,180.281295339552,10.4735814986765
33.6437842510773,1,19102,1,143.078021463909,16.2428953787444
29.80712828504,0,19101,0,46.2832861955773,12.4140828314524
29.1353870384535,0,19101,0,76.7223970050288,11.6974428814044
46.3648599952944,0,19104,1,80.7221331591416,29.0321221240815
31.6942303926337,0,19101,0,54.1188017692629,14.658546664112
19.5192112344968,0,19101,0,103.617110939116,1.87984185080966
39.9041246187706,0,19104,1,83.2171224775658,22.5319518498444
30.8020802708431,1,19106,1,121.149452126407,13.5445378399542
34.1524110657369,1,19104,1,127.010551139292,16.2329066514243
27.1242758036038,1,19106,1,101.743947554758,9.95715075758347
25.9051676223408,0,19104,1,101.961807527147,8.48041321601523
33.0644406077461,1,19104,1,73.5538172816533,15.3926596019426
41.0004201851259,1,19104,1,119.403526775812,23.291243973508
34.514598698435,1,19104,1,109.135265479364,16.889904372241
23.6850793968964,1,19102,1,148.646970948876,5.9747890522316
42.4842941970517,0,19104,1,76.4936036242324,25.4096083268476
34.711796393182,1,19102,1,118.192143958496,17.1317864253948
51.926932251759,1,19102,1,91.5717601190205,34.1134575009142
36.3911699197036,0,19104,1,75.3794601927175,18.7383414952331
23.7461392313663,0,19104,1,86.3498740519639,5.83775941538179
21.6000767055955,0,19101,0,24.7796568471241,4.08435685481508
27.7563521494535,0,19105,0,68.3700086477242,10.6076855662191
37.898947699691,1,19102,1,111.430258248768,20.1635584563453
37.1519747114828,1,19102,1,78.8853423074783,19.5920832840814
38.5194481779962,1,19106,1,134.153208317044,21.0041780465889
53.8804357599096,1,19102,1,111.079212308893,36.7290909076204
45.225859020066,0,19104,1,133.927762112405,27.3905709371181
23.9679182164986,0,19105,0,35.4976316718863,6.38660332399048
54.2220578320023,0,19104,1,85.3425903201884,36.9088976975229
33.5487213368344,0,19104,1,97.0849147739828,15.9943318854368
43.2083732402005,0,19105,0,62.8523112458851,26.0681002177351
58.8890551599092,0,19104,1,87.9251248006781,41.4649537867284
27.8609663582395,1,19102,1,64.3402342178643,10.5947913228522
38.7654619458938,1,19106,1,126.91397419252,21.2361404737332
31.2822104843542,1,19102,1,99.6820851281777,13.5019821708299
52.950636458525,0,19101,0,54.5562011510943,35.3691208303789
53.3184512404828,0,19104,1,138.638295054353,35.7933439286995
42.4640725575871,1,19104,1,119.892361304373,25.2952823692019
25.7637532971457,1,19104,1,96.6925465453694,7.89999567634728
46.668659024109,0,19105,0,82.3888789680684,29.2280380147797
35.2542585213467,0,19105,0,105.420035196736,17.8020433075525
33.3623198635705,0,19101,0,82.4067908545801,15.6413041264113
42.0212356669692,0,19101,0,134.792400115257,24.9267939406311
21.3834610722189,0,19101,0,90.0134090544452,3.83236219628465
25.0152235187164,1,19102,1,91.6029030672885,7.1433702642138
18.1789240568204,0,19104,1,121.172623124461,1.08995812770709
36.2404248022816,0,19104,1,135.18450185852,18.6826771497602
36.4122331448095,0,19105,0,49.3937046004039,19.0833739615707
36.3493526924093,0,19104,1,71.880026617003,19.298975099732
34.9906412957657,0,19104,1,105.981738275009,17.3601544733114
36.9849581322178,0,19103,0,47.1033442293978,19.0651574313652
31.0841492471297,1,19106,1,115.69420274317,13.9313107341074
39.3049342541844,1,19106,1,141.548910363179,22.2838566345516
21.0934561748755,0,19104,1,114.469393546057,3.99476362012783
19.7327553540494,1,19104,1,63.6735920816433,2.01789727635013
31.9283440161837,0,19104,1,108.537977312498,14.0089911592533
26.8236106295329,1,19104,1,129.559392748184,8.87808070901822
34.625324190306,0,19105,0,90.8635164553843,17.5312185303219
37.6130164793967,1,19107,1,131.944960989487,20.3720352807822
54.514912025091,0,19103,0,93.2309585183507,37.1929848031334
24.6487429190961,1,19104,1,80.7832860761881,7.18784035812815
54.1128285004602,1,19104,1,95.716909490154,36.3273297426135
44.9909470166379,0,19104,1,131.535290987296,27.344324933488
25.540530813796,1,19107,1,180.858196024242,7.6911896443307
34.1537891549044,0,19103,0,74.7631670444831,16.971947104855
26.7669862115915,0,19104,1,124.009569191657,9.06376524485379
34.252962003527,1,19104,1,82.8850396712486,17.2462534919099
51.0029764298914,0,19104,1,96.1409529093157,33.8627677948779
49.6978611165835,0,19104,1,85.747959356876,32.029453538795
48.102384086413,1,19102,1,127.797640278671,30.9495139913109
57.6749638699698,0,19101,0,117.078185782247,40.3561409366089
50.6944962459873,1,19102,1,88.6725199947334,32.9258715158119
22.827670487449,1,19106,1,122.17687235359,5.3502928923019
25.8494772690855,1,19104,1,111.941712693571,8.10836346806437
26.7628138385705,1,19106,1,111.14872003891,9.55988562959161
22.409835580002,1,19106,1,114.246091135258,5.22776535731875
56.5390999497801,0,19104,1,91.4697353880142,39.1196880593386
48.7061027723103,1,19102,1,95.979732149704,31.2844324490726
40.1295537333833,0,19104,1,116.86412471759,22.6225914319409
39.2222262955269,1,19106,1,96.5049099771994,21.6398899994323
40.8917808115866,0,19105,0,62.8126064581957,23.5910324994393
31.034303219421,0,19101,0,39.1254700068584,13.6061364415942
23.2463231775613,0,19104,1,97.5236016622549,6.00236448037261
31.3565068243126,0,19104,1,124.967892276265,13.9624971808454
58.9741387861625,1,19104,1,120.191005907741,41.655548445958
52.3981226604938,0,19104,1,93.076854505652,35.2733389936893
30.5972801341739,1,19104,1,108.863155182408,13.2176384469092
44.0548396916533,0,19103,0,57.0994043355807,26.5611800130396
30.7561426432266,0,19103,0,90.2723433033285,13.2070979827012
32.4590781940235,0,19105,0,60.0003504321978,15.4524073246022
49.3442572715869,1,19106,1,127.855654100089,31.6487013448206
46.384082473436,0,19104,1,125.859105613274,28.7811555006482
39.5086595662538,1,19102,1,90.1422110278678,21.9306925169326
42.0134304205514,1,19102,1,118.838895115479,24.2726171361375
57.2913629267358,1,19104,1,129.488430842048,40.058107140613
27.0066798958306,0,19105,0,62.2125285719599,9.22552278477999
42.6719201895769,1,19102,1,108.770278943062,25.1542784668866
40.346212177088,0,19103,0,80.2950468636217,23.1483458685851
24.3897503328858,0,19101,0,68.909966776655,6.92730556855671
38.08277615853,1,19104,1,109.747714270022,20.122282220464
23.5998101663309,0,19104,1,116.773151107486,6.46133766747068
25.0487297901012,0,19104,1,87.4525209473812,7.62380435406823
39.8549108014308,0,19105,0,56.6294835981942,22.6130979915946
56.800342127026,1,19104,1,129.687150709757,39.5667488794279
18.8726146682381,0,19101,0,68.6647796758871,0.993097484133337
19.2131657194398,0,19104,1,136.359391153643,1.52278908123782
59.4060448287879,0,19105,0,56.9342903403398,41.6413209420522
51.1350983825763,1,19106,1,97.617663574246,33.9778526159719
20.9109861515156,0,19105,0,103.243573693153,3.3074431146654
33.8041213363618,1,19104,1,109.568491827214,16.0457839057058
22.777222473412,1,19104,1,59.7584754156993,5.25990404189117
32.864699029531,1,19104,1,127.313091741695,14.9216503954302
23.1777723471156,1,19102,1,88.1217592144744,5.82915921229746
28.9725691558396,0,19103,0,80.7837691538077,11.726266418218
39.410617983975,1,19104,1,122.835190177464,21.7684027623204
35.5832575475095,1,19104,1,157.392739194937,18.4655523327408
52.3589427371417,0,19105,0,115.683394113867,34.9422512594983
29.7197122729538,0,19101,0,46.8931070164346,11.8778753734349
22.2874637399362,0,19104,1,87.8387857952786,4.90208719969069
57.3459668434728,0,19105,0,107.927825133987,40.1982151142359
