Age,SexMale,ZIP,UrbanYes,MoviesExp,YearsAfterHighschool
43.7462936302613,0,19103,0,55.6278508537696,26.6953200418934
26.787341688721,1,19106,1,110.553349980298,9.46983952979415
19.968612174157,0,19104,1,130.295533940939,2.81061744096498
33.7069729842938,0,19104,1,134.227457432701,15.7493932386156
49.1915139976685,0,19105,0,90.6864127000325,31.4835498609376
50.7455969538404,0,19104,1,91.3049895713498,32.9511504608071
33.821767265674,1,19106,1,102.607974452777,15.9931336122084
33.3949804179525,0,19104,1,109.242086848269,15.6929209583128
23.7487471988032,0,19104,1,87.9789886542416,6.73261484592947
29.7745738579343,1,19106,1,78.4540182575321,11.7969058819963
46.6631704516944,0,19101,0,41.795903393235,29.3577108601343
44.7392969427584,0,19104,1,117.204997789126,26.9797104015434
37.4927529471796,1,19106,1,120.191410368272,19.9836904916782
48.3396825106324,0,19104,1,112.399776553489,30.5314381721404
35.303778763614,1,19104,1,113.319926789029,18.2508211468675
28.5438622097522,0,19105,0,75.0160426658706,10.7616441218219
32.1658001215603,0,19105,0,69.6411694841163,14.6710955055371
25.9718023672888,0,19104,1,102.350104883539,8.18396481445074
44.2983073841196,0,19104,1,138.945831017016,27.1175608811781
46.0664628615747,1,19106,1,122.016800472763,28.3435624437085
56.5179265788779,0,19104,1,50.3022576890538,39.1668191370577
27.4564251834805,0,19104,1,101.991410478379,10.0413629063684
36.0851876759698,0,19103,0,66.7757507981776,18.7831972088462
52.0914113217544,0,19105,0,146.932404516741,34.7684869743928
57.0052047870472,0,19103,0,86.8834668421219,39.2948840917438
28.4006245283324,1,19102,1,122.77043425591,10.538895708314
39.8995902672634,0,19104,1,118.168172072785,22.6542839132473
30.5381296144735,0,19101,0,54.8713823985105,12.7717279335886
46.763590232572,0,19103,0,26.1593977305412,28.8901194872898
39.1352320456143,1,19106,1,125.223128509832,21.9910790862713
25.1395293776989,0,19105,0,86.8155673979427,7.83537211898898
18.3843990283465,0,19104,1,86.1367004997611,0.523360564224937
22.2808644444355,1,19102,1,98.3735973566087,4.43755029036188
53.1333837886164,1,19102,1,85.2118324634269,35.3125527915368
29.050043186805,0,19104,1,112.643605981438,11.3067947371665
46.1814692356302,1,19102,1,128.312378261506,29.0283220192096
38.898627216163,1,19106,1,110.4875682444,21.1215618182242
18.1115109010694,0,19104,1,101.901933454395,0.424128861222506
26.4275116095378,0,19104,1,82.0227903713475,8.45475300695404
43.2691059454759,1,19102,1,72.6192107896753,26.1580253357483
27.0989451309998,1,19107,1,174.680152491454,10.0316561178171
41.6617142588166,0,19105,0,135.346315016044,24.6072224257314
30.9757345477064,1,19107,1,102.316829646497,13.5393574447316
27.9614856706254,1,19102,1,94.8025425681403,10.5056553056717
25.7706182615767,0,19105,0,93.1533056364962,8.56602320172181
23.2190832314522,1,19106,1,140.875044759378,5.22052677469079
36.1211664789059,1,19104,1,68.5730355202399,18.4635677505918
33.296931330963,1,19106,1,118.855582327879,15.9304250778266
33.0368456971879,0,19105,0,67.0408713360771,15.565622137026
24.5731436308968,0,19104,1,96.8393436188182,7.53615684891406
52.4264038552684,1,19102,1,153.24968348768,35.3269128779103
36.4364330887022,0,19104,1,83.5038338183468,19.1126465967084
50.8886077836587,1,19106,1,132.029528037154,33.0945301239344
20.9764680066619,0,19104,1,114.559880833237,3.31642073094914
46.0103525521052,1,19107,1,149.493346756447,28.244043410691
32.3738849426044,0,19105,0,99.3451172437959,15.1805444823002
32.2372016628999,0,19105,0,57.3291031642013,14.7327181905768
26.2179027182871,1,19104,1,64.4094116875723,9.13404433120805
50.2722239644142,1,19102,1,130.416640274875,32.370072720653
38.758368420772,0,19105,0,111.716254837663,20.7936534065601
54.9310918218002,1,19107,1,115.211120158247,37.5207202374481
22.3189627131618,1,19102,1,147.573619731774,4.65542857155052
56.4915069801466,1,19102,1,79.615102217775,38.8540938600165
49.3836348089666,0,19105,0,83.877052982678,31.6724189471264
45.0976828271203,0,19101,0,66.4816277269115,27.8142014543671
25.0981002746894,0,19105,0,123.097170446604,7.8361701715085
24.839509897361,0,19105,0,73.8402613724728,7.28547909060347
27.3980070303367,0,19105,0,135.396190609129,9.93811490430364
26.6979082225271,0,19101,0,25.3003181269411,9.30921095687972
24.1462621347686,1,19102,1,138.145840560769,6.60750041819974
43.5709457271627,0,19104,1,98.9080804640828,25.7630488304316
30.7580998115513,0,19104,1,84.0541727619414,12.9428129290967
49.8637817886608,0,19105,0,91.1344492717775,32.0694894551249
43.5103661691125,0,19104,1,118.50419285782,26.4428144947913
49.4743562058068,0,19104,1,79.5357646242126,31.8405596582673
49.206410983738,0,19104,1,90.11672514868,31.4405213922006
27.7923871787442,1,19102,1,115.787881554168,9.89230980479061
35.9729716440673,0,19104,1,90.5344996126772,18.2345866393773
33.5996974726522,1,19106,1,100.704383588071,16.0229326564667
34.4781271586248,0,19104,1,82.3067401153267,17.3691060998531
46.8187379196503,1,19102,1,118.791082791115,29.072900993259
56.2806764210298,0,19105,0,97.9372478232107,38.5561082500688
50.9660147584967,0,19101,0,74.5233133005357,33.5970060041166
54.8029945738702,0,19105,0,109.266190363004,37.1510896695866
49.4264428195564,0,19101,0,84.1902949878175,32.1185528362656
31.135498665138,0,19103,0,71.6067164212591,13.2047729467553
20.7023577461316,0,19104,1,160.051269815311,2.91302456304602
26.8604178459608,0,19104,1,75.7114807060087,9.30548825238279
39.2966174584278,1,19104,1,55.0238003036801,21.8587808807777
23.2352165125873,1,19104,1,117.562238345849,5.52536500828374
39.2747483410004,1,19102,1,117.145880374644,21.494105427346
47.4332172696863,1,19104,1,61.0215403512101,29.6487188533333
20.0292148548268,0,19105,0,93.8197585768521,3.01480797818822
37.4819730214758,0,19104,1,145.332380608905,19.551157097284
25.5162592581606,1,19104,1,143.019903030897,7.60371763307064
21.2898808170287,0,19104,1,151.058764314919,3.30018743264392
19.6419853681039,1,19102,1,111.050112526183,2.26639351726439
33.5544499875785,1,19102,1,90.8963338429235,16.5227496083633
40.3809413358422,0,19105,0,72.4364395146146,23.2518244840058
27.4940372888403,0,19105,0,89.8390373866649,9.89226790577493
27.949425730442,0,19101,0,76.7233608023876,10.8756584330065
48.2330499606534,0,19101,0,73.9211741267008,30.4863771305747
34.8580538383236,0,19103,0,72.5182504482188,17.5345334957371
29.9545258263065,0,19105,0,94.0980359506169,12.1800119134536
29.94007778996,1,19102,1,123.076445342294,12.4696789552863
28.5849684035268,0,19101,0,20.5214280264095,11.399045566642
34.4932218093322,0,19104,1,78.7059336206594,16.7947742898846
40.8674557270962,0,19105,0,56.1353633167024,23.5560456622872
44.2240236511071,0,19105,0,75.1711179643005,26.9739032771987
49.2004604329994,0,19105,0,42.295766556484,31.632734730112
59.8968440320679,0,19104,1,124.770374399153,42.869323792249
22.7972564234685,1,19104,1,153.31625775314,5.24913346006607
41.931095692949,1,19106,1,116.4910560614,24.8846088125516
28.5463740761987,0,19104,1,123.999045249092,10.8901389806195
29.0542160158727,1,19102,1,129.595031058219,11.6118348017551
24.0573564879478,1,19104,1,118.531638998446,6.27319869816981
36.6805775152423,0,19104,1,95.9896212665237,19.1669051345341
47.0773897733703,1,19104,1,135.798990074378,29.4388718657825
42.2639400328166,1,19104,1,117.406693420661,24.2883707776322
41.6192543422139,0,19103,0,102.221566429218,23.6592072706471
50.5178076862567,0,19104,1,151.065045905013,32.7150974839669
56.0890285380172,0,19103,0,88.5933646616037,38.4949725866771
53.1987737019137,0,19103,0,72.2617515461886,35.2317704842482
45.558599127904,0,19103,0,75.7395505771862,28.4743873441876
47.7239501236781,0,19105,0,92.1775300579766,29.8032241058844
41.7085452151401,0,19103,0,91.1297019077095,24.1604974150574
47.0479213033069,1,19102,1,92.0826060334752,29.5823042079538
33.1706573965101,1,19104,1,93.0960789376234,15.7888671091831
37.1056439240817,1,19104,1,92.3720365636882,19.1965303376671
38.3028346319262,1,19104,1,87.8635246558479,20.8223488210279
40.4036691430891,0,19104,1,130.707876560643,22.9360858355584
38.4591888049151,1,19106,1,146.177515997064,20.7186329413204
26.6798684469923,0,19104,1,84.0331366440662,8.85676838071412
45.7394761011064,0,19105,0,112.473346266068,28.4548912177388
23.9992911216394,0,19101,0,47.4042821458653,6.34504182511573
46.7947587031403,1,19104,1,89.2314660269791,29.3997859468681
34.8954738956525,1,19106,1,150.206699565492,17.6130243319201
32.9982663690629,1,19104,1,137.563307092846,15.7227128797261
20.3717069062107,1,19104,1,132.112532106135,2.62516265545791
25.2728829463583,0,19101,0,97.8803380381213,7.75062958529335
34.7366707309666,1,19104,1,104.436498083643,17.7360447059436
27.7681074949525,0,19104,1,121.543776455244,9.92646010700461
40.6716113166545,0,19104,1,130.178306726067,23.215526661988
22.3829120421892,0,19104,1,75.9688803244474,4.95609833263962
18.8258811710105,1,19107,1,130.135332234055,1.49812329510982
28.4667485355186,0,19103,0,46.4071159743835,10.4861816799986
32.0013945778592,1,19106,1,129.088857587194,14.0533356911729
22.741493305987,1,19102,1,134.263875970565,5.11994939120886
56.8518685632422,1,19106,1,119.573112046482,39.2491804732978
39.3713154643316,0,19101,0,59.4786742216417,21.8330576314599
38.7955006815002,0,19104,1,111.089598919036,21.6998923437179
37.3004193603617,0,19101,0,71.9282734252946,20.0650444251576
20.9860387901485,0,19105,0,132.747200035448,3.05104610795978
50.4604862601112,1,19104,1,116.115951411318,33.1767956086981
30.8679665717944,1,19107,1,119.465284757055,13.6951627507523
33.6136571630684,1,19102,1,100.588171948591,15.8306706786005
26.6868994721313,0,19105,0,38.0960854336194,9.22060476835896
21.593692324564,0,19105,0,107.304080132039,4.4086523321198
52.1253990255552,0,19105,0,115.110446403618,35.0260763486637
34.4618267022216,1,19107,1,151.757698246802,17.27373071468
40.2058282556536,0,19104,1,55.3016659172417,22.9501136880426
54.0154698805121,1,19106,1,153.174538957133,36.6894905923103
29.0937974934997,0,19105,0,86.9003807008737,11.8990190997785
26.4352186701462,0,19105,0,62.4361645184704,8.53726861623266
38.7101199681307,0,19105,0,98.5826141007744,21.3109853324382
55.9259610381029,0,19104,1,128.444302290468,38.9130600702535
28.616539374136,1,19107,1,115.875799434819,10.6470180776926
51.2496044146629,0,19104,1,133.947824654112,33.4362949030275
26.4859440538023,1,19102,1,105.384647527268,9.48562645347937
26.4124912089314,1,19104,1,86.7133466919971,9.17084743321123
30.0244823629101,0,19104,1,71.2492401085029,12.6214067684551
29.6442371520549,1,19104,1,138.431766155694,11.7320845809169
34.4131115550616,0,19105,0,126.822377767628,17.0895214647961
24.2863050069453,1,19102,1,130.716260091732,6.50866410846616
25.059354238259,1,19107,1,142.096585754819,7.79505411237508
32.6837087884669,0,19104,1,88.7499162647497,15.2368272690692
42.2734068145385,0,19101,0,102.376210675741,24.6106791051445
47.2499489980846,0,19105,0,67.470817644842,29.7332906481907
31.9478529203176,1,19106,1,102.45879820934,14.0249411471147
42.0729425730948,1,19104,1,78.2205624526821,24.5288614432626
35.9639929628015,1,19106,1,100.165691665061,18.8917146771696
37.2261941979872,1,19107,1,164.292225259592,19.649323568889
40.2067251670941,0,19105,0,107.909919384715,22.2528978998143
45.3807549480698,1,19104,1,85.6968830761298,27.5870420710999
37.5716716281695,1,19104,1,52.4671740438621,19.7695513956805
18.0326359811634,0,19105,0,59.9915862280425,0.482331891024849
34.0059435697484,1,19104,1,89.4207591218305,16.9656901093411
49.858746420389,1,19104,1,84.9501577702462,32.6365155608225
18.6439184975435,1,19104,1,124.323003633707,1.33790253690411
43.3229322542528,1,19102,1,87.5512526838411,26.0294027027766
33.3537578287065,1,19104,1,95.2731573761623,16.2176359063011
50.7084853204325,1,19106,1,95.2875648284561,33.2363343136277
52.3557807662861,0,19104,1,130.535704676731,35.235300281957
22.0659373020183,1,19106,1,106.468177810015,4.06648580887239
36.8580023115804,0,19105,0,46.9704816875891,19.6247194691398
33.1907492986169,0,19104,1,104.366550253169,15.8052764440176
18.8441296276048,1,19106,1,154.737982863492,0.97044086669279
31.0421415899257,1,19102,1,108.823375567213,13.7629415680496
20.1673111688127,0,19101,0,70.4529608218409,2.44252490049836
42.2776514475165,1,19104,1,89.3951838997967,25.1152382066405
46.8121869455164,0,19105,0,79.7957225740059,29.4226120594496
21.5422722678824,1,19104,1,61.7560618851841,4.12872545655875
46.1824638360744,1,19104,1,112.777971769658,29.079367447794
33.8808220051289,0,19104,1,149.458360147944,16.0192762044318
30.5683913720484,0,19104,1,78.1380221739843,13.2785488092985
20.2969114027843,1,19104,1,98.1454915860892,2.93386501417679
25.0267407082677,1,19107,1,160.321606097807,7.4684013955951
18.0223297231435,1,19107,1,105.389804336383,0.0825077266502632
45.3450171144011,0,19103,0,63.3470344024631,27.9502288047022
52.7622082069886,0,19104,1,130.111819535263,34.9734314628315
33.3886588171672,0,19104,1,83.5847586795798,16.258716529942
36.7841283071164,0,19105,0,91.1977733020143,19.075571058768
35.1576113435394,0,19103,0,62.4076341955876,17.4832089068322
57.4901451473407,0,19104,1,100.735668454014,40.4894596089426
31.8011051437586,0,19101,0,115.764350864718,13.8587554779603
34.2139524019174,1,19104,1,148.08218332372,16.9874854104444
22.9329615112973,0,19104,1,127.216312223604,5.23447176102752
22.6913289638678,0,19104,1,106.442771847135,5.55664791879007
23.1897706420227,0,19104,1,63.7967901918606,5.20163572910906
43.5941222059604,0,19101,0,75.5862668359705,25.8533725115534
37.3626472392309,1,19102,1,93.3385002987915,19.8620698746483
52.92709468797,0,19104,1,127.755266600392,35.5044368510429
48.3846100464435,1,19102,1,145.671335362939,31.1755125229685
43.4606221124825,0,19103,0,48.8913604354079,26.0886078795714
44.1175362382219,1,19102,1,108.009872698611,26.509532656115
59.0862350098674,1,19106,1,119.953237469846,41.2875228321996
46.1164172163447,0,19101,0,83.6845479234196,29.1076594674708
19.2451549919209,1,19104,1,92.2003753228913,1.84647661977244
45.4919479592836,1,19104,1,100.540447749232,28.1281215703247
39.8585969317217,0,19104,1,89.0543311180339,22.705985729627
43.6498487047887,1,19102,1,88.4598478221674,26.038279883893
20.2260328630745,0,19104,1,65.3674191619459,3.17624209535448
59.9662218130954,0,19103,0,85.6310309499076,42.747772381391
33.8002014791825,0,19104,1,106.334296704592,16.4009958194335
45.648118491393,1,19102,1,127.941958290225,28.1056973555744
34.8140305851583,0,19104,1,119.731205705926,17.3042031215035
21.1711483649495,1,19107,1,167.356094148374,3.19580824096263
40.2739222919273,0,19104,1,115.335393804161,22.9609995101283
33.4866277188766,0,19103,0,71.3763000821875,16.3361304541822
46.55005873019,0,19104,1,98.0305111707436,28.9316757558951
37.2172022227245,0,19101,0,54.1020259374467,20.1316976128658
35.6063483736387,1,19106,1,126.279158862581,17.7115285884964
47.1007934914806,0,19104,1,106.586860385385,29.3411605736611
45.1085516400347,1,19102,1,136.443974749508,27.2032476204625
35.3310193419452,1,19106,1,122.961193707914,17.4299934741571
46.8807657396031,1,19106,1,142.939022950044,29.6181735717768
39.6695015438297,1,19107,1,116.064481660509,21.8781105550868
26.2813073582726,1,19102,1,83.8367139808275,9.17067823510268
33.7786364561415,0,19104,1,49.5358155610796,16.1608794009315
23.8958301975994,0,19105,0,95.9641170506936,6.7384244605104
32.7456470391033,1,19102,1,83.0657047290879,15.2838076563338
38.410316575823,1,19104,1,87.6612916617626,20.7236869910654
53.5979337547095,0,19104,1,81.2846170764752,36.1966701198024
44.43599777725,0,19105,0,99.3245925693452,26.6236059778411
41.8015044851482,0,19104,1,89.0106345067163,24.4317847116172
33.7979264835537,1,19102,1,109.215738562335,16.1108522437222
57.3259066080816,0,19105,0,85.5933225743423,39.3554692010536
33.339396940237,0,19101,0,80.4470782615176,15.8217228706182
30.3020574363867,1,19102,1,107.169661097812,13.295455802417
33.1417945443309,0,19104,1,79.1820246131342,15.2868164583697
34.6913138135824,0,19101,0,90.580607208381,17.0915053811877
33.9140646466987,0,19104,1,73.666265153762,16.5643703024836
34.8856803763182,0,19104,1,115.787663085109,17.3703404774414
32.2151294545971,0,19101,0,84.0887257323663,14.5029225277018
49.2636898842213,1,19102,1,98.5202874315069,31.938586429231
40.3100411705256,1,19102,1,131.026245746125,22.3412835802466
55.8017353251582,1,19102,1,127.679618801262,38.6415717763832
33.3094815320367,0,19101,0,88.4055554265517,15.4654059581956
32.5171906672285,1,19106,1,140.790800752426,14.9920530781482
40.2364391772231,0,19104,1,96.1202726682778,23.1373518543938
38.4655679550093,1,19107,1,157.561276406162,21.2338979367238
30.3627423534379,1,19104,1,74.215793362701,12.7719039076217
43.4405058254477,1,19106,1,105.195621506462,25.6194882984262
27.4733764233887,1,19104,1,43.8569277029705,9.67787295676577
43.1199472221271,1,19107,1,125.050774885065,25.6965376211521
41.5363783379201,1,19107,1,111.205967544145,24.4158253084519
32.2269909643039,0,19101,0,111.827161402315,14.9363851568598
50.5926388765342,0,19101,0,74.7400494567412,33.4795558804303
26.1846531335071,0,19105,0,80.874180096697,8.40169239079507
22.6640024540922,0,19104,1,80.3137704779184,5.48574951216341
32.7539641894223,0,19104,1,93.7205559837277,14.9207417482799
42.7040165562254,0,19101,0,109.896359211271,25.1760469562911
58.0661895911391,0,19101,0,85.2466799668513,40.4250213839761
20.7146190485779,1,19106,1,152.990749833686,3.46321384951956
32.2154199243785,0,19101,0,97.5940771503588,14.6208921433688
41.783707291859,1,19106,1,117.029525797752,24.6240573479262
19.1246267574624,0,19105,0,65.4486880091932,1.48530071659652
41.0448593659634,1,19104,1,81.2318356952549,23.8302471760502
22.6453249777022,0,19105,0,112.169180184241,5.28491026012298
28.113528919445,1,19104,1,137.446472916713,10.7656066809237
42.8694438050659,1,19106,1,140.065868888057,24.9007903769304
23.6486404514246,0,19104,1,98.246549080924,6.33947110216394
31.6365862934011,0,19104,1,101.133430135108,14.4028098683897
40.2616604482947,1,19102,1,101.694964747446,22.5830372050597
23.4930758675846,0,19105,0,82.5938978111912,5.67370951495196
48.7206007750683,1,19107,1,108.350253876268,30.8611339231465
52.3547482691849,0,19104,1,79.6894601497712,34.5324883669292
50.8378115480897,0,19104,1,111.299043785031,33.6122142663822
38.712262609159,0,19101,0,70.1515046609975,21.1415920496223
36.878920679495,0,19104,1,102.466204299963,19.5628318770809
55.0732033188416,0,19101,0,56.3025895784106,37.1000770964621
38.9139684220153,0,19104,1,133.600071907734,21.2813883463694
44.2361440564687,1,19106,1,96.7958748237168,26.3864646853594
31.781000527272,0,19101,0,85.1058236218763,14.6630237788874
42.1957849688749,1,19102,1,61.2559132946731,24.6711817168086
34.4605191057266,1,19102,1,70.7844447808368,17.0367595842757
37.5502902715497,1,19102,1,101.358476155138,19.6645398325317
52.0646523979034,0,19105,0,53.0171281734622,34.2415499383591
47.6325643273319,1,19106,1,43.2221963877316,29.9956591465759
45.7620889928058,0,19105,0,113.506362382088,28.6010696107388
39.5862414252617,0,19104,1,88.6309508746062,22.5228831679699
30.3224067984694,0,19104,1,136.305524706291,12.9403776040846
43.4762002007704,1,19106,1,138.496519508564,25.5964376643899
45.2322200651314,0,19105,0,60.6480575836665,27.5708415166508
19.8012345624578,0,19104,1,103.952598557849,2.34026165124525
35.6543843291237,0,19105,0,68.657058275138,17.8284870806619
21.5730476130053,0,19101,0,28.5142027399453,4.1183358365457
36.8504735697254,0,19104,1,82.3706310505347,18.9282717639774
53.2867075037969,0,19105,0,86.692775624991,35.2945768177336
21.2705532088358,0,19104,1,135.411167923293,3.38798688649609
21.9042350395737,0,19101,0,90.8618921884517,4.63852167405804
32.4281675046522,1,19107,1,150.523874639145,15.1656138782136
46.473138792148,1,19102,1,111.200454401517,28.6989632257597
41.0693143380878,1,19104,1,122.384465636874,23.8280672997308
43.7423976208388,1,19106,1,162.778016924781,25.9583691864113
34.0208610397276,0,19105,0,94.4251508431004,16.4574696210657
23.1465133805048,1,19102,1,95.91722876461,5.34797839161342
45.7495775733629,0,19104,1,83.5544347511537,28.7476361609084
47.1207470968358,1,19104,1,94.2114063325705,29.1782453032202
32.3118165854219,0,19104,1,115.73912559986,14.6497447576228
43.8967562016477,0,19104,1,131.343786087932,26.0737506930162
33.06536241641,0,19105,0,80.9434296402444,16.0467581418037
24.7033998839589,0,19104,1,49.9221775571468,6.7170228191218
41.8769399127979,0,19105,0,46.6857128470965,24.4093096733615
19.6329436781806,0,19105,0,48.3280956650059,2.17481932486308
33.1957947028975,0,19105,0,54.0619060360003,16.1640189009893
33.0500379686603,1,19104,1,94.2841270802179,15.8324505200037
34.6735483047237,1,19106,1,97.2910740103291,17.1149244976846
23.9413036061766,1,19104,1,91.9876843595747,6.01500080575594
28.7225491210784,1,19102,1,81.7595691057884,10.8737521301455
29.1580455252749,0,19104,1,92.3224863689912,11.9738586340879
45.0482774601264,0,19104,1,106.242522835226,27.8565043037238
47.0929546737725,1,19104,1,140.853313626545,29.5291426551675
42.9202370382752,1,19102,1,119.607525699344,25.695945527628
40.5550031013568,0,19104,1,139.109456665329,22.6804339782116
36.1551752766224,1,19104,1,45.1896120138495,18.7403846658396
45.8216726468301,0,19103,0,71.7207713771453,28.1432723987738
44.7110393139922,1,19102,1,115.198374625947,27.0979227178653
32.6909345346902,1,19104,1,97.2359014789263,15.0167212351625
40.5512276315227,1,19102,1,89.6999795013582,23.2184268694933
53.4206847007976,1,19104,1,93.9414111544114,36.2166157194537
19.7388746351163,0,19103,0,81.2685238199295,2.19970993294107
37.2791143337935,1,19104,1,88.9947791812573,19.6163430396672
33.9293526735551,0,19105,0,73.1080158102237,16.9145624936487
33.7404951093059,0,19104,1,121.573383476093,16.2518964706261
56.7390135051118,1,19104,1,129.521585831353,39.1951729305455
40.035545828586,0,19104,1,93.4947743221895,22.2859806982535
38.5672980787602,0,19104,1,96.9368315363818,21.2533494376947
55.6437658952824,0,19105,0,63.21125270426,38.4783890961013
37.5300890309148,1,19104,1,61.503675588612,20.2169799410616
45.8428050754422,1,19104,1,66.6240500451682,27.8942865638358
31.7919565423403,0,19104,1,57.1019978214124,13.9574539352219
44.182315026252,0,19104,1,88.2589871063859,27.1226119714142
26.9623097637507,0,19104,1,78.02823459635,9.20527404102744
51.6965988336283,1,19104,1,86.3935224210544,33.8803698564566
28.2459471301493,0,19105,0,69.0337547427397,11.1086075297874
47.1547068870894,0,19101,0,75.2036982527876,29.5006603751133
36.0306821237454,0,19104,1,110.310904991182,18.3285624294212
48.4236338397273,0,19104,1,90.3318344542223,31.0788822942664
29.5727183052068,1,19107,1,105.016782215978,11.9603794831046
34.6962249728507,1,19104,1,121.103366337989,17.5144119705195
25.6834935116471,1,19106,1,109.707076377553,7.88398792351426
36.4082122908369,1,19106,1,127.18904305751,19.1404284923267
52.4533952191116,0,19104,1,128.334425133985,34.8591784907614
36.1258482047944,0,19105,0,74.0619953312119,18.9539776441763
31.7677873274855,0,19103,0,119.289277202917,14.1617851382665
29.1719651363729,0,19104,1,78.063424003547,11.7505650473232
31.0869493608859,1,19106,1,101.660183561936,13.2796138977662
36.8997237542298,1,19104,1,126.962067135616,19.3704075484656
35.3823246785366,0,19105,0,89.9123068225344,17.5368977991791
44.6824088089202,0,19101,0,71.4366262313815,27.4794816106592
25.0199894027839,1,19102,1,99.4109264299196,7.32612908776468
54.1399868499113,0,19101,0,101.605568191376,37.130935128601
35.2725419755587,0,19104,1,98.3579020532909,18.0821743544218
43.0332038414343,0,19101,0,57.1415231440138,25.5014896982028
44.1972227771215,1,19106,1,91.3027083028032,27.0673148778181
32.3168470753253,1,19106,1,131.209229250807,14.9014353252378
34.3343387030797,0,19105,0,58.0635305272312,16.4067088722984
25.6205495993662,1,19104,1,114.686622715921,7.71631001141472
44.5858106822274,1,19102,1,103.760926801932,26.8251222795374
53.3264552969319,0,19104,1,118.959635773252,35.9250399016143
57.9576104565881,1,19107,1,88.2693915754109,40.9445374334122
23.8544135960068,1,19104,1,75.2729217946259,5.92380311878099
20.4152166537582,0,19104,1,128.494210885762,3.37107825154577
35.8638773654793,0,19103,0,76.5214476558398,18.267343956858
53.5850571555614,0,19104,1,74.7915577731118,36.4262687902495
23.9947503155819,0,19104,1,72.3235569952496,6.60504042685731
51.8992339717057,0,19103,0,64.1498310525575,34.7007688758728
30.370444558314,0,19104,1,107.736612936839,12.4034730780264
33.9065392993443,0,19105,0,74.5455742437844,16.3012408754375
47.828348195007,0,19103,0,86.2871308414051,30.101079972986
55.4891300070317,0,19104,1,113.743091033658,38.3374854402369
48.2440011204048,1,19104,1,128.854488054394,30.9203592276494
21.8033925068034,1,19106,1,118.964112416609,3.99527363562304
37.6456700051496,0,19101,0,56.7302566268417,20.6198161333161
55.5022581496362,1,19106,1,124.090171496807,37.6576606537767
25.0631481214453,1,19104,1,78.9913382082301,7.15530618056918
40.0173669477411,0,19104,1,57.6646224461753,22.6798514096484
43.2720856174731,0,19101,0,107.701549025861,26.0805399671101
26.8209251579788,0,19105,0,94.4636806864999,9.24904249282147
27.8193956636696,1,19102,1,120.299506189578,10.1194183579518
33.5323918944943,1,19106,1,126.898744824476,15.7295351446393
28.9480745469908,1,19102,1,54.444697065364,11.7466104357726
36.9308175350329,0,19104,1,135.760823103098,19.7612978835846
39.7829604292509,0,19104,1,120.760617933657,22.0769098388718
32.8934863558532,1,19104,1,91.731137050987,15.0714407655903
46.9731819582099,0,19101,0,77.2014289603837,29.6416172244514
29.8519835458017,0,19101,0,78.9718287219084,12.5808483059398
38.6732937112774,1,19102,1,168.107469109626,21.0069387847415
34.6602912161112,0,19105,0,71.0124727035426,17.1776848957021
46.2324530311096,1,19104,1,115.21580470994,28.86863525898
18.3472163014447,0,19104,1,90.6095699918592,0.652850174890627
20.6215694312894,1,19106,1,144.935392350469,3.06665289974339
54.6236391228568,0,19104,1,109.894625960352,37.1180966929942
53.6377779188033,0,19105,0,57.688269054787,36.1649255525253
30.7212596679577,0,19105,0,74.3266706804387,12.9878078712621
30.953913291473,1,19106,1,156.758023660734,13.0369528194648
21.3696037361899,0,19104,1,111.321936806956,4.01217667162764
52.3954192773884,0,19104,1,69.6611951424658,34.9108649367911
30.9452299792394,1,19104,1,105.194528123682,13.6082431008182
36.096388487913,1,19106,1,134.192865877135,18.9536887598916
37.3358714226668,0,19104,1,127.298722874996,19.4776185515837
47.8602389116012,0,19103,0,41.3578592584129,29.9052543784663
33.5983284588133,1,19104,1,74.660555499773,15.6828152034127
38.6061595064292,1,19104,1,118.088601930608,21.0671114498453
38.8449591334108,0,19105,0,62.3638245844898,21.1063276034444
27.4011199018834,0,19104,1,126.21458268253,9.94336847620177
27.358920033359,0,19104,1,104.854336930781,9.38628735955718
55.3516381012795,0,19104,1,82.7008787747348,37.7250976627746
36.8918137400342,0,19105,0,33.3240139308127,19.1675024730084
53.9615890793342,1,19106,1,134.74493359969,36.8605876187634
39.8517360152743,0,19101,0,58.2611933582312,22.7942801693986
22.9741509578922,0,19105,0,73.8056407912513,5.65519802284285
33.4511608985214,1,19102,1,152.540400044555,15.808958775686
38.1379476454849,1,19106,1,99.8586896243038,20.1524161100196
38.9335267746597,0,19105,0,79.3621464503675,21.0373286013733
50.7468304787821,1,19102,1,129.134799442992,33.4456609839166
32.6127812899772,0,19105,0,99.7000223506216,15.081407110219
45.0740320154036,1,19104,1,53.9516696216825,27.5360485082528
37.7623181707568,1,19102,1,121.242481836911,20.4216538354631
40.6432292220158,1,19102,1,155.085760356867,23.1957245337286
44.2180089237319,1,19106,1,71.5019312099147,26.646234443566
25.8168394936881,1,19104,1,100.61971408733,8.54884342697257
32.9781819214029,1,19102,1,154.769637715016,15.6223364090463
56.590690787546,0,19104,1,117.028105895456,39.4593832906239
20.1134322592774,1,19106,1,136.422060456031,2.61985533286533
30.0329217532395,0,19104,1,127.951548146555,12.0777660073924
43.3511052688338,1,19107,1,127.212623780507,26.0894653413199
52.0144879485702,1,19106,1,136.041682952626,34.3208423120191
40.1740798215264,1,19104,1,122.100856748091,22.2977983984978
59.1404945899238,0,19105,0,91.7086253533221,42.1210911530041
19.1654044274928,1,19104,1,88.138634012807,1.8353133699147
54.6281553620139,1,19104,1,88.6442553753834,37.243240510965
23.5974455811763,1,19106,1,106.083281714033,6.4622004735963
31.9246127035737,1,19106,1,140.386931629137,14.3354061905563
34.6202879051878,0,19105,0,93.7320236105081,17.2928659885391
54.0140466676348,1,19104,1,125.991158638093,36.2342450800606
48.4346163150574,1,19104,1,123.861641535823,30.6425256821046
42.7367833418212,0,19104,1,87.5859816998842,25.1747457034327
19.9117865429328,0,19101,0,65.0563975372267,2.73952255347494
54.3774054346441,1,19104,1,100.011631645459,36.6908058889976
49.9178045543648,0,19101,0,90.7520046783158,32.4163191672686
50.5328531443223,0,19104,1,111.796309421093,32.9188711003948
55.5782076105689,1,19102,1,111.081227469082,37.6045217767106
52.5226059835147,0,19104,1,113.275556870694,35.3234215334266
36.5920631910635,0,19101,0,64.4372089357271,18.60625716806
54.8945120403216,0,19103,0,99.8493481137972,37.2874910950333
40.03698123302,1,19102,1,104.517799885375,22.3448709234099
40.7154281278488,0,19104,1,114.407267142884,23.60250011523
21.0265056947376,0,19104,1,67.6849489053555,3.61393310619888
46.2051133112501,1,19106,1,111.131627617483,28.7798460972946
56.9981956177254,1,19102,1,156.011793622967,39.9072322959874
36.0384845496585,0,19104,1,90.1163726804537,18.6720587502197
26.0741284447878,0,19105,0,86.8355741518721,9.02836482670785
31.0937152334876,1,19102,1,111.367547965351,14.0816949366047
41.0167599066559,0,19105,0,35.7153836207368,23.1946220912437
40.6413593118303,0,19104,1,106.804241075419,22.9460388210826
39.1299542815184,1,19106,1,108.709361508848,21.4980203635284
49.3929926763593,0,19104,1,149.580811022835,31.7868327646355
36.2314619409747,1,19106,1,105.830663354662,18.6329216889001
55.171148215761,0,19101,0,45.7608213825216,38.1663371586386
52.4941328897195,0,19105,0,96.3172540097171,35.2331521672251
50.3437003622773,1,19102,1,137.555470874547,33.2958354988611
28.2457756619676,0,19101,0,59.2053199996333,11.1964844866432
38.7544560052984,0,19104,1,116.858469428458,21.1867942365416
42.1657576326209,0,19101,0,112.675448142389,24.299519288393
19.6176732476078,0,19104,1,122.857349129935,2.152458216783
45.0828445711376,0,19105,0,109.466784185127,27.6626595027482
36.6931083735302,0,19101,0,107.082267481558,18.9043775717486
35.3125544547233,0,19104,1,63.7706458951619,17.931573007781
38.3628673028351,1,19102,1,107.8588256282,21.0570038811919
22.6336741125406,0,19104,1,120.173527847931,5.55350629908123
29.8867653915668,1,19106,1,126.563130024693,12.1912027432127
33.9379890947787,0,19105,0,63.5441246773871,16.6088870587012
29.2614985432323,0,19104,1,127.365004005865,11.8795641919446
32.2861280549994,1,19104,1,70.9235034663069,14.4892338040961
46.3802041237301,0,19105,0,77.8942666689702,29.2519682583457
33.5243679358328,1,19106,1,129.584167911704,16.1351305678191
41.7500182051756,1,19102,1,113.24533240098,24.3335060553238
47.1047471828443,0,19101,0,146.463576076298,30.0083373758626
50.38826547687,0,19101,0,75.1153945989912,33.2162369443854
25.7364537010334,0,19103,0,97.7292491498972,8.1019046199407
30.1447853415566,1,19102,1,111.248154772868,12.9372796942307
43.2593279121455,1,19106,1,129.073178565114,25.2960459544801
36.4815198937716,0,19105,0,102.213684748038,19.4381600367191
28.0718692669367,0,19104,1,65.9347668297614,10.568581145974
47.6379273914829,1,19102,1,135.755730095043,29.8063977893073
44.5105664981391,1,19102,1,103.759186043049,26.6732025702812
38.6733836970203,0,19101,0,70.2252100903284,20.9853392565533
29.6240914031054,1,19107,1,79.4126756721487,12.1186638297635
47.5831969383731,0,19104,1,113.909969519182,30.3789469319023
29.2447448551468,1,19104,1,106.728662805586,11.5133927922509
39.4366057020056,0,19105,0,74.3401390842935,22.0741614874827
48.0527435844908,1,19107,1,123.549072312359,30.0546988438494
44.1879662488876,0,19103,0,65.2422860172381,26.3489923413666
46.7558331961166,0,19105,0,55.0890852458668,29.389789521357
46.0388084577472,1,19102,1,86.0432389287897,28.5879227774759
24.3199675937511,1,19104,1,138.859556357592,6.72359880035297
35.7949289047347,1,19104,1,114.639972640425,18.7267851928436
29.9416640909018,0,19101,0,65.7692436926276,12.8360321580528
44.0101817462271,0,19104,1,123.81511166822,26.8011450641931
37.1539465875338,0,19104,1,170.076367724045,19.5529299452408
48.7798482109596,0,19101,0,124.348006776635,31.2683723605973
23.0033658035584,0,19105,0,80.1687944774212,5.6198076382764
20.1405453254405,0,19104,1,59.103115192782,2.6113001584012
45.0411783249159,1,19104,1,129.682444661958,27.5505378045649
52.5136833417501,1,19107,1,116.885472136026,34.8730480343375
28.8485725179054,0,19105,0,117.572942833796,10.9196333162691
28.4590835817306,1,19102,1,97.3277137335696,11.4571767334508
18.4802876123495,1,19106,1,139.798132379999,0.525688267013802
33.7618269850519,1,19106,1,140.997987566096,16.6494430359472
36.4834057995072,0,19105,0,99.664149188662,19.1348238663236
32.7802380284566,0,19104,1,73.3331714170439,15.1453336065906
47.4268241629914,1,19102,1,153.203419136566,29.7234587551073
57.626235138417,0,19104,1,117.781158149482,39.9198398597322
42.1342889787541,1,19106,1,110.92964094471,24.4210222933819
23.2353607413363,1,19107,1,141.129603360235,5.92673170096282
41.14417041902,1,19102,1,126.749864946947,23.7207751706572
30.8146767945999,0,19105,0,62.2868140771488,13.4935580186119
31.3045899627972,1,19102,1,92.2543796911979,14.1738923329171
43.184961130908,0,19104,1,89.5045235474102,25.5726074812191
47.0862869755224,1,19102,1,135.400775136903,29.5889180793751
49.4012084708681,0,19104,1,129.979026235167,32.077226980649
52.3712635322809,1,19106,1,126.761712148997,35.0401590008624
40.1499045677219,0,19104,1,106.434454146374,22.3351858260312
51.3698061296866,0,19104,1,106.740761416036,33.8118533605859
19.2307169430744,0,19104,1,107.850964833044,1.96130936782289
48.0658158985969,1,19106,1,105.229771992481,30.3189577534866
40.2131549843987,0,19103,0,92.3626338413448,22.3970825150544
23.9647702478394,0,19104,1,108.768342303754,6.09514476257002
23.5439678839188,1,19106,1,124.082919951347,6.21000796964052
56.5651141815611,0,19104,1,98.6092495002536,39.2207579257224
34.9645486382996,0,19103,0,72.7508293887653,17.3004266347033
34.2143675765257,1,19104,1,88.642459896254,16.7085736017908
46.242388647296,0,19105,0,81.9350081102573,29.0541837345944
23.0820594704722,0,19101,0,66.3416350732223,5.77878749230996
35.5872270551382,0,19103,0,48.7382338287523,17.9142449940893
23.2766525861816,0,19101,0,91.8639914340159,5.53597572306256
45.7066260311395,1,19104,1,65.7996927270091,28.6087449044563
22.0961214023603,1,19107,1,144.847019432203,4.27536471550893
38.5455134801844,0,19105,0,48.1827265331303,21.2430651662683
22.1440600456487,1,19102,1,96.2008425438898,4.69424950418093
22.8176190331197,0,19104,1,134.828901327085,5.09253769550384
47.9373886157497,1,19102,1,108.981219827852,30.6029376416205
18.4351067902112,1,19102,1,108.029150716596,0.847812214452947
30.387055532881,1,19102,1,140.784478641126,12.7600652504386
42.4807761131058,0,19104,1,60.1154948407808,25.0382992640341
30.4813439363378,0,19103,0,72.2422024941206,12.6909272912188
23.4476607576388,1,19106,1,109.356932618751,6.03937369858879
19.007588303161,1,19107,1,123.781091208375,1.13243078578
33.0548215122533,1,19102,1,116.509685683787,15.8672248710052
31.1105397127664,0,19105,0,60.5632054923078,13.4688613662125
19.1868266728374,1,19102,1,94.1740280036759,1.32795896936606
18.6329598540411,0,19103,0,77.8704216729319,1.12446526293348
34.5736708246611,1,19104,1,109.789692007738,17.1434829269044
53.3019313119559,1,19104,1,101.133609023232,36.2160102563186
52.628640588754,0,19105,0,73.9107690793286,34.9432045432359
24.3520135691231,0,19105,0,89.8743988124985,6.53380107347201
40.5690905929879,0,19105,0,111.304288890513,22.8503125920762
44.9787200055732,0,19104,1,89.6248196205654,27.0155967664621
45.3674594995959,0,19104,1,139.362052788446,27.6908488488684
38.174053803816,1,19102,1,116.213083497356,20.4708434744119
37.2614580904058,0,19104,1,136.988786809064,19.6035976283176
33.3832375945378,1,19102,1,108.967666826721,16.1822402510181
35.4034114976261,0,19104,1,114.201246252104,18.0305335554608
58.4365429440063,1,19104,1,95.8970060215897,41.1054604276565
38.6362578934587,1,19102,1,173.152935216991,21.1061070757515
57.1209196010975,1,19104,1,123.659822840767,39.9020273939611
28.1700211650268,0,19104,1,126.817041289883,10.5093405960169
34.8496446046273,1,19104,1,113.726357836597,17.7047180598828
40.9072163956025,1,19104,1,123.085285923246,23.8601837843907
44.6825083866719,0,19101,0,97.8010706717559,26.7728139390241
24.6715339329576,1,19104,1,92.3545967465411,6.75084900139066
37.0132217250361,0,19104,1,72.3062834756437,19.4760282632492
42.7719716492799,1,19104,1,94.7116136965268,25.5960500894804
43.3483145994677,0,19101,0,63.3631173228453,25.7819966469968
24.3504623782719,1,19107,1,139.0240440361,6.71171869131651
19.9730467327866,0,19105,0,80.2427320907957,2.31322355098044
24.1005119804718,0,19105,0,124.344141292987,6.17754188738356
32.3605936072504,1,19102,1,82.3343409376214,15.022820668129
20.8046354686873,0,19104,1,104.976809805661,3.7873128136186
46.7451390898224,0,19103,0,77.9372309945876,29.2034967068486
57.4604889355212,1,19106,1,105.484684815673,40.412656854194
25.1000737801801,0,19101,0,108.201148987421,8.05017618743248
26.4218853721636,1,19104,1,144.94824245162,8.57277783777177
46.7050832285957,0,19103,0,65.330722998518,29.5339716113583
47.9636090684573,0,19104,1,88.6413453695086,30.2146100653692
19.7170159805923,1,19106,1,132.563237422028,1.7829317865785
37.0388793874141,0,19105,0,155.549107552618,19.2772197486907
43.7982270935128,1,19104,1,109.991412204135,26.6445025441745
27.8595854147599,0,19104,1,109.780594126018,10.5761780823843
27.6077452962898,0,19104,1,110.702929255164,9.90122272466837
27.0449649456272,1,19102,1,134.878243495754,9.87350170615485
30.2289881866586,0,19101,0,86.7683442923022,12.3109163595058
23.9243594839032,1,19106,1,89.90826247759,6.55679886115523
29.1232688843881,0,19104,1,119.780520759453,11.5077118389451
44.7545127167392,0,19104,1,106.716460848058,27.1067388194638
41.4753131033572,0,19105,0,98.1682138527503,24.1366747634671
22.9846045152594,1,19104,1,105.50899539376,5.88822342258252
43.2068780250681,1,19104,1,86.1110729963357,25.2141631636602
48.0938273913522,0,19105,0,95.3084857192613,30.5047255850692
27.7117432174193,0,19105,0,67.8456339813682,10.2793985835662
32.5084681603628,1,19102,1,124.122053333523,14.837255963547
40.0298220732143,0,19104,1,86.3174589360861,22.2473200287564
27.0415803744786,1,19104,1,96.0852758792256,9.54872329336149
56.0429263803537,0,19103,0,74.0990749145657,38.2644812389637
41.1484245272216,1,19106,1,93.5763052308677,23.5136539999724
40.7417039955225,1,19104,1,91.8383003298066,23.2512876747832
34.5800696386356,1,19107,1,113.471884591666,16.6066010751162
56.4913330784471,0,19104,1,119.023474658482,38.8669301996411
24.0506188275027,1,19104,1,135.731726426066,6.68366936167839
24.4967055487956,0,19104,1,63.4907446346611,6.76150301676685
46.4527044634806,0,19104,1,82.8674360316219,29.2195450988138
45.3108347533917,0,19105,0,124.872871327064,27.324478110596
45.2109980752125,1,19102,1,78.7272347295539,27.3570611955497
35.9029287365937,0,19104,1,66.0784234017402,18.5770063843319
34.63246197631,0,19101,0,91.4489592161097,17.616512784086
48.4294630301372,1,19102,1,151.236535606135,30.4593083346915
34.1139060381324,0,19105,0,87.023392072683,16.3994629852463
25.7656119316412,0,19101,0,74.073561209805,8.39588837694062
22.817515792165,1,19102,1,89.2183667679422,5.32537502663032
40.7320518998997,0,19104,1,90.3789976263413,23.3286871803096
38.7547706701243,0,19101,0,81.1217269389612,20.7746091813696
19.1838319994937,1,19104,1,118.321546194079,1.79492879234811
42.8646699264031,0,19105,0,117.079061293842,25.6343631282765
35.6476765865473,0,19104,1,67.9351139636335,18.0012144776074
38.2153543150965,1,19106,1,143.643188578744,21.0788919121008
45.4912609184821,1,19102,1,142.18812689818,27.5572667337683
27.9619697420424,1,19107,1,156.566161558959,9.968778760129
29.9463097686078,1,19106,1,130.643478449376,12.1050392252058
36.633487907311,1,19104,1,74.8074672475738,19.3164484650624
24.0754763410664,0,19104,1,103.784393916985,6.20398463180804
20.4652754389717,1,19106,1,124.457706051717,3.45900746505136
36.4341871427131,0,19104,1,99.7746917763423,18.603039594669
19.7578339112018,1,19106,1,142.660348655621,1.88160003335488
37.8811685890738,1,19102,1,113.507411356655,19.9633422243256
24.6793096642934,1,19104,1,95.8281614677789,7.16577100614014
31.0373149286533,0,19104,1,101.160165619615,13.8507476754529
39.4591342852374,0,19104,1,124.488542564711,21.7536447254398
36.171778556583,0,19101,0,83.7844386777444,18.4514939879715
20.373706721426,0,19104,1,119.836591341578,3.07227896336004
19.7066625565144,1,19104,1,81.1619773237431,2.13034912490687
43.7458686044052,1,19106,1,93.7201362915646,25.9844015315253
37.5068081616508,0,19105,0,117.234514975861,19.6236426824787
39.318624584461,1,19104,1,88.8476216494198,22.1604176051825
18.1732557021774,1,19102,1,88.2749232919876,0.594080847384788
34.7014396097145,0,19104,1,100.310584580725,16.9803425415518
27.1542896541521,1,19104,1,96.7237047019588,9.58756626157423
25.6662193220392,1,19104,1,132.153120337529,8.25837790712754
35.5113866192189,0,19104,1,113.898036978969,18.0848837665182
29.3747035574848,0,19104,1,120.419878815052,12.2073908339003
27.143630566276,0,19101,0,61.7638488705486,9.21085068091317
52.6423319806216,0,19103,0,66.5470425820412,35.3154225265479
26.7575140369436,1,19104,1,139.070350077309,9.61797256207411
20.9257798215004,0,19104,1,110.134285466989,3.77471424956826
43.0216162538743,0,19105,0,91.5423873688295,25.5113263892597
34.8276006740822,1,19104,1,103.52451761073,17.3591501850939
51.9480390683316,0,19104,1,92.7455635367284,34.125920783918
43.6897499105006,0,19104,1,68.6769122324135,26.4125831879254
43.5865713170934,1,19104,1,95.1577361532393,25.7195243373718
29.4943975664654,0,19105,0,51.8456809508295,12.1001702966613
35.1655346303648,1,19104,1,134.877071341351,17.9696531670104
52.1104830372968,1,19104,1,111.30168143882,34.2255104619433
32.9013820186295,1,19102,1,114.729962766727,15.3560878434722
40.3535188810382,1,19104,1,102.614777818594,22.4926180438087
48.0309800496007,1,19104,1,113.950463268362,30.4299951942786
56.8516410005708,1,19104,1,81.8643897879032,39.4885785773825
33.9553435579683,1,19104,1,111.368282627968,16.8520006360295
19.4617167521753,1,19102,1,117.611997927244,1.70629617725693
40.9781407559805,0,19104,1,101.3529050797,23.7769266820561
58.0379126820108,0,19105,0,97.7789037254665,40.7691548846988
46.1609193267221,1,19104,1,78.1151906963754,28.4026514628357
30.0790216642847,0,19101,0,83.17414168795,12.6550103178663
23.695409214227,1,19104,1,148.023339116489,5.96498892932245
56.2886365084065,1,19106,1,92.163795209555,38.8076693387789
25.6511735469432,0,19101,0,68.2233656289553,7.69486795904612
40.7201967584185,1,19102,1,130.69053663917,23.1605637143582
32.0854470902316,1,19104,1,129.424479611518,15.0160489189632
43.2617845184232,1,19102,1,133.833111250735,25.9939759581412
25.869103671228,1,19106,1,148.799386767761,8.11012095207296
58.4603504791597,0,19103,0,40.115381711129,41.0296231488904
34.7338651581948,1,19104,1,118.192263221787,17.128713502111
28.1168992848012,1,19106,1,143.385426557323,10.1469187161762
19.1079624094616,0,19105,0,72.6243919787196,1.71292897007308
37.45797804336,1,19102,1,122.148381803055,20.3764563397311
49.74195799647,1,19106,1,143.935851950213,32.3950223556823
40.1801936761659,0,19104,1,90.3435551178624,22.2750546254867
30.0412350070705,1,19106,1,124.464465098777,12.9356109171217
33.5469481594772,1,19104,1,142.474352094929,15.7963049380486
53.6301329464737,1,19104,1,87.4300281836095,35.7324273291129
30.0871100433947,0,19104,1,122.215053871525,12.5463760924836
29.7333093707786,0,19104,1,68.3290068271689,12.5409576234744
44.4548091951829,0,19104,1,92.7191384458951,27.2764208452382
47.4684713077548,1,19102,1,82.7688341675083,29.8253932755722
35.1674040922591,0,19104,1,133.988122095538,17.2030805741598
23.2222118040183,1,19102,1,83.4840343555245,6.00119822077544
40.6285237571558,1,19104,1,163.729352274548,22.6657598711884
35.9620140981349,0,19105,0,104.720855795523,18.9343502248592
37.1440689065177,1,19104,1,99.2822595061998,20.133697221024
40.6720121814035,0,19105,0,98.5667255598977,23.5314818142544
20.2965416913855,0,19105,0,58.9261666652793,2.99230421483549
34.5496219132087,0,19103,0,59.8444145148554,16.959744341531
29.8767726604868,1,19104,1,121.74982317379,12.769343817797
41.1381411931572,1,19107,1,91.306137449813,23.4143579830044
40.139506550582,0,19103,0,56.0415963072867,22.5227908467239
29.3593586132824,1,19104,1,101.785254865404,11.7857334750201
39.2786365831387,0,19104,1,117.780035766911,21.4415584101923
24.082930708435,0,19105,0,75.4116867768601,6.95439464169607
46.415835602308,0,19104,1,72.6669030888148,29.2684135966528
51.0387905860248,0,19101,0,80.2772851177485,33.4490870615396
45.3048961990424,0,19103,0,76.9730160149885,28.1619152986822
43.6989109651289,0,19104,1,64.0901642353251,26.0390782705612
26.2991457557907,1,19106,1,125.057022284865,9.19744123096073
46.966515394098,0,19104,1,105.121173375423,29.3037247852728
22.7880980307351,1,19106,1,136.121609497719,4.83161306685047
33.3102506341108,1,19107,1,130.399284557985,15.7945737675925
23.1606951081495,1,19107,1,63.2539695555166,5.99267862297807
34.4274293641459,0,19104,1,101.156473692512,16.8704458420064
25.3203217442609,1,19102,1,90.1955390804605,7.69632972981735
48.1145287174019,1,19102,1,134.698550189567,30.3638538130778
18.6100543096588,0,19105,0,104.179986105749,0.861385773813463
34.268568532202,0,19101,0,57.5200196206489,16.529590750705
50.7285853323516,1,19104,1,119.994486296687,33.4803901197843
35.1394873228836,1,19107,1,145.997679290075,17.9444723543691
28.1099385422339,0,19104,1,117.213655703214,10.9487311154288
40.7071480564772,0,19104,1,107.291591379234,22.8213752498849
52.1924436977576,1,19102,1,87.7952488201727,34.5163890365954
30.3718480288027,1,19102,1,95.6710328527151,12.4741116126044
57.9882435851753,0,19101,0,74.0638396609327,40.9600189521
19.6595094579595,1,19102,1,82.826621004751,2.26833540791149
24.5717656681908,0,19105,0,71.1930483464422,7.37071864559664
33.201244458295,1,19104,1,93.2046723110859,15.5198470796175
53.8935913646363,1,19102,1,90.6536565424864,36.0634931554322
41.2713089927123,0,19101,0,56.4818765653788,23.7589953967394
35.7977263353602,1,19102,1,111.995816459904,18.6176494412427
28.6750580276958,1,19102,1,111.370816332476,11.1376696093603
32.2146286199245,1,19102,1,110.359960694639,14.7487700305324
26.1611962962384,1,19102,1,118.273307809775,9.11914001046216
30.9630596075521,0,19104,1,150.230382321712,13.6242078658042
32.9283810550064,0,19104,1,74.1125866091363,15.3670138068214
48.4841628101618,1,19106,1,126.651445027088,31.3552618943118
29.2085511006952,0,19103,0,82.3604657071685,11.8740565474217
21.6165201164357,0,19105,0,74.5885430183267,4.58025886780053
28.2091206178787,0,19104,1,83.8735182262629,10.2522435527547
22.3242631848912,0,19101,0,69.0653461421749,4.5815724724449
59.0022733539878,1,19106,1,114.450502766486,41.0478890144801
59.6275406724741,0,19103,0,76.7567244964791,42.189568873771
24.7534838622227,1,19104,1,73.3818545496868,7.15891876800695
20.0488917662889,1,19104,1,85.2644409992893,2.2978111482818
25.4723559814093,1,19106,1,104.380061891779,8.32571308808939
32.1845468857645,0,19104,1,79.1340396190897,14.4265627334679
31.4453047572595,1,19104,1,132.647859158515,14.161432636013
44.3144293109835,0,19105,0,102.263230227926,27.2584925283626
47.2189194729084,0,19105,0,109.053726171814,29.8847159090449
33.6685064404184,0,19103,0,81.5222600584306,15.7980285842816
26.0557930124555,0,19105,0,92.6650314790083,8.880131465346
27.6430650937445,1,19102,1,131.307138753969,10.5048148112445
35.4880895755533,1,19104,1,36.5177540467239,17.866594239492
36.4407900429114,0,19105,0,84.8323899707508,19.1775574650864
48.8229686304033,0,19105,0,79.9355060066676,30.9658122186586
33.007593372236,1,19102,1,94.4238515952334,15.5500488964422
49.1683672707593,0,19103,0,47.1202939314744,31.5939244492045
46.1505307726338,0,19104,1,135.711694850044,29.1233684468325
33.7057956315816,0,19101,0,78.224018348159,16.4888151675236
39.268858677369,0,19101,0,123.578085640864,22.0557640047152
41.0447424912066,1,19102,1,73.5413948092712,24.0416898807683
54.0129460107344,1,19102,1,100.397567598927,36.0728272152408
56.6578946681588,1,19104,1,138.553340205857,39.2160794576525
40.7808065752435,0,19105,0,76.8669128107235,23.4146384734596
38.981568106423,1,19102,1,110.122356004734,21.3008107172519
46.3671189908927,0,19105,0,97.5203586269167,29.1574443093558
27.4094092268905,1,19106,1,138.76220138033,9.88463714047694
21.9312616734767,1,19106,1,113.688485853859,4.35573080708288
48.7806782304493,0,19104,1,106.973953270212,31.2209601997116
44.1035505608008,0,19105,0,69.0690270906324,26.4547912576519
28.3588488238735,1,19104,1,122.145188676709,10.6093680704349
39.779548438812,1,19102,1,100.95969119065,22.5731758306142
56.3324612416554,1,19104,1,104.878802556974,38.8272400789655
36.9217541231773,0,19104,1,80.4700156543778,19.1682425863109
32.5502856966784,0,19105,0,74.875551818227,15.278148286671
48.4078508662157,0,19104,1,82.0322255405362,30.821469306257
41.5254969451238,1,19104,1,97.1587506869837,23.5935098047961
30.5661988268003,0,19103,0,91.0337621641696,12.8950940124087
28.1980432051731,1,19102,1,81.9183577408383,10.2070308244819
33.1302923006528,0,19101,0,50.4018224362445,15.1821608967671
40.7621010619237,1,19102,1,116.752491474836,23.3992050271969
45.7196147799764,1,19102,1,129.169744233657,28.1068036469437
45.648113897442,0,19105,0,92.3996955654482,28.2685440463471
38.7649788157221,0,19101,0,77.9448105782926,21.6880743088338
54.2935026794031,1,19104,1,124.446494812899,36.3745219817676
19.8058674778837,0,19104,1,93.8833823121133,2.716003109566
45.0659280184982,0,19104,1,125.054877082995,27.3355457997741
32.8742190420731,0,19104,1,85.9459475228513,15.2064979435514
26.1960414434655,1,19102,1,107.543178270301,8.33037015244945
23.1645728731229,0,19101,0,85.5762004224523,5.28981136318097
19.064485035725,0,19103,0,67.789143241739,1.62855421158493
35.7296252344492,0,19104,1,98.3141631299742,18.0187461376878
42.4179126721055,1,19104,1,80.5745110530022,24.5049738954466
39.3741764224652,1,19106,1,128.098245333395,21.5957378194254
59.8937835837328,0,19104,1,85.5808714769697,42.1761821063314
25.806364810427,0,19101,0,70.2912414413131,8.44028363503264
25.0572876274356,1,19107,1,142.060758719229,7.76622863283873
23.3309981875604,0,19101,0,95.5885590323764,6.28421546672637
53.2612561864618,0,19103,0,81.3705465798108,36.2284327437475
45.7455470440606,0,19104,1,114.752910606066,28.5071202024979
42.7454783379401,0,19101,0,90.9364182912814,25.1890072190038
39.2335102918216,1,19102,1,105.566111494922,21.3396294998595
50.7707446601654,0,19105,0,120.539325911366,33.1959947356901
28.6026560197193,0,19104,1,106.015146366871,11.30042050137
36.3897739469287,1,19104,1,73.7040412425626,18.6388552291066
26.9557480908902,0,19101,0,50.4931922437978,9.55633525098387
29.2851327467934,1,19104,1,78.837317502698,11.6500685469938
18.8381994613384,0,19103,0,60.0805593993438,1.04111407067937
49.5305640186897,0,19101,0,93.1451665782112,32.233942437383
43.3539425158622,1,19102,1,130.876611067745,26.1953210086311
42.1401150277452,0,19105,0,108.237807867426,24.2886120506664
28.3491983084369,0,19104,1,114.636457027039,10.3778437349375
49.1479142407926,1,19104,1,110.07277878655,31.6333432127295
26.0633430018659,1,19106,1,66.8185091517371,8.21623309688743
40.3439632466174,0,19105,0,88.54575840246,22.8093547132443
25.5351155361669,0,19104,1,93.9332618078073,7.65012270198626
59.8970417840814,0,19105,0,98.5188751867852,42.5716586161347
43.5928404009483,0,19105,0,84.5266370733175,26.435289895353
46.4931216103241,0,19104,1,103.770590587516,28.8126718176745
28.7810558074635,0,19103,0,69.7501163133679,11.5068080195707
34.7194809702228,0,19101,0,60.0175192637513,17.3117546970493
45.2623788500408,0,19104,1,82.9689087547833,28.1222042311186
31.2545146235446,0,19104,1,100.651165616775,13.3055298560014
43.3225332915612,0,19101,0,51.2401299356218,26.1788934900254
37.9411264452436,0,19104,1,94.94631748669,20.6447411863417
32.8955610922409,0,19103,0,50.9043817413099,15.1849092209583
32.9899645643892,1,19102,1,106.222542674455,15.6320181962221
43.5466361819804,0,19104,1,64.4365154837771,26.4230600377583
45.5031350141416,0,19104,1,88.8376528430404,28.2029132012302
41.5384352740167,0,19104,1,139.765063990007,24.4611631678218
33.6775232711095,0,19105,0,99.6142196887952,15.8784808974466
37.6920097910828,0,19101,0,94.36208136186,20.3568479856971
36.8356065626941,1,19106,1,113.496179909612,18.9926287469208
32.8107792968131,1,19104,1,124.371512123718,15.2963891602322
38.3845111038628,1,19104,1,147.605969393354,20.5774800768214
34.8021873139263,1,19104,1,100.580504639929,17.6526763151818
37.5192848412511,0,19101,0,79.0580474084054,20.3208007673924
45.4474531767528,1,19104,1,87.5683814844801,27.8189031916309
44.3395115377866,0,19104,1,83.3502826252262,26.5164630991426
30.1093175779667,1,19104,1,61.2275387997744,12.6635962410935
29.4529515811786,1,19106,1,102.914487644045,11.8797625912897
44.3176946875749,0,19105,0,77.9595082760628,27.1401002947816
32.0318228634313,1,19106,1,110.30404283943,14.7441561510093
49.7587033252658,1,19102,1,75.9608240844052,32.3134776014795
35.2041466959379,0,19104,1,105.276799995996,17.5858600653335
39.8121119780134,1,19107,1,113.56684912706,22.7478896189149
44.3272548525427,0,19103,0,65.4680855402976,27.1853529573717
33.5926018879902,1,19104,1,46.0967098591946,16.4263334019263
48.0346599719969,0,19105,0,50.0564558695929,30.3939707966537
37.7337809106498,0,19104,1,101.651316276502,20.7268325029104
45.4156607890426,1,19102,1,133.086781819632,28.3574840589817
24.5171511340193,1,19107,1,115.002155412206,6.79155293030254
44.7199504302596,0,19104,1,99.6842960145584,26.8732514681076
47.8014029006786,0,19105,0,86.9883848392402,30.6566180149871
46.161385640415,1,19104,1,58.9778986218946,28.7119046676966
31.4488599978314,1,19104,1,37.4480722282611,14.3529377817568
35.2397204363328,0,19101,0,79.3765849685199,17.5418601744418
19.0113140437134,0,19103,0,101.258216861692,1.02228868816384
41.0400309773105,0,19101,0,72.2034188131858,23.1720706912166
41.2404553425407,0,19104,1,111.973795142519,24.0489588436579
40.3422197825105,0,19104,1,124.712705944048,22.6176992354279
37.6919164094425,1,19102,1,115.010246672045,19.8193695843502
37.7457254659362,1,19102,1,143.673163600853,19.7520020920761
52.4446585444701,0,19105,0,81.1700529348992,34.9381786914044
39.9833181072924,0,19104,1,128.501360239219,22.866133411039
36.5325453699801,0,19103,0,99.2458321603955,19.4289015901044
35.7187613525304,0,19103,0,108.06811192772,17.9387632838326
30.2056490135042,0,19101,0,131.651720285056,13.1558511868247
37.9476318152754,0,19101,0,76.3180752983516,20.9444534085358
33.5562449586685,0,19104,1,93.3501449661312,16.4401727481852
41.5846537445931,0,19101,0,90.4725197059445,23.7344569234437
39.6283522768817,1,19102,1,91.8793914316808,22.3225670968122
30.866403521986,0,19105,0,80.2103845785284,13.5485698057034
58.405585526805,0,19104,1,79.4215911960016,40.950989310946
42.1462404034499,1,19102,1,133.49241784706,25.0214900318931
54.0021761847774,1,19102,1,49.2731083273006,36.4220299353938
18.3705004222944,0,19105,0,77.8433771979743,0.37083659714758
47.6841336152857,1,19107,1,127.696371397031,30.6056698639287
20.414976901981,0,19105,0,87.9535525435786,2.77248568264851
34.6026082683913,1,19107,1,75.0692747746979,17.4589755747095
55.53306232727,1,19104,1,95.5587114416113,38.2422206186118
26.3950832157128,0,19105,0,75.8974346297574,8.55579974448422
24.0430925390312,1,19102,1,133.659173364728,6.33551145667225
25.5968872827671,1,19106,1,136.20389844462,8.409500372336
47.654558277522,1,19104,1,97.4484260388503,29.8927200127587
28.1848479437439,0,19105,0,91.6906966369461,10.2342897258031
29.9433967910447,0,19105,0,77.5552078410706,12.3982947062907
49.658523259511,0,19105,0,97.8545773539793,32.5914840030612
58.2263226803255,0,19101,0,117.619043531656,41.14935692105
41.635909815308,0,19104,1,90.5891507235077,24.5078571417726
56.5356054805257,0,19101,0,66.9189655520972,39.1739795406852
24.2396403307449,0,19101,0,30.6481396793951,6.92677425927295
46.4974030455535,1,19106,1,130.647444796849,29.4638814501425
29.7776567297278,0,19103,0,54.4952493062376,12.4082418444322
44.7196225550222,0,19105,0,55.8254436906728,27.3409805754862
28.4838583542037,0,19105,0,74.3820126770049,11.369462022139
38.0354356419038,1,19104,1,108.705643189637,20.8337283265054
28.5352160594401,1,19104,1,139.240316866521,11.2538898688716
35.2495927249346,0,19105,0,72.2048052862,18.1867790135819
45.1129145943933,0,19105,0,91.2183667878078,27.3422758214083
30.9050336232834,0,19104,1,99.8327537634155,13.6080080158502
35.5308128041521,1,19102,1,128.220389902484,18.3792249788836
21.7382625876951,1,19102,1,114.967256026844,3.92691376083777
20.7357784015445,1,19106,1,134.284250907993,2.87007440317808
23.6141841290017,1,19106,1,161.241439227404,6.23642826750512
27.7935196436773,0,19104,1,103.372723148241,10.0198846774473
32.3168415824521,0,19101,0,109.585148691507,14.6566242311719
38.9892913815999,1,19104,1,122.008567655539,21.8136244717022
27.945321063768,0,19105,0,53.958388117429,10.5717656803558
24.2858511524927,1,19102,1,72.6541208107952,6.75401266326198
25.9012638561554,0,19104,1,116.887686520388,8.51401738618832
48.3385092605639,1,19102,1,121.246973088866,30.9692011202022
26.3377574572014,1,19102,1,110.768450711502,8.74825994685765
47.0850076412613,0,19103,0,38.2952610110357,29.6960092890373
24.1797047553769,0,19105,0,129.188316923239,6.54847367836151
28.2591199327298,0,19105,0,76.456448116036,10.8282887222749
48.5598662796768,0,19103,0,101.378264318212,31.3693477328273
28.6591057986299,1,19102,1,94.0479667824869,11.6385758274047
32.3848877262046,0,19104,1,116.665751477343,15.1267990955805
28.2890749038874,0,19105,0,130.698037985351,10.2976571010171
35.2224870677976,0,19105,0,86.4416852136268,17.701247762184
29.9076264463902,0,19104,1,110.35274972124,11.9707917431907
41.1539084273987,1,19104,1,84.0880265941585,24.0484918961898
30.1894444754608,1,19104,1,124.130330954318,12.8228423445281
41.1811757451334,1,19104,1,137.208596721663,23.7867308764663
18.9459756118121,0,19104,1,100.402138647265,1.29904009111843
38.2441364826878,1,19106,1,119.38171345873,20.5109888647927
22.185702162657,0,19104,1,94.4615124372226,5.15148159801218
28.5368387374285,0,19104,1,101.509574408031,11.2904044502605
49.2238840133558,0,19104,1,100.250335624413,31.7351573483228
50.4612079388358,1,19106,1,118.851582936933,33.1254188211065
38.408855688155,1,19104,1,47.5080246901513,21.391189327326
44.2730599473195,0,19104,1,90.4910269100983,27.1218544783966
34.3341648293547,1,19104,1,133.771124159149,17.048756016314
39.2580426870516,0,19101,0,76.2888917455649,22.0500899490106
52.9516410339677,0,19101,0,68.9250586373235,35.5934718568863
43.3180864014036,1,19104,1,88.2733425155844,25.8227387481208
59.8275146131464,0,19104,1,116.815993997774,42.40454469212
20.5625232435371,1,19107,1,130.951367531248,2.72177647432116
34.1901980462165,1,19106,1,122.668814817382,16.2403246355856
29.5450806336117,1,19104,1,108.947997779423,12.5099587009859
52.1256606067812,0,19105,0,63.7505789117429,34.986477883421
42.8104255747402,0,19101,0,58.7117704461922,25.1995043930018
59.6797475159369,1,19107,1,144.733783275807,42.1536257223892
46.8211198841487,0,19105,0,87.7787403830414,29.0724956012597
26.8109308850261,0,19104,1,70.0600305860681,9.12548748229247
39.3039115550711,0,19105,0,85.1353373942397,22.027205284896
29.4276233058386,0,19105,0,125.28107730552,12.2282634157651
19.0559770923945,0,19105,0,38.807022057288,1.20834633548733
20.5550754426752,0,19101,0,97.1898510336375,3.28407546577576
53.2764526765029,0,19104,1,89.6717250709027,35.5269680874123
23.6023363485847,1,19102,1,114.470757510794,6.51780471586702
35.7927535199069,1,19107,1,175.101426410015,18.6746613883387
37.4040923384325,0,19101,0,111.444023833065,20.0850984861916
36.5244301502615,1,19106,1,152.663217227207,19.3534801982831
36.5228990999712,1,19104,1,106.378926941109,18.9899643530334
52.0939078434703,0,19101,0,115.37342138959,34.8270024176554
48.5404493202537,1,19102,1,124.342430754974,30.6838234408375
47.0745469416316,0,19101,0,88.3947464008862,29.0867456827137
40.5866008094884,0,19104,1,113.314407459599,22.9666985814832
22.3012810310191,0,19104,1,93.738381322962,4.91532684423317
35.0777263719056,1,19106,1,132.996832149481,17.6077939279776
41.9964745121422,0,19105,0,84.8071770144679,24.2593870872977
51.8783080555356,0,19104,1,108.339912896763,34.2823207071839
30.9934227919606,0,19105,0,54.8358888857572,13.3959193701325
49.9442938274379,0,19104,1,113.721189617501,32.4719590178366
22.4505542004849,0,19104,1,88.6463317677475,4.52276161014059
53.0285527772966,1,19104,1,84.3975412216635,35.9921310408271
46.1953237464323,0,19105,0,73.3300215086722,28.2450532331269
20.6706988201833,1,19106,1,129.371295821533,3.03555210217669
58.5439323624571,1,19102,1,141.929970171396,40.6594462334153
45.1763980109513,0,19104,1,104.027712772966,28.1448220722646
47.6390013634117,0,19104,1,117.12527190174,30.6044319851679
44.8593928504604,1,19102,1,155.537220199326,26.948826203389
23.2260553385684,0,19103,0,67.6711759022791,5.43529572017431
41.739957803513,1,19107,1,90.1626188655503,24.3486875005784
44.430931712748,0,19105,0,68.6346731079473,27.2770742762512
38.0684311763382,0,19103,0,70.3489825407186,20.8067929107695
31.6138442877398,0,19104,1,143.604152329397,14.5063238944111
25.7400016587011,0,19104,1,123.644828332513,8.35807590678027
31.6311105353187,0,19103,0,55.7662951727566,14.179961150129
33.7556503898894,0,19101,0,86.7884599423871,16.1623362614271
41.9255434211794,0,19105,0,77.3771586204899,23.9976546142701
29.2059526533146,0,19104,1,103.084106242325,11.705975974796
52.9811353485455,0,19104,1,51.7162278586858,35.871701858461
42.2491329471336,1,19104,1,105.561820531502,24.8310129484849
21.7779211447163,0,19104,1,104.682704957255,3.81409726976963
31.6452380287448,0,19104,1,113.6435641059,13.748116854251
28.3762992554238,1,19104,1,125.788936226854,10.5051980283005
43.0384987830315,0,19104,1,95.7656314368153,25.5347141397782
36.1018445115967,1,19107,1,141.766803551462,18.6082134730147
37.7112377693891,1,19104,1,96.6502502291059,20.3634298178847
37.1167093304096,1,19102,1,80.3488256077235,19.7984111125691
33.0679904067403,0,19105,0,95.7826318648168,15.5259172141998
29.3117701085974,1,19106,1,127.507362692447,11.7125711851511
36.9869163462062,1,19106,1,128.488514066886,19.2072722001102
45.4200953429081,0,19104,1,78.2108878093981,27.8382862722483
55.7044425044647,1,19106,1,97.5915551333244,38.4336849231245
56.5465242064829,0,19104,1,141.209229932411,39.5336309665154
19.3247579056621,1,19102,1,112.62879158194,2.20461329723153
39.7893193740753,1,19104,1,107.128160364515,22.6099457197712
34.0895158666131,0,19104,1,95.621564304346,17.0029598080033
58.96469930091,0,19105,0,81.8632548172837,41.4696401513373
37.5842928463441,1,19104,1,98.8930207825769,20.3503195267019
23.4839775119541,0,19105,0,87.4204124173969,6.27404946154973
35.3077458287944,0,19104,1,119.82977303558,17.9861539195181
42.6507381011917,1,19107,1,176.259767426981,24.7946977773401
49.7411912451278,1,19104,1,87.4554239398449,32.2089482284863
25.8153719930888,1,19102,1,133.118665004089,8.05082486090031
31.3575343732151,0,19105,0,79.1591458250783,14.0968303615588
36.8021646722123,0,19104,1,100.571766412068,19.5389806346871
47.7544059996236,1,19102,1,81.6053632089704,30.6448142131068
38.6247613069661,0,19104,1,61.5807503179208,21.1026532573685
54.6778043512509,1,19102,1,102.759724747442,37.2963730224196
33.4955303704628,0,19101,0,84.5235409809622,16.1211635685322
42.8215211014123,1,19106,1,131.009043343619,25.6799328503058
45.0309095466408,0,19104,1,74.8397351060516,27.8340521233521
27.561065428465,0,19101,0,62.5835936962865,10.3275185998467
25.4780278993415,0,19101,0,70.6924972425995,8.08227017737165
30.3493378457066,1,19106,1,108.980916256417,12.7882581438322
54.9786813595054,0,19101,0,63.1998956951001,37.6451565530804
56.199009209663,1,19102,1,109.820255823983,38.9323523424346
37.3748401544405,0,19104,1,106.483351959597,20.1172492319135
26.5392734769785,1,19107,1,133.000923332648,9.25874037440462
24.479420869143,0,19105,0,68.8769259626639,6.9969412703042
39.9347233186977,0,19104,1,129.669889830713,22.154970831381
27.0111386157702,0,19104,1,82.6700540919571,9.90037163008373
44.0181560113948,0,19105,0,85.924408051884,26.050641601944
35.5877609104051,0,19104,1,92.2943740048164,18.1671612367633
40.5321044434702,1,19106,1,115.032911844115,23.3865248225072
41.7552799636395,1,19104,1,72.1762669004314,23.9880090670557
29.1749125896745,0,19105,0,94.8994054273711,11.9573779309426
25.3152405015057,1,19102,1,95.013459962001,7.72096960068257
36.1661329336122,1,19104,1,93.2196866992748,19.0385022970505
58.2401005733637,0,19104,1,123.939939245916,41.1466009550141
35.9395002260564,0,19104,1,145.025371581578,18.8311489537584
35.7869669590982,1,19102,1,103.403932566781,18.7441720802708
33.4978534455709,1,19106,1,131.137135435663,16.0255640679802
44.565057887277,0,19105,0,63.3281907409073,27.0793615873441
43.3765716607087,0,19104,1,94.5647961354743,25.5397707664744
45.1197627189926,1,19106,1,111.327355521064,27.3825541046339
21.0593906039779,1,19104,1,99.2740895884051,3.73993098777127
38.7086389170108,0,19101,0,88.8911691537785,21.3951060462823
37.2032873659007,1,19107,1,130.796385992573,20.0669584423848
26.3344195316972,0,19105,0,97.6584836705566,8.38669874537339
28.0642632563282,1,19107,1,104.83112649686,10.6414424959254
42.5781535694633,1,19102,1,95.6429319562402,24.9282413951378
45.2514525082098,1,19104,1,114.219666298683,27.5380964044617
29.1216370424359,0,19105,0,62.0158516653089,11.2210067906986
36.6427887754309,0,19104,1,139.753587945623,18.9380980552434
22.8646084345718,0,19101,0,50.5044140658367,5.74850629138098
19.3505687613703,1,19106,1,132.321007028379,1.97070795159893
25.1796015351998,0,19105,0,64.8200107953408,7.9234966163045
41.2748579567519,0,19104,1,151.887531714455,24.1350783603952
50.4734249420131,0,19104,1,123.110208449083,32.9718717804776
35.1270295204314,0,19105,0,80.1675163854593,17.9155457725002
23.5341829029949,0,19104,1,134.41067581342,6.13341732822481
32.7089835069197,0,19101,0,72.3405425585425,15.3220830963979
22.8513727118269,1,19104,1,82.7736099677573,5.7444854800132
41.997808373499,1,19102,1,140.944441847946,24.3080492727116
44.6177043056503,1,19104,1,101.328975634801,26.7590778526772
48.6470846804725,0,19101,0,95.286426266221,30.8373089680382
44.6670242209773,1,19107,1,138.035896577675,27.146266914843
46.2236147717215,1,19102,1,64.4718200198307,28.6689473657045
52.1105883984612,1,19102,1,98.8806468985812,35.0366726652039
25.4164297965674,0,19105,0,73.0771417701606,7.66584612087744
32.9151589550606,0,19104,1,127.853658845085,15.089364216576
27.2069856125674,1,19106,1,125.065674595412,10.0323633013105
28.7704809941056,1,19106,1,143.601969749026,11.2453677328008
53.8201981806392,0,19105,0,47.9409809084617,36.4962524182825
32.199679070501,1,19102,1,131.354458363623,14.4273583126482
23.7657785391099,0,19101,0,53.7825874644026,6.30002905206192
37.6012725912424,0,19104,1,92.1912789176871,19.6297553431632
44.9856786318777,0,19101,0,67.1668495808647,27.0477788369825
18.9880524976749,0,19104,1,110.488990826152,1.66145000659039
25.914890959269,0,19105,0,34.4453519920206,8.16742806566566
38.8822344220321,1,19104,1,80.1446269085879,21.6877353533714
27.4819281538002,1,19106,1,128.485321880048,9.49538338454288
23.2596727849565,0,19101,0,72.018847048635,5.40907853260859
22.2622328334518,0,19105,0,108.174970961304,4.57361596953428
38.979570482344,0,19104,1,81.4219268721092,21.3444400471157
41.4101406498801,0,19104,1,115.272183079463,23.8266228740092
31.8774872107746,1,19106,1,116.062927268948,14.2186193554511
48.943137269576,0,19104,1,99.156214092189,31.199869688942
38.3326507834634,0,19104,1,99.0851146449325,20.5423842121298
37.1326919073359,1,19104,1,117.022589479768,19.8304082293649
18.7061873905703,0,19104,1,53.9079853437231,1.40878686177244
45.702625112209,0,19104,1,68.9205875759189,28.2223561329968
38.6446113651654,1,19102,1,163.616673487714,21.0823257782066
42.2711602076443,0,19104,1,124.143663806315,24.6738359680886
36.5897069722137,1,19104,1,83.4158248070658,18.8682035940888
22.0849362920956,0,19101,0,82.6411045853963,4.82040668646673
26.3345875765206,1,19106,1,115.428349758402,9.02438908671115
38.94478332376,0,19104,1,79.6850346213396,21.6937912570675
35.5639236386399,0,19101,0,72.2151554952902,18.1267247133422
31.7521430015409,1,19104,1,91.9579122792277,14.0041508440705
37.3630076144979,1,19102,1,129.267719192188,19.6668459231657
41.4816911172375,0,19103,0,82.7164697307466,23.9515326277606
43.4255454197127,1,19104,1,102.948697488331,25.9334622273754
19.9124041210996,0,19105,0,92.4596789164683,2.68458100637854
27.7421198172137,1,19107,1,90.9774706121504,9.84025267200689
47.4692937591972,0,19104,1,101.774048516119,29.7342430967765
32.7403006590551,1,19104,1,129.684612864781,15.4571123071595
50.0331468091883,0,19105,0,67.0796418480895,32.8412079909888
47.7634573645206,0,19103,0,90.4783501698529,30.2984374362292
46.2544161924001,0,19101,0,114.175130054076,28.922522559746
30.970393875433,0,19104,1,118.096980029428,13.2158901116865
55.2637723335644,0,19104,1,97.7316966999758,37.4160736851042
43.7396772079335,1,19104,1,140.389603497521,25.7500557596029
56.0733136397688,1,19106,1,130.055217227855,38.7440507084033
45.7698345765181,0,19104,1,87.5859996882201,27.9144490723207
35.4015248656487,0,19104,1,107.760584608108,18.2134353829296
38.4170630507134,0,19104,1,121.870038868276,20.5332769845109
38.4908740277292,0,19104,1,101.290950135992,21.0378346840276
48.8307539751294,0,19105,0,78.2221422548186,31.2177145728382
21.5385785702646,1,19104,1,81.4320504471719,3.63575891745575
28.7744888899392,0,19104,1,91.9718727096523,11.1545130234221
27.9173430075016,0,19104,1,121.596715234289,10.4205376879391
24.8598926722732,1,19102,1,122.07252178435,7.16376136254597
53.2485187993084,0,19104,1,127.505614118674,35.6228603251444
52.4406784648391,0,19105,0,68.6692845259877,35.1588041201549
24.1510167478982,1,19106,1,52.6965401987003,6.33279678979216
51.9214092308664,1,19102,1,129.964941848747,34.3720336779495
24.9212966464791,0,19101,0,75.4377991855337,7.29254738510167
55.4170311636332,0,19105,0,87.5149318570497,37.7770483270794
57.7917194177692,0,19105,0,82.7805798245175,40.0544470078141
55.4720730695415,1,19107,1,133.831969442024,37.9715791260831
49.6237879777788,1,19106,1,135.040420301778,32.5052210228047
36.0172174633206,1,19106,1,86.3304495309381,18.5942292134003
48.5080193265835,1,19102,1,123.872086820613,31.0752511742552
52.8769354336927,1,19102,1,128.447667469522,34.9023168418589
19.3120735790514,0,19103,0,50.6880750451296,1.73670061490768
38.6816430618459,0,19104,1,103.02727022792,20.7153237420538
20.9592432590102,0,19104,1,65.5676486944355,3.31644629625539
41.9276419806144,0,19103,0,75.3921054031031,24.8111530125923
51.425905181148,1,19106,1,124.580764041818,33.8155310333771
33.2906963467968,0,19104,1,115.181476121171,16.0173549578895
23.2000301337512,1,19107,1,137.880732808687,5.96049763347861
40.611310730372,1,19106,1,140.307826274956,22.914339259649
31.5219216245653,0,19104,1,122.130462743356,14.4561044260821
42.0960528969962,0,19105,0,54.5560053040666,24.6229681831982
30.5448863528556,1,19102,1,71.3693085065488,13.1126265927571
28.3999082677545,1,19102,1,80.5125666616205,10.7667361196143
50.9122362520308,0,19103,0,81.9546507324188,33.6675659196214
53.0165472953554,1,19104,1,136.130663683505,35.1052514124635
51.2535827464534,1,19107,1,147.596969420529,33.3485177757329
55.4821442031409,0,19104,1,102.766569044352,37.9881515522595
36.8717698130057,1,19102,1,134.701022023774,19.4389886312418
21.1769245789402,1,19104,1,135.80105478409,3.33959341035383
43.5498904839009,1,19104,1,118.471641934353,25.7196109033506
50.2537896333779,1,19102,1,108.595920134548,32.7693423655401
28.4241659772555,1,19102,1,119.995274408674,10.5665405482026
54.3005130184822,0,19103,0,94.0931342224627,37.0678983960308
32.225320797146,1,19106,1,112.052777760053,14.4111108276645
25.272962378533,1,19104,1,49.4068983096615,8.06782244933717
58.6862173169429,0,19105,0,43.9842148883942,41.6135259785733
48.9611197676849,0,19104,1,121.062341154643,31.0447171450932
45.8726642970696,1,19102,1,113.955373831851,28.7471937244527
26.6398451627649,1,19102,1,139.262989315823,9.49914665230995
50.8927841021651,1,19102,1,116.112078544184,33.6630955331931
22.4241703901451,0,19101,0,83.2070333345311,5.36673834840882
24.5654497224253,0,19104,1,100.492860077972,6.60624476274223
18.2021893716159,1,19102,1,65.0560349887146,0.81961652512874
22.6770621893919,0,19104,1,95.6486975856851,4.74626769283704
59.1578470215135,0,19104,1,62.7622157717141,41.2174065052931
49.4865086387462,0,19105,0,78.3654940479453,31.5776909209407
22.7544603067473,1,19104,1,94.9196866711497,5.26988833225561
20.4046261743225,1,19106,1,103.284551326779,2.86151664676628
26.2958284061705,1,19106,1,106.370983186384,8.52743873412958
21.829401158879,0,19105,0,49.9603392091705,4.38201902286374
50.5609685840232,1,19106,1,136.847756710771,32.7016179520783
18.9477492274759,0,19104,1,104.599879577684,1.31968051982536
30.1764106554018,0,19103,0,119.59170597257,12.8565819481427
18.0532791305333,1,19106,1,85.4399118578631,0.388085870584433
51.9670044770966,1,19102,1,53.6110600878168,34.8347603073845
28.1469716420473,1,19104,1,126.211712797354,10.6951160226093
36.7750046705234,1,19106,1,114.282449935761,19.5525329909626
59.9424561233336,1,19104,1,81.6769583013923,42.0496820580756
34.0222545424899,0,19104,1,100.619862000432,16.8622473481068
32.2358261627906,1,19104,1,117.810548003494,14.6099507954732
25.4699600994103,0,19105,0,78.1805160396302,7.73465176983553
30.5049764143076,0,19101,0,81.7798722133662,12.9831202045787
40.337611846091,0,19101,0,139.301941527789,23.2477991375381
19.9259778943067,0,19104,1,82.8674000174391,2.01910861368903
33.3269722904987,0,19105,0,122.434521953564,15.6602185637202
57.7617375834742,0,19105,0,87.7046817387328,40.4761649482315
22.6218635963075,0,19103,0,51.4597837932522,5.40796315546931
30.3558811772149,0,19105,0,105.664621936094,13.3271656114142
51.6507984395489,0,19105,0,85.8001586934712,34.400657301338
23.2023016261508,0,19105,0,72.4553345045478,6.08462219388347
38.9221021906783,0,19101,0,109.870419449912,20.946363597534
30.7398229111847,0,19103,0,58.9884683194367,13.5429566228692
32.0299234684823,0,19103,0,113.866619648706,14.4755404609056
52.680502586958,0,19104,1,59.3060595864008,34.7825720691653
39.1561794384663,0,19104,1,106.098791657328,21.5234221072216
33.2918811792411,0,19104,1,76.6372365386122,15.4872844496645
23.3051125104348,1,19102,1,50.4883691313139,5.62554030188315
50.0977858914936,1,19107,1,153.448734636698,33.0485985788924
56.3569868428689,0,19104,1,96.4937746910747,39.1790078173448
21.1126107097579,1,19102,1,115.209236908252,3.35207099830485
32.2125944995462,1,19106,1,102.618594303779,14.8095407820913
33.3200249052997,0,19104,1,143.793033781056,15.4923335865996
38.3266225939529,1,19104,1,53.1176259433861,20.5181076585228
29.5526117677368,0,19101,0,53.0957504259844,12.5097767605479
32.4241683859346,0,19101,0,86.1217644290363,15.3858349820567
26.1364853574144,0,19105,0,106.921206302171,8.26935699732925
19.5083303170928,0,19104,1,57.3546865205887,1.56765346845588
43.4585871615456,1,19106,1,133.298254853385,26.3002052647536
37.9986972516136,0,19101,0,93.8210813236341,20.067469242561
45.0620498823536,1,19106,1,119.402584712044,28.0575393020243
46.6366328834207,0,19105,0,113.269623856796,28.7740279889782
43.2356791935639,0,19105,0,73.4606006256786,26.0155708132556
36.7524186265973,0,19105,0,104.231581585965,19.5726382481253
31.3359163028098,0,19104,1,73.7225681088519,13.7039801433592
19.9042488524769,1,19104,1,91.097417699588,1.97714837496957
39.7425712454097,1,19104,1,110.501255493329,21.9074035047052
36.8622678248412,1,19102,1,126.470307874861,19.7519762618668
50.6596269390842,1,19107,1,79.948213670739,32.9528211168775
37.6056152889452,1,19107,1,157.404182712213,19.7067023573855
49.5047678644764,1,19102,1,94.8747153462752,31.9548382647331
27.4659515643661,1,19106,1,130.019316920396,9.56946977518319
18.1923394653347,0,19105,0,90.4515235735601,0.5819972311944
43.2913990157479,0,19103,0,75.2668944177329,25.446857984812
24.7174870511841,1,19107,1,144.079044508048,7.12895465366062
19.7252149889317,0,19105,0,129.577547796306,1.87097718893335
43.4736492646854,0,19104,1,114.231137981333,25.5897590461183
25.9179205241547,1,19102,1,102.623113869966,8.51242753038456
34.0085557997139,0,19101,0,34.2001286257786,16.4172015839635
33.2575038388413,1,19106,1,179.282655948155,15.5863879750058
37.4651552327665,0,19104,1,94.2022827508027,19.4978829602001
33.0161446426832,0,19104,1,136.970618810651,15.054229971331
20.3551030877681,0,19105,0,31.8352374602219,2.37326897975816
43.9417257213719,0,19101,0,92.2979823690368,26.3895791948526
44.0577480424487,1,19104,1,123.155503801694,26.0714640227903
39.9501254025673,0,19105,0,115.90790220254,22.9353436066596
25.5203064686741,1,19102,1,96.8941166231379,8.25960090194185
47.5957449175906,1,19102,1,140.1876614452,29.6708729539089
43.8976703079877,1,19102,1,100.244557746402,25.9635561768425
42.6583929346779,0,19104,1,98.4991895377152,25.4008894915131
49.5088857318053,1,19102,1,128.521497112042,31.6178220837621
30.7077452792093,0,19101,0,76.1541577808637,12.8110633543931
54.6468546843505,1,19102,1,161.259369111969,37.2604633421986
25.2260532189594,0,19104,1,133.723968125487,7.50529568190366
32.9890339814169,1,19106,1,107.569935740882,15.3359287634534
24.1147261499242,0,19103,0,87.010116188433,6.36847189160074
58.0392491700626,1,19102,1,139.034817039367,40.6254758354774
32.0553627793615,1,19102,1,89.7644525611006,14.2744211095323
33.2262291933244,0,19104,1,99.3691483208412,15.5693839934489
22.1181996171073,0,19103,0,33.8893809443544,4.27443027563285
29.8746939076571,0,19104,1,94.8725747596064,12.4259024486872
55.7551039332155,0,19104,1,157.341547781186,37.7727403685547
38.1764048899611,0,19105,0,82.1651863627562,20.2699252511927
58.6199736605388,1,19104,1,124.727735796773,40.9919358651144
48.7579348683447,1,19104,1,90.664569727163,31.7026805742734
33.1058950046085,0,19104,1,122.345115589375,16.0988853968687
23.8567804121742,1,19104,1,107.574369649047,6.46876382668071
20.2666365826871,1,19106,1,152.71172877433,2.64422057861422
53.9822504830514,1,19106,1,145.173845742062,36.9665011179601
58.1933779664494,1,19106,1,116.314758063052,40.4654251769342
48.023383665472,1,19104,1,127.988030952275,30.7248061409832
33.717166728024,0,19104,1,100.833793069895,16.4878137273813
34.8184857570811,1,19106,1,104.955583708511,17.3711119431316
28.4713815108448,0,19104,1,74.1095277131942,11.2701920091681
34.6110906961827,1,19102,1,137.708485153165,17.4828076281106
21.5494998237613,1,19106,1,125.273878361248,3.86348719573867
18.8065112255348,1,19104,1,119.110141640692,1.03891500703261
39.5698530582028,0,19104,1,130.747712865599,22.2419599391303
30.2250442865545,0,19103,0,70.6624919676959,12.2507636577131
35.1748492398688,0,19101,0,119.013938364565,17.2130304074303
19.592616337181,1,19102,1,83.4562571152979,2.38155696081645
55.2804647483858,1,19106,1,111.953000039257,37.3724795316807
19.6701233815259,1,19106,1,107.99347188694,1.98246732166475
40.6559192473122,0,19105,0,93.2540175228983,22.8738138347451
28.5171751635863,1,19107,1,96.4824551813533,11.2845544693774
52.5929032627782,0,19104,1,79.7168746486099,35.027158844593
25.887011280811,1,19107,1,125.575448520846,8.55944135954283
57.8853693410528,1,19102,1,101.392981924658,40.0462926474174
46.9405383357882,1,19102,1,130.173891671814,29.0884586721296
18.1719307893413,1,19102,1,120.196217096915,0.824029740271264
37.8148800064613,0,19101,0,62.9948711042389,20.2387078767446
24.3321543014322,0,19105,0,102.74845143665,7.11531731250626
22.0718234683711,0,19104,1,123.647809864454,4.87444966676164
34.3696774799009,1,19106,1,181.171213710413,16.7858590323576
58.1876005946052,0,19104,1,111.332510545015,40.2849407125124
45.376082327571,1,19106,1,142.426349954084,27.4791031359976
50.6478600977434,1,19106,1,93.1043444110741,33.352563944457
34.0629692733397,1,19106,1,92.0022095141625,16.8725782322341
47.1029159495134,1,19106,1,113.460754356794,30.0687663828481
41.2972332545008,1,19102,1,111.120952599314,23.7736887909389
26.3776006917136,1,19106,1,142.681828563496,8.47725212687085
21.9733048379842,0,19104,1,62.9483973084861,4.58624121667368
28.1371936333511,1,19106,1,143.639615979187,10.8462173185457
44.2778841837868,1,19104,1,115.184289084708,26.3476597006526
53.321527365725,0,19101,0,61.4159895407059,35.939685557866
32.5982790744844,1,19106,1,91.3918139922547,14.6163045255914
29.5611026226166,0,19104,1,106.38582000392,11.6449615242514
20.9285506963351,0,19104,1,114.174555510648,3.75110341059908
28.9544944272227,1,19106,1,130.994755421872,11.2294858098346
29.3146840282347,1,19106,1,84.1361395327831,12.0376699696857
36.8384894691086,1,19102,1,114.509533106153,19.1402626360911
58.5585476490692,1,19102,1,111.676710629413,40.6380606705811
39.8934083348017,0,19104,1,89.3348942071129,22.6487577918328
58.7130057629688,0,19104,1,130.051877964,41.3506697953704
35.7703846412265,0,19104,1,92.8978127812006,18.6275437058435
36.8426878469181,0,19103,0,44.4015990240577,18.937469932076
31.5213025664017,1,19104,1,92.4754445847043,13.7844786453099
20.6202378215585,0,19105,0,125.144843965359,2.87412392681838
27.3448115776423,1,19102,1,108.665270371463,9.83719839161635
44.5487577789708,1,19106,1,125.843477653846,26.9607203866134
25.6978139136619,0,19104,1,121.120136991546,8.20197492625364
27.4037057906198,0,19105,0,96.204112275797,10.336989853512
47.9430729431243,0,19104,1,103.250407927799,30.6954794396789
50.2246542013129,0,19104,1,90.168888789023,32.716330964013
29.0151163593445,1,19104,1,86.2316109235914,11.1000201550822
31.4035692136919,1,19102,1,93.446215948487,13.5754710972494
18.8250589933005,1,19102,1,101.532552981236,1.11885431234176
25.1948103188313,1,19107,1,119.016682045494,7.91753074417444
20.207146153183,1,19102,1,119.123657338598,2.22823972637141
22.5909360211544,0,19101,0,59.497042154233,4.72462301931493
25.3025643323764,0,19103,0,79.7810285261087,7.37545918661466
32.694061862707,1,19104,1,127.787908011159,15.2730419064703
40.3739382450303,0,19103,0,101.148998512914,22.7275277569724
26.1317556617542,1,19102,1,153.38072155671,9.06088486926098
21.2486589825803,1,19106,1,146.005782006933,3.3277603318074
46.890870801188,1,19106,1,110.893818396695,28.9122774752471
29.9054054264561,1,19107,1,124.700146567879,12.3012410090886
40.2575307719416,0,19104,1,49.8381803275202,23.0164792472969
50.5218381440511,0,19105,0,80.8157496717683,32.7636225250328
27.8109917849474,1,19106,1,61.9091855022071,10.78081499894
20.0139338279463,0,19104,1,111.063342936499,2.41295254750583
24.1288329092803,1,19104,1,86.9312870044131,6.23043438350022
50.4962029623311,1,19102,1,91.1776522221864,32.7132037299197
38.2208874503351,1,19104,1,84.5263218482623,20.9693832102432
30.4791310085674,1,19104,1,110.847781240832,12.7822328119763
28.472824340823,0,19105,0,93.8259197828488,11.2452309454296
49.2293300871624,0,19101,0,35.2348839726518,31.7389066008272
32.6526674304676,1,19107,1,103.582047625916,15.336323069181
21.3175729592773,0,19104,1,115.521194952564,3.67058211988535
43.2796335821312,0,19101,0,99.0363956789273,25.6260702109702
43.5938758124625,0,19104,1,133.097225238974,26.4126141132815
29.3957333713203,1,19102,1,121.786959406072,11.862486000349
44.3224370316123,0,19104,1,115.429285899666,26.9749416475636
18.0620624293379,0,19105,0,50.2465617272611,0.359169073010897
53.7602158852988,0,19104,1,67.5323587126431,36.0872089947243
39.8753926222464,0,19105,0,89.7313951026441,22.0646514423909
30.2382708216706,0,19104,1,91.5992896197857,12.7910291088433
39.2487710149036,1,19102,1,81.1964938348504,21.9623241723058
28.343475642593,0,19104,1,123.633186409287,10.6512138698971
45.0738790751613,0,19104,1,88.8236508607838,27.8481941578622
40.7087766319757,0,19101,0,77.6764360911523,23.1365278227033
50.6206242539737,1,19106,1,152.271584575773,33.0547121388189
36.3221779415313,1,19104,1,116.994598180215,18.6543445513513
21.576397019019,0,19104,1,66.2575661745493,4.33882191409321
36.3686317896441,1,19104,1,90.3335956354395,18.7549566099857
20.3688708433303,1,19102,1,133.012557829683,2.56545814418971
54.2681340128259,0,19104,1,125.6709348181,36.9768948901986
42.0267029668889,0,19104,1,115.264081752525,24.0670930306646
41.8219561802964,1,19102,1,97.5336769291436,24.3963061175585
40.3495360935185,0,19105,0,105.175898238542,23.1595246899951
56.8836542016974,0,19104,1,118.878983217554,39.3890137859301
46.8218977211059,1,19104,1,108.757278437034,29.5561106814553
27.9114239569797,1,19107,1,158.191972547854,10.8146666896108
34.0146875889644,0,19105,0,115.213038143072,16.8010445382119
36.8441959737813,0,19104,1,109.796704689354,19.3218492357539
25.9655423853603,0,19104,1,95.7032201859654,8.26935719373272
41.9226126467608,1,19104,1,102.530453731912,24.6339552187625
29.2551457715668,0,19101,0,103.058003173293,11.5231885971948
53.3755823296973,0,19104,1,128.977677917386,36.3168382626039
38.283575692402,0,19103,0,110.971342514924,20.4275492173171
28.5123158913075,0,19105,0,105.992694009191,11.4272815525501
42.4675427497526,1,19107,1,94.7566988853778,25.3306798403312
36.8824866934059,0,19104,1,116.152776219582,19.055955230336
44.8557458089399,1,19106,1,93.0788435946357,27.8017183384127
51.3252683465367,0,19101,0,104.697604581187,33.9464778762309
44.5422265050456,0,19104,1,119.173072833421,27.5416247423728
19.9157500114596,0,19105,0,97.1012200190405,2.75868192839683
51.5900982610919,0,19105,0,89.4573448815055,34.1332629147954
37.6636314536114,1,19104,1,91.4041544197335,19.7715106063657
20.4773058886757,0,19104,1,51.7906795212064,3.19332523295898
43.4681073092718,0,19104,1,105.870954736676,25.9553872315076
22.359023212413,1,19104,1,120.318194883195,4.91004455457876
28.9303831199961,1,19104,1,115.175097643884,11.852266744276
22.2641739873311,0,19104,1,88.5043103941951,4.53775302251822
30.9929478721272,1,19102,1,140.105151089242,13.4581941402096
45.3412027223486,1,19106,1,103.261177341324,28.1930863121043
44.8751137784032,0,19105,0,110.309327802606,27.2797457097379
41.464263096342,0,19105,0,67.3384959029151,24.1027147917842
34.4006026954589,0,19104,1,86.7344197978886,17.1092691136723
42.743416248098,0,19104,1,85.8096166972427,25.3664480575583
47.8731184262388,0,19101,0,89.2512048648334,30.8437051852771
52.4654429478232,0,19105,0,121.505937478808,34.5101972667162
34.376322147788,0,19105,0,89.0612308651786,16.9564489071513
44.504290693544,1,19102,1,140.315158585969,26.6061674404071
47.0055309204055,0,19105,0,57.0517662889134,29.8338128990164
37.0682307399522,1,19102,1,70.1552728796793,19.5218368027538
26.9114517294193,0,19104,1,113.962004921936,9.37170078366499
23.7720226353312,0,19105,0,91.0015918078558,5.78835330263696
27.7461309869237,0,19105,0,101.808056265715,10.736892329615
49.3034624087139,1,19104,1,93.3756434983512,31.6406488905175
40.7865541703194,0,19105,0,85.0683729429322,22.923169453641
48.1887745267658,1,19107,1,127.430271516559,30.8813374679947
47.3457728641247,0,19104,1,96.454708963158,29.5770340916374
24.8973044576332,0,19101,0,93.6006732534422,6.93566846546943
28.7413253427478,0,19104,1,123.020569736706,11.1554380200798
31.2100587826233,0,19103,0,81.7721114837127,14.1696961914666
42.5639586727746,1,19106,1,121.031403636006,24.6755953724175
39.9239896212201,0,19105,0,76.0821665798196,22.1790134324654
33.0944993242978,1,19106,1,77.6986924629626,15.2766649432837
40.6940664845172,0,19105,0,60.8570192795682,23.045551726653
26.705740495757,1,19104,1,105.245810940836,9.29001351695953
53.2275482244623,0,19101,0,75.6934420304532,35.4489062678368
30.3343404370752,0,19104,1,102.815681312061,13.1759643906188
42.5871884087824,0,19101,0,83.6348358586541,25.5357192566876
28.8269108199271,1,19102,1,94.1044747069536,11.0510986694823
27.202827805064,1,19102,1,119.290810845153,9.85156641306108
37.1249070792916,0,19104,1,106.442537713326,19.3939857020966
35.6764521631006,0,19104,1,88.2828409818998,17.7918498566899
37.6359390098292,0,19103,0,37.336531846201,19.6382002156384
27.9393071759,0,19105,0,70.09782476908,10.2459315430346
26.3454434999625,1,19107,1,140.891087110701,9.22239342214421
40.7240456821863,1,19102,1,102.293906739208,23.1660853253678
50.8723816021511,1,19102,1,100.370837712833,33.0766570307014
24.1101236652813,0,19101,0,109.687158729111,6.28913423416646
44.3776328244063,0,19104,1,113.62992028878,27.2385853970705
57.6202090003842,1,19107,1,133.943578833168,39.8197499952128
50.1620222473177,1,19102,1,122.105383281618,32.994102797111
50.02484356688,1,19104,1,105.252737587354,32.4058493993398
54.5078503447533,1,19102,1,95.8090722736767,37.0556872629043
32.6770422842615,1,19107,1,118.004768040466,15.2709080367145
48.1166604570495,1,19102,1,133.17545218357,30.1909966545096
40.4872942515549,1,19107,1,128.663367715825,22.9212986742978
21.1655406193023,1,19102,1,109.890102090428,4.12316093455599
52.158379474439,1,19104,1,81.0404207172566,34.6575382258913
29.3071556653286,1,19106,1,86.0887018802036,11.9458958269953
42.1016839289711,0,19101,0,127.603088424195,24.6174059231904
35.8586297651935,0,19104,1,107.198120322059,18.5748940817729
32.3201461394917,0,19101,0,98.2723473095608,14.7892477789562
54.6972937377188,0,19105,0,108.624564212262,37.5867029228731
35.691417135692,0,19104,1,116.680997001279,18.1565819542602
40.8160969661209,1,19104,1,130.118531918005,22.9814165488012
46.1359952611299,1,19102,1,111.519692028372,28.5753881395711
49.9633327974437,0,19103,0,73.3660419888547,32.4552241694613
29.4019589378837,0,19103,0,68.7581691680236,11.611167524137
30.2769164166534,1,19104,1,87.3172027608776,13.2387079599435
41.5910169227298,1,19104,1,81.7422338411325,24.5320501033
38.0493611176567,1,19102,1,123.858755943135,20.9804619841812
27.668511433969,0,19101,0,64.6134800865847,10.0045827149644
31.5271065724644,0,19104,1,152.638260772865,13.6789221838678
31.7051045976075,0,19104,1,116.068166444222,14.0725957348438
59.4860633836669,1,19107,1,122.155052892316,41.7741597834119
42.5681321355271,0,19105,0,94.9781835859354,25.4661807070709
28.2250413361427,0,19105,0,74.2380855961623,10.6290376803328
48.4004263322035,0,19105,0,81.3312357319181,31.1731215250379
33.07740798477,0,19104,1,98.5036253932735,15.1837598409123
51.473915575857,1,19102,1,158.818605199746,34.0145989242873
26.7448840899063,0,19104,1,107.144974425956,8.88852753035214
56.899604082089,0,19105,0,58.8503234023879,39.5715044727363
26.7777742387412,1,19102,1,88.60251203783,9.36178702839299
50.2346686138521,1,19106,1,91.0119884667303,32.9182282194711
49.5222496661512,1,19106,1,120.019910127077,32.2560800990244
44.4730701881494,0,19104,1,81.6158434154823,27.0683717538636
43.1332340316172,0,19101,0,111.371206151467,25.5877719997685
29.0934131962975,0,19101,0,86.2678485487489,11.1980377559347
45.4204577513877,1,19102,1,77.7839877716319,27.7621059242077
44.7252013177306,1,19102,1,127.720738064116,27.7195171023879
20.6510968659035,0,19101,0,54.1150929913953,3.13775923908307
23.1907133694814,1,19104,1,122.943631152815,5.60211097515018
26.1046839223047,1,19107,1,152.398404564053,9.0497106257164
49.7858052567401,0,19104,1,102.647740499433,31.8739426843178
51.892987565846,0,19101,0,66.6978115965272,34.8630468880392
38.4172338623356,1,19106,1,123.604350142528,21.3303732519306
37.4428507158537,0,19104,1,97.4585363728586,19.5516732259658
36.5450172606585,1,19102,1,132.869719681808,18.7923577002445
40.4131043008757,0,19105,0,84.0867109064373,23.0072739611142
24.7958492896424,1,19102,1,115.16992985828,7.73586698960488
49.781128193551,0,19103,0,86.7941312017516,32.4532387071022
40.5482800454377,1,19102,1,92.1876982332652,23.401374821133
39.4902570033819,1,19104,1,117.2694840244,21.7518409912382
30.7336206583344,1,19102,1,128.977883552485,13.2337330575604
37.5042715626828,0,19103,0,77.3095054304492,20.2137503353938
25.7678526496968,1,19102,1,127.058013462253,8.28834582064174
31.9559037714713,1,19107,1,159.935000147874,14.4510091984627
29.269388340703,1,19107,1,127.400795191451,11.5996657836352
21.7829689610271,1,19104,1,68.9810254681843,4.10908123371059
45.8953670755534,0,19104,1,108.362493803538,28.5800315503537
47.9563068640925,0,19101,0,56.8220334582593,30.8866312325042
26.660632287045,1,19102,1,107.717718097965,9.19101929979865
57.6565181142673,1,19102,1,141.587956497657,40.1473408532351
32.4724005469021,1,19102,1,94.5407177598565,15.433674448998
34.7375786964068,0,19105,0,101.185177943034,17.4793348294435
54.9305367049697,1,19102,1,114.420487212119,37.5515493970765
37.6111327435412,1,19106,1,130.615569346637,20.0619011111614
29.8957735705643,1,19102,1,89.780367221203,12.2307183540414
34.5197971299962,0,19101,0,88.0920608083651,16.6824476921205
38.8381728869843,1,19102,1,102.974653694462,21.7001436685658
19.4980611990127,1,19104,1,40.1579421232555,1.65027922232773
25.6280912864197,0,19104,1,107.821069344486,8.61616703357431
42.440791520382,0,19103,0,123.47627279418,24.6824217753938
39.524376535086,0,19105,0,78.0222521217514,22.1164373240863
32.0469925844773,0,19103,0,62.9747908769352,15.0054104992851
26.0979623657231,1,19102,1,131.110352197258,8.13754304778285
39.2752170088412,1,19107,1,118.431237052279,22.1908398308503
51.6647790899943,1,19102,1,138.890680643535,34.5188842347335
26.0076614714061,0,19104,1,112.26462465166,8.79902811770519
58.4069585869131,0,19103,0,6.97621100042565,41.2080769039732
38.1439422151373,0,19105,0,77.5356272995537,20.8560314952695
57.6521548251713,1,19106,1,93.789932182292,40.6246130357122
33.8873372765001,1,19104,1,68.9964904745169,16.8383293049618
42.9724807590564,1,19102,1,126.588048527448,25.4369314369132
28.1295177498361,0,19104,1,82.7117424746928,10.3915639768349
46.3644049154538,0,19101,0,34.5444015261258,28.6334614468216
51.9077874466669,1,19102,1,119.423085093254,34.814965113102
42.064769858041,0,19105,0,103.391653157601,24.6937643098768
47.5758300654343,1,19107,1,179.020237068617,30.4892479463233
47.673324163162,1,19104,1,81.7271022209117,30.4568731876526
29.1223495389287,1,19106,1,114.381320697925,11.5776446977117
28.8888395123226,1,19102,1,134.974422207535,11.0816679370632
25.3443083278381,0,19103,0,59.4653179035749,8.32470344887229
43.9381808581214,0,19105,0,75.0894564804681,26.6667885036126
33.4220724243288,0,19105,0,82.0426671041468,16.3679224501913
38.3846850794249,1,19106,1,63.9087162818593,20.7207471044709
39.7342583266571,1,19107,1,144.834245491565,22.5653061558976
24.0430526815897,0,19104,1,87.8868903883657,6.39353913171984
56.3716568848829,0,19105,0,91.8842742205577,39.0259935105931
31.5165411852099,1,19107,1,122.524554310433,14.3769841281496
25.0742652036955,0,19101,0,120.917023683079,7.29761817168983
45.39527456176,1,19106,1,125.835150629533,28.1903666934697
38.7535309412185,0,19104,1,92.5988483567483,21.3299604631163
40.8274297501505,0,19104,1,94.535529356044,23.7268193041984
41.4535891937915,1,19104,1,56.9600535811138,24.3782452259104
51.4055878632631,0,19103,0,89.4969810231936,33.8705294307716
41.89199915265,1,19102,1,92.5884436982775,23.9534124787178
47.22549982384,1,19104,1,123.647620472373,30.1443465581738
37.1763173328092,1,19104,1,87.7369166687721,19.5367548491651
43.0091214284826,1,19104,1,79.8871846822139,25.4713746919356
37.8663308823244,1,19104,1,139.695277833264,20.8504279053533
23.2372460406535,0,19101,0,84.1653441161953,5.37259944801041
40.4966179871641,1,19107,1,166.034849840147,22.8224921548914
24.5799620446838,1,19102,1,107.810144014815,7.32386299963998
43.856208095149,0,19104,1,88.1300411813755,25.8824023930904
24.3348184314329,1,19102,1,121.475502690793,6.8881755462155
31.323548777922,0,19104,1,103.640919716233,13.628477026903
36.3215469090908,1,19102,1,133.897375607519,18.3882226729009
27.2135526305901,1,19107,1,138.134470346597,10.0760955159457
26.2730065971506,0,19101,0,68.9791367798545,9.22486354977682
44.0544634781357,1,19102,1,115.971844479446,26.7123853947081
57.472523633718,1,19107,1,143.411079826809,39.7934314495432
21.4564780425172,0,19104,1,110.549547330653,3.59975232601947
44.513799493102,0,19104,1,102.110588976974,27.4534424358454
59.9820774704617,1,19107,1,157.847386753521,42.3500110320215
36.460897045689,0,19104,1,90.4175378168167,18.6562368492729
34.0494274281427,0,19104,1,89.1350662628053,16.9195887829173
22.0409621970939,1,19102,1,86.1807119989053,4.41491358072743
26.9149516159454,1,19102,1,73.0436824007417,9.0985890510277
37.3753786792625,0,19101,0,82.8981176277004,19.8709667869955
46.5941569764663,1,19104,1,99.5428983659433,29.2387081295282
55.2063674617228,1,19106,1,118.251288865029,37.590218314216
50.8117096095039,0,19104,1,94.1893242642089,33.0033594664811
54.3683741718488,1,19102,1,116.614926801086,37.027176779644
55.0253926526602,1,19102,1,113.391934579684,37.9929623968746
43.1425660568553,1,19102,1,117.591010487981,25.9804275798875
37.2870489797291,0,19104,1,89.4774343221488,19.9610658752002
40.0358591558463,0,19104,1,151.990674137336,22.6821504062093
33.4630215269751,0,19105,0,121.256437582437,16.0412229145184
51.9763540469785,0,19104,1,117.756385567428,34.5985988087696
