Age,SexMale,ZIP,UrbanYes,RestExp,YearsAfterHighschool
18.7155409504916,1,19104,1,219.050180547417,1.37270760915943
49.9601816987538,0,19105,0,256.358953382119,32.163707659432
39.2446774707799,0,19105,0,268.566417062867,22.2400030791917
26.320996220472,1,19104,1,259.989434517262,8.89971721080752
59.7715480564573,1,19102,1,399.487127549276,42.2921567582005
28.5663105671573,0,19104,1,290.622458512345,11.1498234377522
53.989043880583,1,19107,1,390.978724559945,36.579128422172
21.9988939660235,1,19104,1,384.557730006447,4.27533735270671
24.8167077256692,1,19104,1,178.917742759471,7.69150173481081
33.5793654659466,0,19104,1,238.257758177984,16.4736277618614
57.3708443918643,0,19104,1,267.405686542792,39.6470655198121
25.4164700497302,1,19102,1,269.73614087003,8.20762967536106
28.340270605309,0,19104,1,250.380143044006,10.6340546572097
28.4847308657222,0,19101,0,248.70174147509,11.2228323686027
50.0608084681832,0,19104,1,395.526584493426,32.6846122015655
40.7927959876228,1,19102,1,405.497764766166,23.1808809915651
46.0605286384436,0,19105,0,187.199713783879,28.9001275702815
57.360980422262,0,19105,0,260.090171168074,39.8748815695549
20.9624919739641,1,19104,1,327.169198252564,3.58108690400571
52.6374356717316,1,19104,1,337.650794927521,35.0222595067208
25.4337274631988,1,19104,1,390.489939666361,7.47975983745793
48.6065779370045,1,19102,1,300.352505591678,31.5461327547463
32.89896919717,1,19102,1,346.002174564949,15.5782693652335
22.0736765621047,1,19104,1,268.873430936413,5.02778842153994
31.165709442041,1,19102,1,351.248458620055,13.2706047911674
24.5018414810312,0,19104,1,222.799329026701,6.54840753828301
48.9119364763787,0,19104,1,252.824548444228,31.1996785942642
32.3954647581468,0,19105,0,196.529251351478,15.2053168194743
35.0426887384522,0,19105,0,210.297938940064,17.6075341430399
45.3233406665343,1,19104,1,423.353940857676,27.397503336247
21.8069548548642,0,19101,0,291.444337614727,4.24041576892842
39.2544098571094,0,19104,1,295.238690665867,21.3363933805527
22.9195022290158,0,19104,1,309.161572108033,5.35602557920427
29.1365030936735,1,19104,1,190.439320937366,11.3557438345464
43.6070879360759,0,19104,1,301.055845820413,26.2233417884544
40.078835764997,0,19104,1,321.956738273974,22.5895993005059
34.8225425828177,0,19104,1,386.776568734495,16.8427811695192
41.1936824046317,1,19106,1,394.571916031108,23.6817182546257
49.6810400890602,1,19106,1,408.787775915692,31.7594403619362
19.4181768469257,1,19104,1,315.118583490228,1.65174755418912
23.0290589713841,1,19104,1,315.993970184311,5.4188595911837
35.44524845455,0,19101,0,122.303696178347,18.0038383882229
51.0397395413652,0,19104,1,290.379394579426,33.2875365215637
48.3605958693976,0,19104,1,417.851192323581,31.0505445329787
57.434662055502,1,19106,1,442.361120357204,39.4349569036144
51.0408900455861,0,19105,0,297.149766701184,33.2685982690947
23.4093692862921,1,19104,1,302.138206804873,5.89916342301563
46.9229400168983,1,19107,1,452.43988944587,28.9682566699916
39.714079917603,1,19104,1,244.369645037541,22.4686261622317
56.2594856971528,1,19104,1,213.144058946914,39.0726171229153
47.1085480186785,0,19101,0,202.66141948865,29.6714117276179
35.6823512094665,1,19102,1,374.941134738393,18.6016746610507
31.5036190852338,1,19104,1,311.491626757145,14.281586005753
37.9928611033795,1,19104,1,380.112036132005,20.8204937969533
42.0265867916847,0,19104,1,336.943445322736,24.8872562390266
22.5326752363508,0,19104,1,299.88573365424,4.53523872059672
52.4330607364929,0,19104,1,413.591035100444,35.126885351124
18.5419543027545,1,19104,1,372.840507664381,1.5404033265675
50.5959063633905,1,19106,1,372.350973735507,33.5790141807498
28.9495094284684,1,19104,1,224.686757001804,11.3287050387625
33.1095562203048,1,19104,1,241.712980248513,15.2270744736964
22.4372491576242,1,19104,1,285.388859376364,4.81296536051656
53.8285606208633,1,19104,1,296.126691371174,36.4247096295844
24.6669652422962,1,19104,1,414.517575015638,6.94113339163149
59.9142873222191,1,19102,1,239.062679161806,41.984516296554
47.1096227931609,0,19101,0,224.910292882439,29.9397402998345
30.2786277992381,1,19102,1,258.327687851669,13.2305058889287
18.711463983097,0,19105,0,244.865941740546,1.47533762680449
24.0130701991931,0,19105,0,267.68963419195,6.81156018611201
37.4666184534474,1,19104,1,280.37114628394,20.2890749343826
52.2530831381995,0,19101,0,270.656805198421,34.4778192201014
37.7155269439551,1,19106,1,355.009175449879,20.3374210967901
52.6679290821287,1,19104,1,308.317290102926,34.8197729093465
29.9748385710048,1,19102,1,303.468299807635,12.4833263872063
50.4667168838261,0,19103,0,247.651713448427,32.8526991751334
18.7314813199135,1,19104,1,303.420927245523,1.6338289570211
40.691009181172,1,19104,1,421.420221159888,23.6205687432945
29.3123534814117,0,19105,0,334.072263892991,11.9865776408592
44.6308203390775,0,19105,0,296.189518531358,27.1191506229782
45.6839695320578,1,19104,1,164.126900128798,28.3001685993859
34.6306102785278,0,19104,1,202.522146110133,16.9455430884376
35.5121319336476,1,19104,1,376.187885372361,18.2700884442902
37.6932422695802,1,19104,1,275.600534379065,20.6460169826289
41.3921995953547,0,19104,1,328.273462443919,23.4559556128347
28.5848060281429,1,19106,1,317.475206552689,11.5706627358165
53.6430432440561,1,19102,1,387.907138461537,36.1933481870532
23.9717456584989,0,19104,1,364.95733234357,6.19452749269143
42.518734843511,0,19103,0,111.061685833971,25.0347853813263
50.1910858093456,0,19104,1,261.923508593504,32.5975585262917
39.18111284144,0,19104,1,193.604541070087,21.3044838164631
30.0128708697288,1,19102,1,349.089448253952,12.4170513098492
30.8632097920074,1,19107,1,276.861578105673,13.4709021510227
26.7183789276784,0,19104,1,274.469624229393,9.09909705876238
36.8112104464571,1,19102,1,374.562388344617,19.6558720869261
46.2232342578085,1,19104,1,459.785732563649,28.7024469230404
59.1303645203308,1,19104,1,351.834215306541,41.4421378845301
30.9465141198626,0,19105,0,334.17978296429,13.8648364539287
47.1851199496523,0,19104,1,334.609854669061,30.0376811159295
42.4961021729776,0,19105,0,277.364560125488,25.0522287917354
42.115209468077,0,19104,1,297.648204460493,24.8043053195766
26.5411410271029,1,19104,1,273.144643248583,9.21800445996478
20.0401779683615,1,19104,1,376.979252712833,2.1795796873356
18.4993533106895,0,19101,0,232.747327076454,1.45604106564096
23.6534418590132,0,19101,0,234.184137359285,6.09530735139244
39.8252986379934,0,19104,1,268.008610410375,22.3482708066271
46.414240896925,1,19104,1,291.719111247705,29.1795175848432
39.8520327178534,1,19102,1,485.346599712972,22.3074229295138
26.7656735570639,1,19104,1,295.428050445827,9.33870494971084
57.7829843544731,1,19106,1,477.798791385173,39.9569294545198
29.6899983087474,0,19104,1,266.055018583767,12.4419517795009
22.648528910215,0,19104,1,352.947554866707,5.45835182324145
36.9532243123695,0,19104,1,328.568911099244,19.6187814807937
54.0094796758153,0,19105,0,236.668306096788,36.0753190202181
39.9914746588118,1,19102,1,386.133222355318,22.0625738893657
43.3482305736507,0,19104,1,205.358150566602,25.4351336735526
31.8187981658656,1,19104,1,344.419178287329,14.4661222767126
41.8440634280335,1,19104,1,367.299116006397,24.0691441141892
58.1681667718421,1,19104,1,344.390296315517,40.7176245770733
31.4049682778343,0,19103,0,278.609273107693,13.6717288941648
37.1496159876181,1,19107,1,393.6933006917,20.1093756909898
38.8072471482444,1,19106,1,359.34669452317,21.7243031644027
39.2558803365656,0,19105,0,277.978111036968,21.3684666059535
19.7051739361724,0,19105,0,298.224216569505,1.83859937029241
37.519134431025,1,19104,1,348.644783286649,19.6936657304131
43.3078424900482,1,19106,1,357.523998495812,25.8545734863905
27.0398816033956,1,19107,1,320.706595850366,9.6003986604736
55.6588622430096,0,19105,0,312.691277440805,38.6069831536839
32.8523603851072,1,19104,1,249.752538839121,15.6952324878521
35.3047399735194,1,19102,1,279.705155951752,18.213539693749
32.0905419417101,0,19104,1,258.568050960535,14.8540682500603
37.0104018912,1,19102,1,342.388577716104,19.5150870644768
45.5671111106541,0,19105,0,202.433576118343,28.526617789049
44.984801568685,1,19104,1,235.230318410151,27.105740222277
21.5236558908562,1,19106,1,309.840628330795,3.68806703611857
57.8549566471779,1,19107,1,402.191378315634,40.8281601060012
18.5746031385962,0,19101,0,238.380235011187,1.41993695205306
36.1884052113592,0,19104,1,312.380047652704,18.8744420060384
30.8840513971647,0,19105,0,170.795534180466,13.6818569462759
19.2651248402227,1,19104,1,310.159088812307,1.33135667213092
33.8731911803925,1,19104,1,328.432079172189,16.767234580112
23.887793400614,0,19101,0,178.983451121628,6.03325205418324
36.0936086491408,0,19105,0,194.85830253151,18.1448898261139
41.0462894182905,1,19106,1,315.813560480421,23.0918850942302
57.0789405345991,1,19104,1,287.176929978646,40.0572868917211
39.6107632794112,1,19104,1,465.426192904195,21.9191970989734
25.8316198954276,1,19102,1,267.170867031159,8.1396161335438
29.125702839206,1,19102,1,350.661143704042,11.7544073055973
37.0996715917185,0,19103,0,141.413195257426,19.8182501284804
36.4019124419323,1,19102,1,302.443351578729,18.9309631092368
56.8938390234263,1,19102,1,304.826160191148,39.2763303219119
55.9302939463543,0,19105,0,322.549041900699,38.2307016137658
29.6159611063661,1,19102,1,358.970956613279,12.2129433323746
26.770368077207,0,19105,0,234.082868112064,9.03556534286741
26.7661938001667,0,19104,1,335.339041035772,9.118401842684
20.3291344087357,1,19104,1,347.046545926313,2.44421007286486
29.6776331285777,0,19101,0,155.912692984912,11.8571141711267
40.8737636352517,1,19104,1,349.747319561169,23.5019583853055
37.6578849379848,1,19106,1,318.63272977103,20.0375301668364
34.5504798942869,1,19104,1,365.036489549131,16.6837329787825
37.9937316663277,0,19104,1,360.929518620276,20.2178425760654
33.1082334015351,0,19104,1,333.466440000158,15.8167923441921
37.9552839881521,1,19102,1,324.410023034994,20.6472994611845
30.9605976537387,1,19104,1,266.681469434669,13.501380724465
33.3372391842049,0,19101,0,199.936422170402,16.0221137767867
29.8810742569012,1,19104,1,356.486332619423,12.8393557804493
31.7308060684559,1,19102,1,286.362111388182,13.9204567381498
45.549651767101,0,19104,1,318.63734794176,28.4757451466022
26.0284200298876,1,19106,1,237.229333901541,8.3624430435986
45.3244539533313,1,19102,1,363.226428989521,27.4636851601806
34.9053912362919,1,19104,1,234.177963499722,17.1485941302867
31.9000654520365,1,19102,1,241.991120863331,14.8067832427929
33.702165704268,0,19101,0,254.992414029414,15.8766818205369
21.2703939508403,1,19106,1,370.480582000194,4.21027944793352
33.5719619111299,1,19102,1,304.561784983699,15.8954539654917
39.1802527509058,1,19106,1,348.938144627028,21.2569535342405
43.6931242335985,0,19101,0,385.647502839002,26.1190133479821
43.695346687165,0,19101,0,213.086816568279,26.5009390699574
30.876836801511,0,19101,0,202.336987191933,13.2705580015711
24.9634606064983,0,19104,1,344.352777756186,7.20231774609876
59.1828956421858,0,19104,1,332.171819852689,41.5328030751015
48.4408747011492,1,19104,1,386.613330974105,30.6359966115723
40.5442937945626,0,19101,0,243.577490897555,23.3241666776739
23.5805863285981,0,19105,0,293.86134877072,5.94882863779407
35.0546773246067,1,19102,1,367.817510498779,17.6789396109568
26.7209468645589,1,19104,1,345.288660759457,9.52492570887185
31.3219498747221,1,19102,1,330.8124917407,13.923534322037
29.5754010220218,0,19103,0,200.95790495661,11.7406607851546
49.3490289658402,1,19104,1,299.247378378786,32.1219038599265
22.0185159272727,1,19106,1,398.647317989017,4.1676248661455
36.8608384466997,1,19104,1,214.006602567941,18.916016802591
46.3080316825646,0,19105,0,309.596605368371,28.5472106483641
31.2977633458839,1,19102,1,403.640624922417,14.0733236208369
36.0318249878897,0,19104,1,359.469424174497,18.5368192086885
39.8386510699581,1,19104,1,303.324720219959,21.8867744233518
28.4875021962261,0,19103,0,219.876686264623,10.5753459663874
50.4871957363007,1,19104,1,264.769889563133,32.7281284202267
32.0848590990855,0,19103,0,245.985681982496,14.8409169647703
43.9110538285861,1,19102,1,266.924412451605,26.415207235532
32.0133142586412,1,19104,1,345.912469624535,14.0691927467553
39.3631158113739,0,19101,0,260.497150002191,21.8560250265317
39.1949400523694,1,19104,1,338.567540310509,21.288092534432
38.749549091833,0,19101,0,191.424423906313,20.8337553344129
20.3853822556862,1,19104,1,348.260581842432,3.16254359591542
41.5381365582116,1,19107,1,273.362608597269,24.5320790024243
30.2156451635061,1,19102,1,387.318682726717,13.1556458444798
44.4573204573488,1,19104,1,327.707149763338,26.8812068801151
40.4516834320254,0,19101,0,297.649093553705,22.8259718973875
47.5258812021686,1,19104,1,330.764773636048,30.3984757561458
24.7632359870003,1,19104,1,427.224538792935,7.40893136437436
46.1402933174243,0,19103,0,132.705521042724,28.7729939686099
33.7912516693557,1,19102,1,378.432153360749,16.4142535968656
43.8605632684158,1,19104,1,251.808776103987,26.4254715933894
36.7294808331619,0,19104,1,299.257191764889,19.0447847094594
35.4446438768074,1,19102,1,389.062435966588,17.7872747108933
34.9080505843163,0,19104,1,350.427203032343,16.9703110204433
32.611321861201,1,19104,1,450.397404844153,15.3324302491239
33.1782698689397,0,19105,0,223.664784289862,16.0963998353011
26.2469492493852,0,19104,1,389.738293219896,8.41333476637512
49.8519934207297,1,19102,1,330.821221367625,32.1688678635846
29.6936849932798,0,19105,0,196.41258154485,12.2831694984023
44.5391405846689,0,19104,1,200.745202898699,26.9392522718057
39.2690454472034,1,19107,1,411.542819901068,22.204522051354
53.2847879319864,0,19105,0,227.857077682615,35.8387639278493
41.3026939548254,1,19106,1,431.109010782039,24.2558254806027
56.1255371911535,1,19106,1,346.653016637668,38.5528582139956
25.8693379510334,0,19101,0,179.054001060246,8.72288256926927
24.9557210019536,1,19104,1,323.531085881884,7.90111274632886
53.9693793045201,1,19104,1,442.401249043529,36.4750707799879
22.0025719436059,0,19104,1,220.117205619509,4.8242590491833
24.9978873680522,0,19103,0,252.951845955837,7.06392979549145
28.0821888029492,0,19105,0,305.37376175819,10.9317593846386
29.6763675238987,0,19101,0,199.995515823484,11.9356163405398
24.7619276869504,0,19105,0,288.809321830999,7.07353568970434
53.8000392028399,1,19102,1,331.881321249504,36.2249665925548
39.1705056803431,1,19106,1,536.074236056197,21.676299734706
18.8785011032169,0,19103,0,168.976770189873,1.32937501087235
45.0247530011229,0,19104,1,320.36942867974,27.8515272704653
49.3374853275075,1,19107,1,385.405215351603,32.3299505192611
21.8357962005852,1,19104,1,177.667493364815,3.94729724797289
45.4368097870941,1,19104,1,296.669350968357,28.3434580914075
41.2354180983865,0,19103,0,210.951562216588,24.0887028513142
37.4081663221958,1,19104,1,413.731756303883,19.9280795485618
47.2964091441528,1,19107,1,441.014765991237,30.0698857538802
46.4758226899553,0,19104,1,302.644544740831,28.6103760618839
22.5651674935848,0,19101,0,213.968797217356,5.24468259553174
25.1127303395503,1,19104,1,321.744649650376,7.33378911335847
44.1668532508387,1,19107,1,377.546498230301,26.9248586999214
32.8397997877956,0,19104,1,352.749070736592,15.4935544048832
54.7490839379533,1,19102,1,466.296077946586,36.9906546558412
24.4348677930686,1,19102,1,302.868122269922,7.40353225481544
46.2591487530272,0,19105,0,343.255077342102,28.9582687129851
40.1395697205384,0,19104,1,372.175136802778,22.1963513333407
33.1034365443555,1,19102,1,372.83052923941,15.7355021450711
52.6386615775191,0,19104,1,328.666362291151,34.7194754662123
45.2010729930114,0,19105,0,281.526369093354,27.2524469511334
19.9254926992684,1,19107,1,369.463511718543,2.42194770394003
44.6032802062977,1,19104,1,443.004059156055,27.5529224372871
55.624859472413,1,19106,1,332.952306405203,38.333089476826
33.0433296652306,0,19103,0,267.601432062355,15.7090993242134
31.2701622442254,0,19105,0,355.217290014128,14.1357897693669
24.9552927853471,1,19104,1,276.085470660844,7.42587114758107
34.7959417148697,0,19101,0,301.166680252498,16.9919672650024
45.2930102907937,1,19107,1,415.053742198961,28.1602674479015
22.7349755063188,0,19105,0,244.273805339695,5.4744451323059
29.3637513352711,0,19104,1,296.992182299844,11.8242487264484
42.8482766192395,0,19105,0,143.038083987577,25.1207252849347
28.599653450093,0,19101,0,252.955039567849,11.5503584030277
29.7708872789224,0,19105,0,346.585973057915,12.6267014855691
32.1107752130886,0,19104,1,255.078830316904,14.4341065321172
41.7370342003958,1,19104,1,371.443973156004,24.3539439644044
32.8195468526868,0,19105,0,242.011899751744,14.9949581068544
27.219442226915,0,19104,1,224.007944263268,9.93025584052349
34.0640217712654,0,19103,0,258.824154747552,16.4647853113285
33.4563407860599,0,19104,1,423.50829054974,15.650885438304
30.7605742338947,1,19104,1,247.751433996398,13.711741390116
37.1363837751941,0,19105,0,266.535865437612,19.8748451231894
43.1184694579651,1,19104,1,212.453915758973,25.6752447182161
55.1014805530465,0,19105,0,262.861311872606,37.7729114590946
27.3448568929082,1,19104,1,334.64117344351,10.1430665701257
28.2834286197164,0,19103,0,307.05105503497,11.0374999918119
49.0677544604256,1,19106,1,487.025003427324,31.7853323714077
29.6500540838998,0,19103,0,300.4155669067,11.9465610291765
36.3159569579986,0,19101,0,183.876969365511,18.5219308367343
34.4946615268859,1,19102,1,319.174814156733,17.4081607033881
37.6962734865697,0,19103,0,75.3762787748753,20.0363356107587
19.3975567853078,1,19102,1,274.197799569073,2.25434939824039
30.1421032432198,1,19107,1,291.226278195573,12.6591426491003
32.175547122595,1,19106,1,390.068660192838,14.8173788393504
21.4998714528626,1,19102,1,277.151236557058,3.7594951540811
21.0349699418792,1,19107,1,308.46905679661,3.2283538330146
29.1003372232827,0,19104,1,277.121898995734,12.0447895546841
20.6362724186505,1,19106,1,272.308270750014,3.50757883988569
18.0750417772731,0,19104,1,314.811850537108,0.480947385826532
28.9787835731448,1,19106,1,381.834991170312,11.4461055168693
45.1023691714749,0,19101,0,205.702653763293,28.0383742935032
28.7936467792991,1,19106,1,310.628273524654,11.2345312430209
45.1394508950447,1,19102,1,251.091304207001,27.3095340108533
20.1979416606452,1,19102,1,363.773955426034,2.95556791987897
35.8893670084206,0,19101,0,236.442585132372,18.5084254993843
20.4838340645078,1,19104,1,327.629789470332,2.527685468493
41.2935151384309,0,19103,0,173.304975174215,23.6901909838062
38.1039127892489,1,19102,1,323.969124570856,20.7067817422701
26.1654418029398,0,19103,0,283.592933586848,8.39419717016113
51.9672785795898,0,19101,0,191.253522008901,34.1593481082143
37.0261650872705,0,19105,0,229.456490220906,19.3877482393579
45.3616590937347,1,19106,1,427.102412805703,27.8008734257639
27.8131558202847,0,19104,1,322.174955145277,10.2649305287457
40.4007609212126,1,19104,1,167.79769397247,23.3893586048211
40.6538017165645,1,19104,1,193.11161000119,23.3430550684484
18.2195659828164,0,19105,0,190.038103853702,1.0592719573785
46.8474205210145,1,19104,1,379.939552658142,29.7610413277793
19.8873679814724,1,19104,1,341.667649553121,2.82993899074879
21.7575651841694,0,19105,0,275.49332712999,4.27484551225695
29.8086494920521,0,19104,1,346.509646067304,12.7662907317958
36.6410473466189,1,19104,1,240.227344783874,19.1071469175899
23.4112440144134,1,19106,1,399.542931469225,6.40539217777115
46.1722896859267,1,19104,1,251.188612708319,28.6396045257555
38.7719627606539,1,19106,1,436.069154062726,21.7510519471807
24.5780267734175,1,19104,1,262.663501753904,7.40092902980754
48.3348937639228,1,19104,1,337.122380208761,31.0105965611718
52.4160253646973,0,19103,0,72.4385717615817,35.3457397673468
33.5197295478573,1,19104,1,211.134199514064,15.8368880080087
31.7752543255416,1,19106,1,440.508263842719,13.8823011764986
28.887311114128,0,19105,0,293.252559534541,11.8378066969004
30.6273993115195,0,19101,0,130.966985046915,12.6443857926664
38.6806911088954,0,19104,1,399.656613186251,21.5594882740135
32.4736035255429,0,19104,1,228.344612533319,15.2603972697344
38.6604040721074,1,19106,1,371.066240261144,20.6699213469044
58.011354339558,0,19103,0,174.522679671171,40.7216980904502
27.0512885204949,1,19106,1,295.742606783073,9.11391928447075
27.6354157615123,1,19104,1,382.604811647065,9.6388022524906
34.8700929988762,1,19106,1,484.585418822955,17.4381344336206
49.6521947370442,1,19104,1,330.941590716626,31.7993503686106
25.0121454947092,1,19102,1,435.570280306309,7.5849825999629
35.5391075375588,0,19104,1,287.466872036944,17.8560291381651
47.7515432528666,0,19104,1,324.503476219213,30.6176062171793
40.743053585403,0,19104,1,320.519330546101,23.250699862717
39.881954422732,1,19102,1,259.67658106468,22.6699009931638
31.6353082104365,0,19104,1,338.990868770882,14.5753711223847
42.2281138552807,0,19105,0,305.181650625746,24.6111117552955
50.2145582530019,1,19106,1,366.769131907664,32.9058632868645
45.928031012527,1,19106,1,257.060482772278,28.8140160274872
33.5186029119993,0,19104,1,331.27490666573,16.446975002216
27.0501670367823,1,19104,1,194.329827369061,9.78910925549388
24.6717720130467,0,19105,0,184.669168986088,7.50724707832644
18.7284684312038,0,19105,0,245.90290494664,0.849200176351847
28.1536106578461,0,19104,1,247.367155753769,10.1681643849625
23.8227916721211,0,19104,1,315.536238606014,5.94985249153834
36.8653794892837,1,19106,1,352.398225478829,19.2798096656573
57.7546051736992,1,19102,1,240.809568117241,40.4767366036378
26.2007607372168,1,19102,1,341.459257595424,8.59358192716422
37.3143507582781,1,19107,1,439.652697956835,19.6311943438549
57.802496633098,0,19104,1,395.830654033465,40.2377274635495
37.8356516362117,0,19105,0,226.329395805438,20.6599497081195
18.7727131506407,0,19101,0,202.434952739203,1.14885328016033
48.5645933020197,0,19104,1,212.914707517985,31.215691171753
52.9998147287392,0,19101,0,371.662749886897,35.4562621409991
37.4218454511145,0,19101,0,327.008689345525,20.3054710208679
39.6518378093979,1,19104,1,308.233728744725,22.1911965284171
52.5568144604218,0,19104,1,312.027167213346,35.4475308050056
26.7366019232429,1,19104,1,95.0143221629911,9.35575688013314
29.0206411289915,0,19105,0,317.405532037241,11.8394098470386
36.6567966393585,1,19104,1,347.466359722652,19.2016957102268
51.7010251705382,0,19105,0,319.978290801366,34.3954711251739
37.1448504225074,0,19105,0,223.069149197201,19.8751629068239
38.9298379517501,1,19102,1,307.02449233712,21.4840769619556
59.4430129176615,1,19104,1,239.815744856861,41.5364503797753
35.9870942369425,0,19104,1,361.970996232659,18.5875480910153
36.9407828566472,1,19104,1,395.944037524365,19.2199376437202
25.4346179178014,1,19104,1,377.760135437809,7.83579345983744
30.1022353007192,1,19106,1,375.930458291315,12.8760156184634
36.5609110251542,1,19104,1,285.123749398552,18.5870685635608
37.4893546171127,0,19105,0,178.074193788218,20.367688893258
59.0286147652539,1,19102,1,306.840995168198,41.6997778904504
35.8803115767486,1,19102,1,370.173422146006,18.5703193846684
50.9663403261636,0,19105,0,242.574975713025,33.1965992638559
34.4100599803263,1,19102,1,451.166980645902,16.5662107059964
56.7335541743864,1,19104,1,404.792405227367,39.0869501824104
26.0190234998236,1,19102,1,287.429219281883,8.03370749964324
49.7455009438886,0,19105,0,176.420695981816,32.5483185886728
32.4260599211493,0,19104,1,266.272203673093,15.374769982759
48.9729442008195,1,19107,1,482.495801341365,31.5977422493399
40.7759915416591,1,19104,1,274.686864394962,23.7732740469273
49.1881547556955,1,19102,1,386.310322496367,31.8263778968945
44.1960159204327,1,19104,1,274.485844120599,26.8296824877042
45.1047340072063,0,19105,0,281.825917927561,27.3669234327343
57.3868308072733,1,19104,1,361.620042510682,40.3253239768846
49.7971102805141,1,19102,1,417.586655145485,32.6864292552028
49.9071006070462,1,19104,1,418.993129356374,31.9247728373029
35.3062813817837,0,19103,0,281.681690272137,18.2235763776429
26.2722468527469,0,19101,0,175.626431570259,8.99477707734027
25.1065986759156,0,19104,1,288.514607140805,7.52259579507034
46.2641689578452,1,19106,1,293.605218231847,28.3408904274841
20.5511947118181,1,19104,1,278.683625372197,2.96224828576369
31.2856793195957,0,19105,0,248.451383326353,13.709982578365
53.88081953884,0,19104,1,293.548099916167,36.534165801945
44.0026285449439,0,19105,0,221.671822774645,26.6480648484012
50.9332170338417,0,19104,1,391.712825799901,33.1855921534403
50.4556899672804,0,19105,0,325.608997860332,33.3822879443375
26.4356286971386,1,19102,1,357.827686037509,8.66196743035903
31.5146390526089,1,19104,1,214.526608722836,14.0277892065234
22.6251191922926,0,19105,0,253.885898049006,5.11526569328239
31.1473195846333,1,19106,1,336.762285432061,13.667227426325
19.2467151461286,0,19104,1,386.218934102854,1.79992460088115
43.51820101181,1,19106,1,247.394848272468,26.3769749592705
42.6947427439809,0,19103,0,156.758775534364,25.1573037981361
34.5961611414759,1,19102,1,295.352047065586,17.1971963184851
39.6737225507432,1,19104,1,277.819435533557,21.7578618465969
32.8692390930623,0,19104,1,372.046543399405,15.1847378860943
46.2805050240092,0,19103,0,34.0799549669829,28.5214800132632
36.0446112422803,0,19103,0,175.992676387888,18.4183640604904
31.0183156265634,0,19104,1,363.085739419628,13.3424932249113
48.9437670491407,1,19106,1,446.503878790053,31.5836296265716
53.9123190384014,1,19104,1,283.435044723072,36.1889074308454
55.0618073846182,0,19104,1,275.185615183904,37.8418598597838
20.1458796602078,1,19104,1,319.092293601411,2.31476212775893
26.9832918793745,0,19105,0,253.879841551205,9.7635686642807
31.4215247269459,0,19105,0,251.71607756362,13.6188187605441
41.2418572171644,0,19104,1,45.6176517236172,23.9053890765697
33.0079823823204,1,19106,1,286.244971292792,15.815785485555
28.9123493733297,1,19104,1,241.444904829423,11.8189840495998
18.6723716676661,0,19105,0,281.66922740142,1.63963448707543
43.5275631000181,1,19107,1,302.709510883335,25.7140996926823
37.2490074274724,1,19102,1,265.275916411902,19.7858068403916
43.2446389370058,0,19104,1,302.509470464492,26.1216928676628
39.5568189617928,1,19107,1,310.254432525,22.1087965736382
38.6564864079631,1,19107,1,444.665602219193,21.1501064452971
24.1082895872398,0,19104,1,270.609013813345,6.61577206377227
26.145126230707,1,19104,1,427.960155975323,8.82045522930065
29.7805349309761,0,19104,1,258.464757480814,12.0964741641488
28.2741254230859,0,19105,0,204.000115846964,10.4397192346295
41.1922814253154,0,19101,0,280.985145119259,23.951374869877
44.0132376303803,0,19105,0,211.057644967806,26.506702691447
18.0253860987327,0,19105,0,341.950731040093,0.0311225950322189
45.3020661019202,0,19104,1,348.766338570749,27.8323217790987
43.7865220800061,0,19105,0,235.478261633093,25.8777482340131
41.9865509905733,1,19107,1,391.074020727218,24.4593103235468
41.608734504335,0,19101,0,424.557168931854,23.8054836543895
36.2389312930441,1,19104,1,341.937589894447,18.8317394302262
49.4132011282077,0,19104,1,328.784591748621,32.3620776979537
58.8210182839139,0,19104,1,316.497081494449,40.8660989387027
36.6896625835989,0,19104,1,380.673712084653,19.2321174891741
34.9718796241134,1,19106,1,260.435301463497,17.6191075689197
44.47922426014,0,19105,0,244.62085753059,27.3650706975607
18.2744006987084,0,19103,0,-22.0158616318234,1.15945751707817
27.912041119625,1,19106,1,323.731738812038,10.8981225365765
53.3085337057179,1,19106,1,440.742343598478,35.5821133546466
30.0330755257629,0,19105,0,342.503258870631,12.660065135092
57.5387135871415,1,19104,1,367.189527272471,40.4863522776132
33.1446690071645,0,19101,0,263.034176340729,15.3297862993824
48.3229181201131,0,19101,0,110.265869929421,30.7206880841804
33.9556535191986,1,19102,1,288.418995747869,16.0222666606459
33.5652088326005,0,19104,1,408.781157910084,16.3734374918112
33.1738775711436,1,19104,1,268.609541053181,15.4968833524198
52.3710331165978,1,19106,1,371.118698076915,34.690652417373
24.7585292024394,0,19105,0,185.138124047069,7.62509367301555
51.3429898582168,0,19103,0,137.432427632411,33.7125153536677
33.9421487305648,0,19103,0,155.955512861028,16.5016853517721
51.0224058099362,1,19102,1,303.284646763204,33.3728602092984
40.1488697146635,1,19106,1,437.884861209065,23.0005360399011
33.3998826416264,1,19104,1,320.536417695707,15.5698138319476
38.3939247060305,0,19104,1,380.757647346026,20.7728730865027
35.0904399075655,1,19104,1,209.706366423311,17.520178770704
54.6229034598307,1,19106,1,468.220682872304,36.9869420224657
20.2246462595289,1,19104,1,296.422292420922,2.34748438066929
42.5852877700688,0,19105,0,384.543256835026,25.3060965002967
38.7196982712131,1,19102,1,336.02206866188,20.8083387740999
47.2578242017611,0,19101,0,124.98877206516,29.7887447182278
36.4122932828332,0,19105,0,340.74591830759,18.6715165165088
31.4974401030485,1,19104,1,294.384415143947,13.6030710386839
54.9594616454097,0,19105,0,115.040153469801,37.6997543684675
38.2459485240802,1,19102,1,349.501026245299,20.8195768563132
53.8319648291947,0,19104,1,337.972180403579,36.3315677952053
49.6157930501674,0,19105,0,336.741166203292,32.0431177172747
30.1326913772164,1,19107,1,141.722224646916,13.0444261477342
32.4949958846426,0,19103,0,268.13749969566,15.1485590809478
37.8722348815987,1,19104,1,275.816654803496,20.5370328156037
23.6205736495996,0,19103,0,315.454452204295,6.54724843911589
49.6119865288664,1,19102,1,228.150558894402,31.6505596074447
37.4044058164441,0,19105,0,289.817887517761,20.2886981209599
23.1186207420652,0,19101,0,239.035854476676,5.86179493339674
45.1187724685494,1,19104,1,285.287626586754,27.4169717945822
37.3962304258388,1,19102,1,284.491210713219,19.4125342275151
43.8302833206622,1,19104,1,287.642714446908,26.626819995618
54.9978605426485,0,19101,0,211.448507824903,37.4941943072817
35.5235384609301,0,19105,0,162.398810048261,17.7703021773819
38.4897448731582,1,19104,1,379.041887532269,21.1204366215035
59.0989520785221,0,19105,0,192.545777142726,41.20472953518
37.5308340040472,1,19102,1,410.388675377993,20.3037265003629
39.1301279461988,0,19101,0,97.7993225195496,21.9083345495676
25.5407241285414,1,19104,1,286.769934419557,7.85531312419177
48.6903190372978,1,19107,1,396.331437647488,30.7863514663187
52.109843644212,1,19106,1,379.322908609476,34.7247728161895
23.1775166166851,0,19105,0,307.203364601055,6.08750846683027
38.9785093759745,0,19103,0,178.739141833891,21.7628826470207
29.4159240296257,1,19107,1,360.218320233997,11.7587997703494
52.6190035693601,1,19106,1,366.882911645393,34.901064605105
39.5126960330987,1,19106,1,439.021276446517,22.1190873801121
18.7448348096063,0,19104,1,209.324021208412,1.16149649377478
41.2079462230364,1,19102,1,270.260201722132,23.6946073389304
35.710128213607,0,19105,0,113.319864631411,18.7010013559854
39.1991535688539,0,19104,1,451.987371297286,21.3828018759631
58.9388175741567,1,19106,1,304.709562809709,41.4305978324062
43.7797704513843,0,19101,0,94.7642401802412,25.8136993528071
43.0026622750974,1,19106,1,316.519829845054,25.0475994277458
28.7657093576637,1,19104,1,258.881339852656,11.6056549231072
27.8996754489381,0,19104,1,403.622300176134,10.4609850780581
50.6878599205005,0,19104,1,286.727981876284,33.3508786044035
25.9649002546066,1,19106,1,379.936409583497,8.68727064561967
29.304045086298,1,19104,1,176.829289468427,12.2994673464352
35.4861088160581,1,19102,1,351.688371207719,17.8091228968153
49.1927884511808,1,19106,1,262.679133360753,31.5443096283982
43.7238470429178,1,19106,1,351.768063946189,26.0438594502952
31.4837763212319,0,19104,1,250.716692118335,14.1463907128829
30.9173530146891,0,19104,1,307.533526943556,13.0414084377644
23.6024736711101,1,19104,1,342.031228096747,5.81021657239617
25.1842837126926,0,19104,1,205.35535014444,7.22778274146845
32.7606358737883,1,19106,1,285.399858453616,15.0780487847713
24.8679584932035,0,19104,1,312.166236940839,7.59624969274611
30.5625639814154,1,19104,1,351.300690671462,13.4092795662784
44.0085664146576,1,19104,1,413.163756518517,26.0532130524047
21.4011571675346,0,19104,1,262.809144339495,4.08354371230055
50.6350305266149,1,19107,1,304.845156907684,33.0164946838684
36.4388061859286,0,19101,0,233.935485048139,19.3631863053529
47.0139446999769,0,19105,0,203.70673523798,29.3840557956959
57.8816635466042,0,19104,1,260.316556737785,40.4136677779584
21.1986033726558,0,19101,0,307.25191763385,3.45107622245139
25.639627246402,0,19105,0,285.542518233375,8.31352742177603
34.624097831276,1,19102,1,285.474467495833,16.761848970278
23.9560409859549,1,19104,1,296.595665045003,6.11215787527896
24.2377124403916,0,19103,0,175.113420514005,7.07270470292639
20.411655146488,1,19107,1,396.626657095711,3.11270504617042
28.4049169186101,1,19104,1,273.04880032999,11.3166796641954
51.3233071467402,0,19101,0,99.774908512954,34.1361789721558
48.316491028602,1,19104,1,249.049320302645,30.5841673399142
38.2187911205635,0,19104,1,272.05591165877,20.9976719497879
28.9676039739122,0,19101,0,216.862546547921,11.3895767220372
46.7366060615666,1,19104,1,240.369319226798,29.6859435372669
32.6546040915605,1,19102,1,347.904268655989,14.8986520571821
40.5728702269965,1,19104,1,284.509933628867,23.2139090506365
32.6209218956225,0,19105,0,194.654120114365,15.0028140379742
35.7050366805297,1,19104,1,218.385340397069,18.5776371123165
46.2069261751526,1,19104,1,346.960579817679,29.0244009292142
24.8025816140032,1,19102,1,358.279742028966,7.48569224367723
25.9248101589052,0,19104,1,355.475949582508,8.82339207001641
34.8664576248155,1,19102,1,375.083981624126,17.0214624025282
43.6669093133657,1,19104,1,357.363579016463,26.2551747333034
32.4538427330131,0,19103,0,214.429217292775,14.4600637019189
59.6327415806753,1,19104,1,203.358155492663,42.2406852119183
59.7322679222871,1,19106,1,366.98813250674,42.5517872930814
31.4852191316185,1,19104,1,203.662042712467,14.0792030328174
53.3011777135742,0,19105,0,360.206427185527,35.7281847864122
28.7548207205034,1,19104,1,300.763535577109,11.5039601360692
35.5724946800301,1,19102,1,426.081544658143,18.0775542887541
44.4248015428276,0,19101,0,155.137920539538,26.8378895525203
59.4368180799875,1,19102,1,349.859249081657,42.3445312108024
48.1244349365496,0,19105,0,278.656385159017,31.0480169276615
40.2840737310721,1,19104,1,287.804748522767,22.6747200083005
48.3637512571804,0,19104,1,330.556898718394,30.9638913705639
43.3542880899102,0,19105,0,360.15551217167,26.1038447158706
36.7524217335362,1,19104,1,235.908637507033,19.4985387211986
30.3833851678316,0,19103,0,1.37277375423386,13.2661385835633
23.9128658846633,1,19102,1,439.914622191218,5.93448523391569
39.3082142135505,1,19104,1,254.770854536296,22.0897818641648
40.4180458965751,1,19106,1,449.650055182996,23.0965420135803
51.247982040323,1,19104,1,365.372956381371,33.7721160038334
38.009900130788,0,19103,0,176.960483972495,20.5821563184635
22.2019772632916,0,19101,0,236.106356815893,5.04294489821721
33.086567569851,1,19102,1,255.372495280591,16.0814733110378
34.5881243496564,1,19104,1,312.423940017376,16.9515277423793
33.528626258096,0,19104,1,347.126355071609,16.4176433331634
51.1169771080326,0,19104,1,265.410930573024,33.258180557606
51.0894461935067,0,19105,0,235.971819887143,33.8037383067103
22.6507225307826,1,19107,1,408.742764137374,4.79881372663234
47.0897316743323,0,19104,1,409.021584745444,29.3477012037003
49.2924629271749,1,19106,1,377.953771280801,31.4648742006413
35.5767061497154,1,19104,1,277.0558155273,18.3911066622077
20.7725206070888,1,19106,1,345.109551998415,2.9288008278079
59.2007230289154,1,19106,1,467.313534443664,42.1581522065088
40.7138215065834,1,19107,1,356.40583342722,23.359597823107
31.2344381718194,1,19104,1,282.7119224702,13.308078616601
46.5926809350936,1,19102,1,301.75653000179,29.4719189566536
59.3331273177523,1,19102,1,341.90498414995,41.9959171782597
27.542597799667,1,19104,1,315.733410133533,10.4849759173699
45.3713381788518,1,19102,1,417.409184379715,27.4747398167208
18.2515274864678,1,19102,1,174.621591787257,1.12047900269374
26.7611961690791,0,19103,0,222.013820768761,9.17767056893442
26.0321737911169,1,19104,1,237.155086995038,8.89015749786876
32.6250929442617,1,19102,1,376.355614444686,15.5364125190685
31.8503939617371,0,19105,0,333.975404150629,14.6641552551595
39.5119315905058,1,19104,1,380.041835842547,22.0867001602919
22.694367197979,0,19104,1,307.933248099663,5.37764562776656
25.6600476667866,0,19104,1,357.663603240719,8.00336209420337
39.5193572597386,0,19101,0,157.299249990598,22.2789200764423
37.3236778960057,1,19104,1,303.851476041095,19.6490003687289
48.111197137403,0,19104,1,423.572574207747,30.5694365758809
41.1403253738846,1,19104,1,256.405012944918,24.0560593760184
46.5776995334115,1,19104,1,329.811640909643,29.1942793088771
29.2487553332633,0,19103,0,159.27736793732,12.1009704847986
40.881170698275,0,19103,0,180.767983373894,23.4207987716153
46.2108944231948,1,19102,1,374.134338928967,29.0072585969535
39.0910210574419,1,19102,1,321.14713321117,21.613292876389
41.3800378539318,1,19107,1,401.606029755631,24.1321511820143
31.5364392270774,1,19106,1,328.648962238945,14.4883880162586
29.0576611638545,1,19104,1,174.234785899274,11.3106983497284
34.4251817338527,1,19104,1,319.79737409325,16.8633266565749
51.5939998639208,1,19104,1,350.778742186878,34.3584690525589
26.7162057547261,0,19105,0,339.84574682822,8.79864742345074
34.0880884098254,0,19104,1,296.760528038423,16.6112837706126
27.0793917367725,0,19101,0,115.754555920917,9.94724986166942
32.9197558208773,1,19104,1,252.29587080173,15.4538913643858
30.7362935236906,0,19105,0,284.137138722854,12.748611750665
34.3543733632903,1,19104,1,300.307072676472,16.8023611889
34.2079777601923,1,19107,1,415.657383829423,16.7512497695445
32.6869203277118,0,19103,0,163.154566298184,15.5614735878724
32.4818416018058,0,19105,0,378.592736997282,14.8342102215644
54.6277767848903,0,19105,0,386.382021947772,36.766019695972
48.2212537963889,1,19106,1,312.105948985536,30.9929138451363
48.3116347766989,1,19106,1,441.022117069274,31.004131867601
24.0132667833234,0,19105,0,262.215620443849,6.39923488127462
53.8523124777255,1,19107,1,412.771656482613,36.2323043203921
51.9746676379383,1,19102,1,290.142214586413,34.5342206280713
26.6989350679765,1,19104,1,413.606932125872,9.37170862336334
57.8577802579971,1,19106,1,466.594947818154,40.0027130768289
24.7516108550032,1,19106,1,256.544924730818,7.0538207293854
51.5228897922976,0,19104,1,416.783343142146,33.634780838464
33.2072182935489,1,19104,1,302.619935440327,15.9796512783331
49.6538234686247,1,19104,1,276.618358322056,32.0424031524687
23.6869675591371,0,19104,1,229.309770257021,6.36971630992063
53.4780768293596,0,19105,0,330.640523023894,35.8917209992825
19.4134342510342,1,19104,1,322.264073631468,1.55169220879626
34.4659177308526,0,19105,0,188.10313149605,16.5546252151575
18.5858987123602,0,19104,1,236.812513516877,0.940352680477169
40.1768636091811,1,19107,1,373.755513364548,22.7776261636255
35.7920851311159,1,19104,1,271.498884640221,18.2541530469411
31.3160350107684,1,19104,1,340.738089589454,13.8129850559964
35.7216284470493,0,19104,1,333.809532003661,17.8264249963546
36.8927102132093,1,19107,1,353.759314700489,19.0472256009325
52.8684868559765,1,19104,1,205.009769480692,35.5390061844198
29.7761282174093,0,19105,0,152.1615936246,12.4328292206106
32.0414544739357,0,19101,0,278.257688927435,14.3218646300553
50.8654265214232,1,19106,1,309.796247799426,32.8970290577514
25.0767403012924,1,19106,1,366.581495892131,8.03016926938111
21.0543254833638,1,19104,1,172.163072750699,3.54707837113801
24.6112532604297,0,19103,0,209.203830834909,7.15873418075934
34.1380080949876,0,19105,0,383.397894596117,16.9094424975465
36.8977475895535,1,19102,1,245.294131631652,19.2825102294319
46.6100000311368,1,19106,1,414.507448593095,28.6331082815983
19.144163339906,1,19104,1,313.128305720103,1.59946113014087
54.8040247839815,0,19104,1,386.81573578813,37.1307433537147
34.8495102086393,0,19105,0,240.41342554357,17.796975036553
22.3153335740716,0,19101,0,228.670652533981,5.07177321705225
48.6719091437347,0,19101,0,243.396356015606,30.8841440631598
26.7940153247389,1,19107,1,430.274849317899,9.21315210947679
34.9988671008408,1,19102,1,278.001844059172,17.7388090375255
33.1824979506769,0,19105,0,261.738051387611,16.1151899869424
21.1903018607995,0,19105,0,295.395673042711,3.61986974219368
37.5235151363515,1,19104,1,390.518793238959,20.2846522353568
53.9964394799877,1,19102,1,386.638815400802,36.4128314990062
42.4277133317898,1,19102,1,263.445853018297,24.5802971271566
27.2863941393339,0,19105,0,134.799282755217,10.0852415164014
31.695613020499,1,19107,1,422.700919405397,14.2919163747493
49.0398267631448,0,19105,0,190.137438418567,31.957089878901
40.7032871729926,1,19104,1,370.406691894561,23.4334269894053
59.4441697796894,1,19104,1,306.151070104628,41.8729254637466
50.7860160331097,1,19107,1,480.182568594152,33.4750321138039
32.7739191866019,1,19104,1,453.766938802052,15.5132690277421
26.7545289618682,1,19104,1,295.781675636242,8.78771322199816
32.1814409183484,1,19104,1,296.365765412006,14.4981664336432
27.9382166343899,1,19102,1,402.035719481862,10.2556257963338
46.4474077123177,0,19101,0,303.351917845288,28.9417849558831
30.2888843863659,0,19103,0,305.06431900714,12.4898505128842
36.7063395931976,1,19107,1,411.865584756845,18.9214127149092
36.5535205598499,1,19104,1,263.682769094072,18.9734018459495
51.3374807368758,0,19104,1,320.330580327449,34.3322593690621
50.1297643446266,0,19104,1,275.170407687473,32.693485770225
27.7645202733726,1,19102,1,347.738935188863,10.2852602906675
51.196945254514,0,19104,1,258.901417783078,33.6786486786418
28.6838224189248,1,19102,1,394.828149607574,11.342366302282
47.8483228459019,0,19104,1,365.823608828033,30.2350312123537
34.739131666547,1,19102,1,346.264276337629,16.8081151054375
56.7286487798668,0,19101,0,238.893917026964,39.3371085763905
48.3830012770676,1,19104,1,303.69603647913,30.9662915007983
31.5586005658431,1,19104,1,395.845384429344,14.1008062474018
28.2549859750554,0,19105,0,327.443852298472,10.3721093569886
35.3505851493087,1,19106,1,377.221287670047,18.0888821216636
37.8531502678878,1,19106,1,309.057668547046,20.2399719576705
21.7737720990229,0,19104,1,213.760275066101,4.69433255816356
47.6290935953687,0,19101,0,249.957364519092,29.8226782752274
29.039547622844,0,19105,0,200.287942209283,11.4367585048894
28.6545838227003,0,19105,0,277.959677854644,11.3784543648335
26.8896749394125,1,19104,1,273.183692065802,9.17495036121628
38.4652590101506,0,19104,1,363.655652084978,21.2601906954697
24.6192109741872,1,19102,1,342.955075623026,7.43858563142321
37.0245516498544,1,19104,1,378.223995386661,19.3288552379672
34.1958580989299,1,19106,1,209.723958548699,16.3711904521474
28.4899289255203,1,19107,1,375.639065662831,10.9090852468447
35.753328871461,0,19105,0,405.498472156002,17.9485028216284
18.3615358512559,1,19104,1,118.208597589574,0.457995718455791
29.3666282154264,1,19102,1,391.219597512458,11.6664649590494
37.2741139047072,1,19106,1,397.820192707747,19.5359356124178
37.3619412859769,0,19105,0,341.609266563383,19.7314828516317
39.5677276313907,1,19102,1,328.243396148474,22.2069028084768
29.1153621180637,0,19103,0,268.337740158308,11.4937460977307
58.6325140376361,1,19106,1,470.830057249978,40.9186775185885
39.9584491482327,0,19101,0,237.462005537842,22.6335113268668
32.3061724853135,1,19102,1,253.104746232542,14.9040578045781
32.5484625401576,1,19107,1,458.689727148013,15.4235436632433
51.9716541209865,1,19104,1,252.177373356982,34.6912866990689
33.5875167211908,0,19105,0,238.974293167599,16.3308438871447
39.9622515691363,1,19104,1,376.994018076841,22.8991390101065
57.7794434054824,1,19104,1,401.40893390889,40.6331549320905
29.807492779967,1,19104,1,278.229505829781,12.7355841453454
18.610470132399,0,19105,0,280.497821382239,0.610508848409765
22.6324913786957,1,19106,1,248.869069861129,4.68089804810004
56.4299575165895,1,19104,1,290.817942654568,38.5924026776155
36.3714246277109,0,19103,0,293.642102146988,19.0617077338852
27.4650306759549,1,19104,1,394.749827620147,10.2270088104678
49.6046656969874,0,19105,0,308.24934083685,32.4234420341844
49.9693607851574,0,19103,0,191.767714351683,32.6579808134762
27.8652834814034,1,19104,1,360.34108868051,9.90282883015384
20.4209474437182,1,19102,1,323.451424242485,3.17682380185105
31.02520322231,1,19106,1,375.336804832541,13.6012447298447
21.6020607944481,0,19101,0,215.189091954141,4.30987115329094
35.8780663204254,1,19104,1,253.156671362169,17.9914935878352
56.2809391326509,1,19102,1,404.580127828632,38.4453714135807
37.4256546412639,0,19105,0,176.764855202909,20.3483384492852
45.5746922055966,1,19107,1,459.509533287915,28.25995133638
45.2305216525012,0,19105,0,190.662884112122,27.2766809490305
39.4483485092981,0,19101,0,172.73401842477,22.4456568133658
42.8501394565182,1,19104,1,114.16143638914,25.1217157823929
38.5814100759456,1,19104,1,298.679926168993,20.9808777050933
18.4042114105184,0,19105,0,249.687237103625,0.929235571261202
40.5009829721371,0,19104,1,369.016501671607,22.8016485076355
50.3585825748881,1,19104,1,410.788826468973,32.7183646115148
31.8491538103127,1,19106,1,259.905022830345,14.7674608024692
43.2695332710463,1,19102,1,412.294190442585,26.0238112682309
41.2938371779709,0,19105,0,222.273311720521,23.3046889392971
31.2087454895036,0,19105,0,241.643429247224,13.569729268459
30.6199375584464,1,19104,1,295.867804886843,13.5750216301739
33.2460238977988,1,19102,1,303.871431891016,15.3541457371507
33.4641338734447,1,19104,1,243.218172847105,16.1124896894699
25.3608523780014,1,19104,1,318.574491697535,8.10958594065159
39.4982759981866,1,19104,1,367.119413654635,22.3971068969912
34.8761522799822,1,19102,1,248.457541660941,17.3241148502192
23.009912687043,1,19104,1,295.786456933657,5.13698581831185
25.0283112173693,1,19106,1,314.732430875981,7.75697190028407
29.6658030755456,1,19106,1,439.187806637893,11.9627163971413
22.9764232879637,1,19106,1,391.672346646654,5.70222160309945
27.304240843349,1,19102,1,436.193390414609,10.1444698202637
26.909148207822,0,19105,0,134.834408194973,9.57482432616233
48.4305626991077,0,19104,1,389.858851914723,30.6820472694339
50.2458690281162,0,19105,0,273.303913686848,32.5351467977413
49.0037764159201,1,19104,1,267.181519377222,31.2280087920076
41.4005269876283,0,19104,1,346.085305869367,24.0194699580383
24.3751627337968,1,19102,1,437.863099015119,6.52110482224615
49.397456749906,0,19101,0,343.561593857184,31.7583634416621
30.2862412022086,1,19102,1,390.524906989884,12.5999190980227
35.3457831238921,1,19104,1,237.604938221807,17.4126544226019
55.0733079789588,1,19102,1,374.4897278529,37.7240079788407
36.2598928419746,0,19104,1,331.698134329334,18.264477019139
38.7092604535643,1,19104,1,396.649211678061,21.3045760598976
42.3051394065028,1,19104,1,301.043488723966,25.136458592408
20.2999002904628,1,19107,1,386.070584773637,2.7137663510159
50.1790948455185,1,19102,1,303.138307101394,32.8154432751202
32.2310123424072,1,19104,1,351.291562048674,14.2485024357707
29.6296984615499,0,19105,0,230.345664258625,12.585443782317
31.5794819257112,1,19106,1,377.022726483615,14.5581231269876
42.2821283911714,0,19105,0,222.67784154122,24.4112151894612
45.0576858597075,1,19104,1,318.09356137919,27.9382942418767
30.0835363291822,1,19106,1,287.178558445111,12.9146942223574
50.1930229228081,0,19105,0,273.137299746183,32.427958585983
24.2901650296216,0,19105,0,198.972506057917,6.99300584189302
18.3145359374422,1,19106,1,402.345267290086,0.762243082218561
49.3955955702127,1,19102,1,477.578855481642,31.6533594558728
47.4375559853727,0,19104,1,375.869771466957,30.2606568800623
23.3634496938467,0,19105,0,162.016823516879,6.06356929634061
52.6708550593994,0,19101,0,208.706553664779,35.6447998956955
36.5220033867863,1,19107,1,285.279586551362,19.4114045658261
28.6747384883727,1,19102,1,332.630334853292,11.4320979986604
24.6061580544135,1,19106,1,234.229917716577,7.2565900122078
23.3259241030536,1,19104,1,213.304967613286,5.80323291793312
42.091622861743,0,19101,0,302.131913343281,24.9925306641385
44.752323514505,0,19101,0,287.795078353002,27.0394407384589
38.5775181828186,0,19104,1,203.156955598754,21.1015493963033
39.4453798407936,1,19106,1,338.976132133634,21.9114487703205
43.4809484605821,1,19106,1,405.969506343329,26.1782085765762
24.9619159180333,1,19102,1,356.18470052533,7.37431561910889
35.6487581434753,0,19105,0,136.337942440349,17.8355307733268
30.1364697763921,0,19104,1,321.030493302738,12.7885443427359
30.3537328397584,0,19105,0,203.453941844242,12.5798108096429
40.275190576244,0,19105,0,337.847545537364,22.4603027799482
29.8819090306899,1,19104,1,288.633582869134,12.7045071825525
27.6533032937989,1,19104,1,326.013405294753,10.013943057562
42.9201571096881,0,19104,1,305.418322894228,25.2128754358954
56.315641525525,0,19101,0,283.424265172848,38.6857444277008
34.2797871237431,1,19104,1,252.39960995847,16.9361772924472
18.3120603463285,0,19104,1,340.148018634746,0.755410495181437
34.0288257277064,0,19104,1,390.571097712837,16.4970219272148
41.3437891942392,0,19104,1,440.284916439021,24.1656470226533
36.2223634805512,0,19104,1,418.563803281596,18.519437251797
34.2648245180831,1,19104,1,268.623970986755,17.258405162102
57.2455876214795,0,19103,0,247.917590470139,40.1438277798139
45.8148408755586,1,19102,1,401.917319066217,27.9249249540661
30.9101830769332,1,19106,1,404.771926066157,12.9528633930723
35.3631704134294,1,19104,1,359.774668778051,17.6986676884243
48.063467101841,0,19105,0,289.847466363137,30.1840985433149
44.1468575905892,1,19107,1,365.890247258873,26.4846494900412
28.6238584444877,0,19104,1,316.117465225875,10.7893883181755
37.1896883752027,1,19104,1,367.767459521308,19.4927796455862
32.7140825297536,1,19104,1,337.224283280112,15.1702716979051
28.1964623571871,0,19104,1,224.53306425354,11.0722675849715
49.9887920457081,0,19105,0,200.278393994227,32.2587737461694
28.7053888758484,1,19107,1,363.058037658892,10.7734840204313
44.5214469739028,0,19101,0,213.000852201172,27.2385614552793
51.0487789839103,1,19104,1,330.588788905553,33.0965830491918
21.3600947516009,0,19105,0,170.41210030014,3.65471836705387
42.0539562139428,0,19105,0,311.01071308875,24.1824156789343
18.3285432835647,1,19102,1,193.373971658108,0.596995760507596
23.7675880164582,0,19104,1,334.743828182261,6.71743006759546
43.5139208904165,0,19101,0,261.98911637589,25.6373281739815
45.7722581382777,0,19105,0,303.425352030106,28.4061007322679
20.0092887608972,1,19106,1,140.058936434146,2.11625645642027
42.1234748440548,1,19107,1,307.990135696269,25.0757576073739
31.9601163925167,0,19105,0,222.600011625677,14.9041030968569
22.8845098970427,1,19104,1,308.827990294129,5.74317022664166
43.3043959300848,0,19101,0,220.666758328252,25.8248041108599
43.308117056478,1,19102,1,286.424871377393,25.7276798134932
24.6319933200083,0,19104,1,388.239313460032,6.64023608638119
40.633734596654,1,19106,1,393.929692378736,23.5227022301342
38.9190882970306,0,19104,1,282.223066050157,21.6621032345302
33.0732236849984,1,19106,1,296.069211554427,15.2335211207067
22.3868207429021,1,19104,1,301.425026618685,4.45967370462114
35.2145763606971,0,19104,1,395.001331672473,17.3894129355179
29.2641945605666,1,19104,1,304.614583298286,12.1607972014264
29.4232997805437,0,19105,0,243.015959232589,12.2831569464968
37.3911800613722,0,19105,0,256.273351404394,19.8329768566044
30.5840644971553,0,19105,0,254.631002065894,13.399945445833
22.0935985986164,1,19107,1,370.092458384636,4.149471476909
36.863412469396,1,19104,1,240.131519336898,19.1624874942969
52.7349747013098,1,19102,1,457.959621129403,34.9550475504978
49.1414956996775,1,19104,1,362.678318448079,32.0582860341853
38.0456673261307,1,19104,1,457.376511345991,20.5427612935256
23.9690477930161,1,19104,1,332.744793902296,6.93885715824202
37.796444005992,1,19107,1,382.787358889707,20.2095311304627
51.2696453501891,1,19104,1,253.547788352187,33.803284107377
52.8678389349048,0,19105,0,240.915206825873,35.6485368983382
40.3953058934959,0,19103,0,113.33087782252,22.7258323455418
29.5346419975067,0,19105,0,392.197200655244,12.4619985277205
31.9587087585069,1,19104,1,303.115387072128,14.6506339721792
46.5806889100776,0,19104,1,371.009153425181,29.1260116386537
45.2951932230688,1,19102,1,412.314600215814,27.4740956849608
44.8792634718842,1,19102,1,420.308109780162,27.6793551131407
45.6693251004429,0,19101,0,406.606984665012,27.6783243622152
21.6921286249209,1,19107,1,379.415509872549,3.84707400008588
23.5252832566448,1,19104,1,284.830521841695,6.27157696136872
23.6425385282355,1,19104,1,309.16829099112,5.87973450175284
24.7960579621573,0,19104,1,350.955393113089,7.28998627354996
39.6963789432792,1,19104,1,323.01914053695,22.0842506282514
23.2142090184873,1,19106,1,338.49241823058,6.13969726159969
33.9442424586307,1,19104,1,255.780416016612,16.2463794125508
27.5364682542651,1,19107,1,336.565350458903,10.2155383900764
38.8276628209504,1,19102,1,358.665857822143,20.8822291621698
19.8407444589207,1,19102,1,254.691757801835,2.83613245081105
38.678980623447,0,19103,0,65.6815423293719,21.2510265506158
40.8467152391554,1,19104,1,319.484779004208,23.0436008826823
47.4139187779794,1,19104,1,398.055868987111,29.7915840313355
39.8047150155971,0,19101,0,269.891178287069,22.149268609376
24.3625573758989,1,19102,1,326.978536790135,7.21772989779929
47.6244593495998,1,19104,1,345.050335476868,30.0075892848458
54.9829982584236,0,19101,0,120.408939129614,37.3461177439788
29.1255843425111,1,19104,1,253.766295692143,11.2951100729348
38.1637444433302,1,19104,1,426.736444935247,20.5283526480209
34.0388488975526,0,19105,0,331.840031179914,16.6770496707117
41.512965021398,0,19103,0,145.120924774725,23.6052010562029
48.208036233854,0,19104,1,440.088926806235,30.7889797077015
40.174060035401,1,19104,1,260.627525331526,22.3923941614543
40.1865489419024,0,19104,1,253.246436190667,22.3888705811869
53.8960481430745,0,19104,1,429.351708016331,36.2339500964495
32.5300666673507,1,19102,1,426.306496800619,15.0935272718712
48.8459685694843,1,19102,1,306.618249403521,31.8165475885334
22.6699936671272,1,19102,1,323.440416942978,5.51199595230597
59.1062742007505,0,19101,0,215.086660386335,41.1613909731694
46.0673808855936,1,19104,1,350.884243295943,28.3656267584301
28.9436069916281,1,19104,1,411.612959616163,11.7968118123989
34.9953392430328,1,19102,1,373.987729089988,17.6631173068311
39.4945190476962,1,19106,1,362.362946157084,21.6507424519174
56.7675323420071,0,19104,1,229.893664956699,39.539637249788
37.4008968919473,0,19104,1,363.098776477998,19.5014329594518
32.3298107851321,1,19102,1,248.998187931823,14.3310824381212
40.1330810599379,1,19104,1,297.747789783411,22.3275596399676
39.2847529416481,1,19104,1,377.244937151732,22.2678518532353
38.6140529610577,0,19104,1,366.397664309384,20.9535132257163
44.3041603417654,0,19105,0,315.873897276301,26.4238430470281
31.1098754856094,0,19105,0,295.53302658141,13.6648391416121
49.6783861721077,0,19101,0,241.673510964703,31.6880255144231
33.0848813812551,0,19101,0,239.339368544683,15.9939724678476
46.5049814372062,1,19102,1,352.38954341035,29.320814341979
33.5541330646029,0,19104,1,339.344366437412,16.4697721959329
29.9511241388659,0,19101,0,253.148089911592,12.2147075947991
44.168567396606,1,19106,1,383.408488101111,26.4667766365675
54.6402646104964,0,19105,0,301.399839991036,37.6298451886671
45.4381949257631,0,19105,0,210.1337236856,27.8733337971907
39.8046231911941,0,19105,0,232.077370840688,22.6409687550696
25.3261181371286,1,19107,1,405.136433511515,7.75634629898703
58.6347461894972,0,19101,0,373.274345461481,41.2136111597416
46.2991431799898,1,19102,1,382.809313363221,28.9314318278054
39.2670433509433,1,19106,1,360.722758139798,21.9180574228325
38.0729047856986,1,19104,1,293.783293232626,20.2870073130581
36.6744103797501,1,19106,1,420.171753646241,19.0235589179465
41.7832463593912,0,19105,0,248.33894446369,24.5846438343395
25.8000923140759,1,19104,1,343.997382569608,8.71118874096711
57.8787490100513,1,19102,1,390.855922864721,39.8939725071105
37.2850962931092,1,19104,1,221.343259060639,20.1498778832878
44.0008167570875,1,19106,1,407.036244726342,26.9167014288203
28.4964908349586,1,19104,1,334.131499378876,10.9392713436184
40.6237780036014,1,19106,1,427.006412900419,23.2323374595568
18.2255168231276,1,19102,1,264.72521604042,0.953739760450784
34.5288027022031,1,19104,1,382.951388901159,17.068542489316
40.1885112355391,1,19104,1,299.215624328269,22.5892482652722
59.8365973021125,1,19104,1,465.789120907611,41.9530068166775
42.2193058911813,0,19103,0,318.166391262165,24.3916362380711
30.3465866992794,1,19104,1,260.453695669749,12.7703121103424
26.7178387425082,0,19104,1,204.249609081371,9.20488154349722
45.0988323315897,0,19105,0,306.606676715735,27.9853383740329
22.9959397843618,0,19101,0,152.719559205089,5.85191691169032
33.2077083528687,0,19104,1,385.612333027901,16.1987040479847
45.3679790857712,0,19103,0,235.105354431269,27.701088600559
30.3818146013555,1,19107,1,291.29346203091,12.712061526011
36.3126501528307,0,19104,1,362.515256945965,19.0335417221061
30.4387056117649,0,19104,1,312.679168518821,13.3501883747759
20.453035947397,0,19101,0,236.930882162995,2.80403892695496
52.8372572708322,0,19104,1,427.673707532738,35.4869911872229
55.8959936087449,0,19103,0,197.342883272802,37.9470154431146
30.2495006914497,0,19103,0,238.981761480134,13.2172310028937
31.0163576198213,0,19104,1,261.646518902062,13.1587035579543
32.3315099153019,1,19102,1,294.439502682789,14.3433576904986
43.0820491043867,1,19104,1,297.935953056544,25.6428833992703
21.4204960213771,0,19103,0,135.430338378201,3.71322862429371
33.6721204167112,0,19105,0,288.40864094722,16.609832928923
38.9443858275372,1,19102,1,247.255609786096,21.172587358411
44.6306322408087,1,19102,1,402.513445625126,27.3142831276815
41.0510481435277,1,19102,1,288.274477134561,23.4696017848265
40.1877014287863,0,19104,1,337.310120340322,22.2030899757634
50.1159235504945,0,19104,1,235.693050267501,32.150683929727
27.1060397716896,1,19102,1,363.866737710596,9.39351328869397
27.224701920964,0,19104,1,376.380925982979,9.43200728154945
53.0377488000456,1,19102,1,351.854820876128,35.0840457749225
59.436354370721,1,19104,1,434.69747994119,41.9586477935578
42.1617752705733,0,19104,1,302.656545310694,24.3069603076237
47.2114771036492,0,19101,0,258.285564044666,29.7964766216525
24.5816031995364,0,19101,0,146.603234172952,7.48691381729623
50.8679382075815,1,19106,1,410.125153493932,33.7314650610815
40.4272302047335,1,19104,1,271.31267340412,22.5366909555611
32.2785880545984,1,19107,1,344.136118222557,15.0451128835689
38.4930369850932,0,19104,1,420.122321872694,20.8087256026207
42.604647264804,0,19105,0,166.88889767983,25.3899467445326
30.6035644836945,0,19104,1,295.169699314614,13.5583962261432
34.5658108253489,0,19104,1,356.268606875943,17.3864086469627
34.455389378016,1,19104,1,322.689914667704,17.4117975389875
19.2158152788359,0,19103,0,47.7804024497265,1.49281519734705
39.8539194193865,1,19102,1,382.897424142759,22.0082543668534
43.5594682981511,0,19104,1,217.038287280166,25.6030350431585
45.1325567135866,0,19104,1,283.799048695831,27.3122696226276
28.8423430576454,1,19104,1,284.717528498869,10.9487988819833
20.5369994793141,0,19104,1,90.7481868915872,3.51955308500282
28.3294433172495,1,19104,1,293.991154845416,10.5739932615479
40.2501370491082,0,19104,1,357.532167170729,23.2423408179166
32.6291273634912,1,19104,1,292.938031798584,14.9251301258833
25.8360036760526,0,19104,1,312.334529609041,8.17382797319019
40.2607438758245,1,19104,1,469.274314595823,23.1825933878539
50.9981367045418,1,19104,1,398.319965405074,33.5280070076567
21.0961704194826,0,19105,0,242.754583305571,3.33421045786712
41.7264344622309,1,19104,1,493.212405299351,23.7696970868783
25.1380083658814,1,19104,1,254.305074714921,7.68766881083951
45.9440617927364,0,19103,0,234.853286728598,27.959645898595
18.2334918591557,1,19104,1,182.963760013996,0.728038238816872
25.9334491278135,0,19105,0,270.350359384101,8.21061760686311
56.2695024265505,0,19104,1,315.937520012533,38.3120198976777
24.0073402962119,1,19102,1,332.202040644436,6.07061309231746
22.190827711561,0,19104,1,322.406999547909,4.84435521166892
43.6377254289601,1,19104,1,333.251094122784,26.0584712054606
31.4049507905882,0,19103,0,111.760693412149,14.1003692764942
46.531037904779,0,19104,1,289.111310492399,29.0132208494381
55.1865377017251,1,19104,1,323.314119870252,38.0539875154803
39.8832824432086,0,19104,1,210.584972912266,22.8656507322359
30.9512314822241,0,19105,0,302.661486451165,13.0678339170008
21.8550989206177,0,19105,0,371.006480549155,4.13745648527936
51.6755261765571,1,19107,1,431.329108091822,34.2785058209916
37.7143571861283,0,19101,0,184.95220392065,19.9563891492047
54.992014136344,1,19104,1,161.599538760946,37.682986522272
49.8338797452456,0,19101,0,125.124165584517,31.961957639462
25.7454421995858,1,19104,1,323.083013970903,8.29495368718151
41.1900437440537,0,19101,0,313.043232301223,23.2152001542319
25.5123967348817,1,19104,1,283.744651286154,8.06429608652701
40.6503371150108,0,19105,0,150.134020680395,23.3530494175727
24.0327209350789,1,19104,1,236.9950493896,6.99973148248585
22.0816212020409,0,19104,1,256.329924361397,4.16567810122525
32.8851378568893,0,19103,0,52.750434560218,14.9692724570145
49.0115093061198,0,19105,0,239.190210691449,31.6110224789903
39.5980984297037,0,19101,0,285.866191558707,22.3120808003857
52.6756272300767,1,19104,1,203.156407414029,35.4602024994014
19.1438428770155,0,19105,0,197.860910335721,1.3094346235842
33.6625445125953,1,19104,1,163.969376057731,16.4034067114678
45.1142917034356,1,19104,1,257.491619062861,27.8527594349487
19.0008088693291,0,19103,0,166.558204793431,1.65433171096143
33.8578932056344,0,19104,1,377.291389170327,16.8327510181489
38.3107218620189,1,19104,1,341.288821570506,20.9920770927619
26.4697138165849,1,19104,1,217.075071684579,8.99846970446207
44.1991248658476,0,19101,0,233.658631289244,26.5228914165953
32.6533079275279,1,19104,1,281.487947278643,15.0382829951006
30.5100392268549,0,19104,1,302.227762148288,12.9654185359876
53.9038518078872,0,19105,0,250.879083240989,36.4809505572324
20.5729198732296,1,19102,1,347.135020371176,2.61430364026445
22.7403652783883,0,19101,0,222.59081651632,5.23267574067499
22.2847839500195,1,19106,1,417.218810615512,4.95388788677742
24.0687043206294,1,19102,1,336.157035253546,6.41498894109322
42.3271393683623,1,19104,1,430.897500966887,24.8681205970585
51.4479924261552,0,19103,0,239.224866542916,34.4314742719737
48.7406189098383,0,19104,1,421.194858280539,30.9613552125066
19.7065681020649,1,19104,1,344.923395828579,1.74122827494642
33.3887315214519,1,19106,1,318.356623415983,15.7179269570765
41.7839782021224,1,19104,1,399.172075087624,24.4966980563226
38.6000442842816,0,19104,1,392.493074141929,20.9782926787486
54.5862109926385,0,19104,1,121.345505875673,36.645587848485
24.8699864668399,1,19106,1,320.245454741618,7.21819972527207
37.3447913165123,0,19104,1,409.589610272721,19.5060862957885
29.1015392764087,0,19101,0,288.809033893562,11.5036124413448
38.7661252863429,0,19104,1,207.504314320908,21.6829380186929
18.8165463096546,1,19107,1,443.907203844578,1.04112026785403
21.0659341856364,0,19104,1,416.479830166134,3.14458531513732
24.0483371031727,0,19105,0,283.428199025407,6.65762059793578
26.5449603326743,0,19103,0,79.6466757032752,8.84315370592601
58.2188489844915,0,19105,0,213.428645527653,41.1082331664286
52.6310287144315,0,19104,1,348.860768949931,35.2408510854747
31.8102549392909,1,19104,1,289.101396257927,14.7451036541436
37.5939994131426,1,19104,1,398.252226595097,20.0315505725542
32.310614801728,0,19103,0,238.756543067017,14.7851672696591
37.3942206996759,1,19106,1,506.078453647736,19.6481632936081
52.1852632010184,0,19105,0,334.912034135494,34.7197465483393
39.9020707951245,0,19101,0,262.319910677277,22.2745583925248
41.4933508816333,1,19104,1,289.931918117156,24.3221192064387
39.4664433462569,1,19104,1,408.626117814218,22.1285184772244
39.0350178450819,0,19104,1,310.333538060947,21.5393314297319
28.7486349748955,1,19104,1,229.926542928639,11.0022505705287
56.5233019781232,0,19105,0,270.311238957487,39.5132994621459
47.3584466391387,1,19106,1,370.197506558309,30.229895929215
42.4135174859771,1,19106,1,303.123640439371,24.4349034280972
36.0007296383609,0,19101,0,278.469917004351,18.2439808714897
44.8916209361849,0,19105,0,247.803960326341,27.2791754331773
20.8266588657078,1,19104,1,323.093170419333,3.64653924553737
29.2687017164755,0,19103,0,130.471998667017,12.0229796372916
43.0688458658567,1,19102,1,331.668732759499,25.9626086275837
36.6174482340292,0,19104,1,362.217429684515,19.5165898693093
50.2093801826743,1,19102,1,331.630162737733,32.5049993677569
40.271757748407,0,19103,0,168.364136035694,22.6810713614902
35.6726329432151,0,19105,0,403.160705255705,18.3427017029191
54.9122743102346,0,19101,0,257.784103968116,37.7645693017259
51.985636676862,0,19105,0,314.640606023631,34.8109919824313
33.5286304817084,0,19104,1,357.780199359298,15.6411104743849
18.4542520847588,1,19104,1,300.291495964575,0.845594811527761
21.3895776161673,1,19106,1,392.786025737631,4.25497287947037
32.5782329257377,1,19104,1,236.692399964679,15.1111480380673
29.4978292452132,1,19102,1,433.713501758966,12.0380640544889
59.8664349482098,0,19101,0,326.900270971153,42.7848126338032
34.0361331966618,0,19105,0,262.264566108502,16.6013927028893
19.0066026890265,1,19107,1,384.390833179237,1.27668464054223
36.7520280336958,1,19104,1,221.368647225852,18.9939155851953
40.7339724933802,1,19102,1,413.379585743132,23.0809833934138
28.9265453837914,0,19103,0,167.009299859642,11.5500760575859
42.9572212052227,0,19101,0,268.770100274826,25.9445625381706
32.0205958924056,0,19101,0,116.489936861808,14.9655342950285
32.3090658086575,0,19103,0,231.769715522452,15.0632147140558
28.7316691187163,1,19106,1,349.458401200668,11.680115341763
44.7623643309737,0,19105,0,258.364082226862,26.9514175071775
37.0775219555937,1,19107,1,299.155833673281,19.3121318246697
58.5985944467419,1,19102,1,403.15401606728,41.1439575351131
54.0503731523658,0,19105,0,222.084163603845,36.0513638835418
43.3066191135587,1,19107,1,400.095147206933,25.3716978773156
49.7937585918474,1,19106,1,434.868316702386,32.5423613248634
27.8654216071241,0,19105,0,238.016157239198,10.3663909195107
38.5226563651744,0,19105,0,391.575772178614,20.5320495130658
25.5428690000041,1,19104,1,236.258720364003,7.92930031498661
42.7682994577437,0,19101,0,242.769281667104,25.004515239397
49.3698491614176,1,19104,1,347.169140502843,32.0649725570673
22.7964286176869,0,19101,0,138.629688002124,5.27716937534601
38.5011096774316,0,19105,0,258.640158005304,21.3387721740356
29.5087745765204,1,19106,1,348.705936395236,11.8188452122713
42.794167197992,1,19104,1,328.782983304776,25.1721497035892
40.5262751343118,1,19104,1,342.917018397047,22.6205622643621
53.7932711296238,0,19105,0,362.632814871091,35.7956506289997
38.8873826383965,0,19104,1,330.00271388707,21.5649269660821
39.6386511407752,0,19101,0,261.726399842395,22.5914842682385
31.8361565334021,1,19104,1,409.161682640051,14.7507513268615
29.2509480064455,0,19101,0,104.222936555271,11.7721613244339
52.6156722731404,0,19103,0,185.529400087854,35.4095263102074
40.6201152923745,1,19104,1,313.908762411958,23.4731856429712
40.0444451732683,0,19101,0,114.866972025523,22.7713483438484
25.877371093534,1,19104,1,304.810169538716,7.9961079156921
29.8243740285734,0,19105,0,80.6737250616282,11.8842771345271
33.9874725435759,0,19105,0,298.29825849057,16.9009023232749
54.89252089388,1,19104,1,219.174675942118,37.5817129505359
27.1962243299888,0,19105,0,155.894673381766,9.28430684562341
47.0231625732242,1,19104,1,353.063274514559,29.7174051481973
39.3469339826842,0,19101,0,106.468052585653,21.9718223038361
28.944303419853,0,19101,0,358.640701685505,11.5422380878053
44.7284434781672,0,19101,0,235.66558811257,26.8285763279332
43.6193214338175,0,19101,0,219.819581190488,26.5268118255674
46.8035483286747,1,19104,1,400.406978037527,29.1406765795344
39.0960978216904,1,19102,1,334.43789925133,21.3735947567916
54.6638554475579,1,19102,1,369.315907446348,36.8784194876283
33.9784931795965,1,19107,1,385.010421623162,16.0707616151138
32.7629122302327,0,19105,0,212.803772307445,14.8097016002442
40.32559293662,0,19101,0,249.964239435718,23.1788297730013
48.0155937908026,1,19104,1,353.905078551692,30.8346015686444
43.5476077167873,1,19106,1,284.459048734285,26.3469159092378
31.600803880061,1,19102,1,272.339174596367,14.2280994933499
20.0715823223203,1,19104,1,248.63885191329,2.09573242029581
44.9521888391948,0,19105,0,255.611215744854,27.1976468614204
23.1564308859029,0,19104,1,321.442027662635,6.0620161942293
22.725869480596,1,19102,1,477.847330453806,4.92469556450946
25.1803523593596,0,19104,1,318.117732203888,8.08438582164372
35.8656321013548,0,19103,0,178.209087713223,17.9641156791911
23.0555530356424,1,19104,1,247.143427935912,5.25177552278101
25.1173708331332,1,19102,1,397.804315996303,7.27475473513163
32.2500228430865,1,19102,1,333.707485018968,14.9666233065792
41.8142670221761,0,19105,0,279.094873118537,24.6333255116962
36.0090036614561,0,19104,1,307.480301136796,18.8750292108157
18.7930685712669,0,19104,1,332.295508565562,1.61159462064427
38.4299319735658,0,19104,1,342.973585707448,21.3209247798589
39.84133282094,0,19101,0,249.762695342016,22.5409946152914
28.1755521437817,0,19104,1,301.529397485656,10.921873229855
23.0563091175806,1,19104,1,303.72570247451,5.23334498877523
23.0505476890643,1,19102,1,353.943447010897,5.32486269562959
27.0228152473167,1,19104,1,165.665158983451,9.85944655795474
21.6639138681418,0,19104,1,293.666686807355,4.13848056155953
38.9899875076832,1,19106,1,438.587892850779,21.1711353289308
24.2884610544062,1,19104,1,264.549392779807,7.06105634519932
27.4102532632202,1,19107,1,244.360512428022,9.55175997470693
24.407953409054,1,19106,1,261.314548510051,6.50379175184725
47.0180357885986,1,19104,1,321.618895950435,29.5857740589856
40.6866174281496,1,19106,1,320.836763897259,22.9786736126445
33.0598429828879,1,19107,1,404.563260223488,15.4070901610886
42.5440241997466,0,19105,0,254.463507368294,25.3142919261344
46.1519854291076,1,19104,1,282.821441010541,29.143152830304
22.2392743039774,1,19106,1,292.482211613027,5.08275548586532
43.2087861977455,0,19103,0,209.971755523063,25.6450337756362
24.2355247336758,1,19102,1,332.954278197528,6.97918974527546
47.5690284079028,0,19101,0,221.103597669094,30.0412102177361
46.1029771907983,1,19106,1,436.692032076784,28.8650314993487
41.0555457604517,1,19104,1,325.678487014254,23.8783901435256
31.8511048816395,0,19105,0,205.479316117374,14.2530032205646
27.1083610531835,0,19103,0,158.30575206755,9.93470536954311
31.0455695199036,1,19102,1,329.241928945534,13.2309964889847
46.537321460803,0,19101,0,237.573851020932,29.5206249378593
24.7650343149848,1,19106,1,452.10172913506,7.71453788321872
35.7450685995551,0,19101,0,338.482101472213,18.4366078051659
38.9056198778645,1,19102,1,307.038963788328,21.2974693097723
19.4670737386857,0,19104,1,222.935799490022,2.38222254474547
42.7807232291096,1,19106,1,334.963512392183,25.6204739998219
38.1550629520071,1,19102,1,368.673528482009,21.119442915705
28.3493376552799,1,19106,1,419.715154227624,10.8649937039447
30.4685648634604,1,19104,1,274.547451638407,12.7491603895596
32.0878356046555,1,19102,1,270.418547516933,15.0769819490192
31.9817595758362,0,19104,1,331.07132927908,14.5247804305402
44.7845791873212,0,19103,0,241.199807638814,27.648493321302
36.3081850590253,0,19105,0,323.192247137638,18.3674905783566
49.8114267463636,0,19103,0,156.929576419303,32.265065455281
39.1617320282321,0,19104,1,333.070398617917,21.8719530655008
46.4163371380757,1,19104,1,201.654739508656,29.0596095461272
41.6499561947725,0,19103,0,187.64181061528,23.7434967023741
44.6795564723546,0,19103,0,247.760300355823,27.1012216998609
34.3602054523073,1,19104,1,410.089252508594,17.3543824359078
38.3379166590366,0,19101,0,243.542379828424,20.955174553519
30.9344676019912,0,19101,0,199.545703825692,13.8575030233999
44.0625426107951,1,19104,1,215.573408436026,26.3150261598573
45.8920443483209,1,19102,1,361.440252227331,28.1879094323655
49.9703802533331,1,19107,1,452.940068267348,32.7849927627831
46.1264266687208,0,19105,0,329.578384265624,28.8504677590677
33.4385342072508,0,19101,0,235.496286841795,15.51145194781
42.5784381666045,0,19101,0,158.900394584557,24.7762628207738
23.3513199808436,0,19105,0,279.14696459823,5.78409716420683
47.5565332085156,0,19101,0,348.057433351929,30.4275001272821
18.5117706411245,0,19103,0,158.162156061609,1.10842784929148
43.905966818743,0,19105,0,200.674188453434,26.8520911260886
42.9898609192008,0,19105,0,233.035151731387,25.835538100115
41.1009175439554,0,19103,0,193.678868676758,23.4941698244962
28.2937453362911,0,19104,1,264.711929029962,11.122491343348
46.4024934945132,1,19102,1,395.305933359688,29.1425926519527
46.6583271855194,0,19104,1,346.198414211671,29.2641954312272
37.8715686429937,1,19102,1,315.635122835114,20.7185135716286
50.7643800881278,1,19102,1,347.96437680108,32.7820165344101
38.0007347737482,0,19103,0,84.3866180576796,20.4052513591523
20.8727099982778,1,19107,1,407.926607014435,2.93158206355186
44.1411097775235,0,19101,0,129.46706251592,26.1891223487
21.7099326626642,1,19102,1,306.695376933988,3.76514017663544
33.1042072931866,0,19104,1,272.909893103579,15.5110809908345
46.1355888146401,1,19106,1,408.309640827322,28.7672988210299
44.3814548931575,1,19107,1,373.155859452872,26.4836133029337
29.7288989995475,0,19105,0,242.216702601297,11.8652552364263
54.2900201621927,1,19102,1,456.836098225905,36.6636332664169
31.1854971930471,1,19104,1,193.82879470047,14.1080131667287
24.4864986757295,1,19107,1,396.24695254072,7.22576814373154
37.4400593885323,1,19104,1,369.187336203355,20.1919201484518
27.1804159157581,1,19104,1,256.542458735706,9.18758328674799
47.7127605474336,0,19105,0,261.355420666528,30.1531110476018
27.0739886759835,1,19102,1,235.106810554876,9.34881536583964
27.8509766362708,0,19105,0,131.386881493281,9.94475116963575
40.3198291464641,1,19102,1,391.544134601635,23.2945136477637
18.6702517859578,1,19107,1,360.776789148119,1.11300120055076
50.2641920709799,0,19103,0,110.044054117732,32.6766431209914
48.1115794969306,1,19107,1,374.093376860386,30.2078835885555
31.6858104444735,0,19104,1,346.379696054593,14.0807227392841
45.1312442752751,1,19104,1,353.431855355325,28.0988096595029
30.7358536050878,1,19106,1,436.670714665396,12.8556371462755
33.3185706236738,1,19102,1,300.115716608292,15.3548277796119
36.20621140329,0,19105,0,206.765048597106,18.9945756609535
30.1131258627376,0,19101,0,238.972838155858,12.1977970008249
31.0526993018272,1,19102,1,403.589488488361,13.9626482238224
38.4805545730836,1,19102,1,313.305984070592,21.2991491764172
57.513839324851,1,19106,1,451.82509101091,39.5726780136194
42.3793569169485,0,19104,1,289.281237846748,25.2548848283023
32.1592671840095,1,19104,1,447.089689443639,15.1347836285473
35.8991478912143,1,19104,1,187.082784775581,18.8203544307111
39.9101054961245,0,19104,1,418.087165508605,22.3403544031932
29.315509121316,0,19104,1,197.349432908756,11.967507551108
45.2335552520429,1,19102,1,430.549619154806,27.6290154930515
59.3763223713002,1,19102,1,362.247742622469,42.3148503013625
29.552768922567,1,19106,1,330.648851504326,12.1572764303233
53.1129539877554,1,19102,1,287.617086195604,35.2425604412245
48.1448945634698,1,19102,1,282.288005317694,30.3430823212189
43.058672915808,0,19104,1,360.890495026289,25.7491638549967
36.678884278353,1,19102,1,370.305392131552,19.3820604570896
40.0667580647407,1,19107,1,387.602928915474,22.7008259596316
31.7391023919229,1,19106,1,362.271024674755,13.8141404571254
24.2239526636681,1,19107,1,327.130118041057,6.66047969560753
52.024170414289,0,19103,0,194.060254772338,34.4607669187016
58.2458258189842,1,19104,1,387.346178205587,40.52343294468
30.1529850076595,0,19105,0,182.31158805315,12.4883852248722
52.4877043893816,0,19105,0,300.190429252417,35.0399183462164
37.1597201934652,1,19102,1,306.167135464106,19.512107911623
35.9353968295326,1,19102,1,230.559108556028,18.2144313185998
33.8815446074582,0,19104,1,380.14339364779,16.0971203686199
43.2188593737756,1,19104,1,217.139426179576,25.5843357506183
56.6532764652762,0,19105,0,234.505319570438,39.411729487732
24.4291936606309,0,19103,0,256.111735141864,6.7182101302455
47.7100798711856,1,19106,1,321.803948062775,30.6622444336047
33.7219191155942,1,19102,1,401.696914690059,16.4007230796465
18.6096608753388,1,19104,1,262.233258414481,1.43259573570239
49.9683494857968,0,19101,0,225.144076839971,32.8217564517622
23.0862146169559,0,19104,1,429.107934800087,5.17582519684512
38.2370254329931,0,19104,1,388.815606358227,21.0808059731558
34.3698902214315,0,19105,0,255.249532212731,16.6457324605804
42.2909960426489,0,19105,0,209.774098234388,24.4672397525149
58.3636057418919,0,19105,0,270.293563185677,41.1470496715194
59.6374751234483,1,19104,1,441.923300928523,42.0638421753478
27.0936208719194,0,19101,0,365.439100378487,9.3354873732004
31.3225239725148,0,19105,0,203.390416525606,13.7430166830604
24.2726673737153,1,19106,1,459.255928003524,6.45053296042455
40.4830534495586,0,19105,0,143.659137345017,22.548463284521
24.5451499281313,1,19102,1,369.55120823474,7.16837829811053
18.4786659527754,1,19104,1,319.729221944428,1.35206844165899
29.6687834614898,0,19104,1,375.332451033453,11.8018531573946
39.6352522968145,1,19104,1,252.180223769499,22.2886453754099
39.2667124103516,0,19101,0,233.355210419178,21.3577465580071
30.2643111491339,1,19104,1,172.628905887904,12.5011214596448
24.0398677937986,1,19107,1,343.867968683687,6.59074938635544
43.3303490787206,0,19104,1,312.194668205953,25.3802843648868
38.4308110990316,0,19105,0,266.081204390626,20.9019924460664
41.9647319618367,1,19106,1,567.750406945107,24.2591747977991
30.4034692857103,1,19104,1,267.405765603228,12.80271401351
31.731147416279,1,19102,1,335.585128815169,14.5657899771987
56.6299872316446,1,19104,1,243.404457211573,39.5273177353225
25.991227017516,0,19103,0,50.4658594844183,8.23911951485616
30.3103396616287,1,19102,1,395.873754943023,13.008292408508
46.1583812429772,1,19107,1,469.049043242327,29.0531111645715
39.5436694483345,1,19102,1,244.09473750184,22.3660802504585
25.0875310008486,1,19102,1,210.52530190263,7.48902143887962
48.6544949666805,1,19106,1,333.152523022698,31.3744079704139
45.0750961652403,1,19107,1,521.492521741423,28.073806638774
42.7928504112498,0,19105,0,151.785025614062,25.3930899188709
44.4161614450374,0,19104,1,361.979348924858,26.9142842770767
20.4658286806622,1,19104,1,304.313166818004,3.0645963512321
44.0157063987583,0,19105,0,235.805983058367,26.4248325433593
21.1807445491619,1,19104,1,253.363123232621,3.96960468231245
49.2094880265816,0,19105,0,278.236973381234,32.1340971749908
27.3415229867889,1,19102,1,308.858203453781,10.3191879145081
39.2243911716002,0,19104,1,282.147724758509,22.0829398949943
51.3601615683137,0,19101,0,218.280986427252,34.1320981367452
45.3761580528037,0,19103,0,275.835140277514,28.2411039201354
54.28387583621,1,19106,1,397.066640868995,36.5346248763722
18.6382335677279,1,19106,1,358.477861300614,1.01316801146618
35.299416558565,1,19106,1,463.760688401216,17.7270002539543
27.7984906720077,0,19101,0,195.189040564948,10.3575597273731
21.1487720506832,0,19104,1,395.938287037787,3.32783439411855
52.5191084230787,0,19104,1,273.429065755109,35.2446687724909
37.6741132564649,1,19106,1,406.060354270489,19.7457440074805
57.88998375294,0,19105,0,245.415396472701,40.7099834584745
30.7817742021591,0,19104,1,298.551319740391,13.1529090507258
36.6246289757353,1,19102,1,293.013596407641,18.8701659065944
36.9723388459193,0,19105,0,230.621441016362,19.4095772558017
42.491853386938,1,19104,1,263.692761119439,24.6141410079611
45.6453971024355,1,19102,1,373.45658338173,28.5513979068244
32.3978954803801,0,19105,0,189.905185739631,14.7394742834053
40.5155824155662,0,19105,0,291.692145723574,22.905589500733
22.8309524954634,1,19104,1,461.300012312194,5.51431817178266
36.9713193867547,1,19102,1,229.464804714429,19.9029329542728
23.4550630351437,1,19107,1,221.456193723565,6.04472174135984
38.8051497581776,0,19104,1,240.591072462458,21.036043387315
31.6068461765528,1,19104,1,356.05689261419,13.7051395687733
37.5195734161777,0,19101,0,171.955098343511,20.2680495880437
43.7986952042981,0,19104,1,354.183272031464,25.8336640172481
50.1860036421782,0,19105,0,328.314930131092,32.924397968243
29.5014788784958,0,19104,1,284.746354615204,11.5647862019889
34.0777448189719,1,19102,1,397.936613155214,16.2048762633739
57.5751228402453,1,19102,1,195.935613868822,39.7855988135645
34.5224897357967,1,19102,1,394.775922687057,16.9397087506351
33.1273734103257,0,19101,0,274.173774586553,15.4399086776489
50.5289384436912,0,19105,0,255.183490159798,33.3484655693758
43.4429177173593,1,19106,1,443.742533289329,25.5371120974601
47.192178057453,1,19104,1,417.361784096695,29.9514234242424
28.9212776705086,1,19104,1,437.175102597567,10.9576084128044
27.9585676240495,0,19103,0,319.974944518881,10.5698800914215
46.670145952775,1,19104,1,319.963543544469,29.4003714804341
53.782308180477,1,19104,1,311.881282297349,36.4005603446955
51.8582431514457,0,19101,0,227.740144231062,34.8441167568032
37.8088636401253,0,19101,0,34.7534103210374,20.0712604518658
30.1002244674871,0,19104,1,351.671793972089,12.36883444528
19.2204436495084,1,19106,1,518.571893269513,1.41194993053788
24.4737422055372,0,19105,0,280.907981914883,7.22280295647614
42.0132571045253,0,19103,0,95.8277262666574,24.7914532482102
30.7316993689869,1,19102,1,263.697580404374,13.0013220366795
59.6210627710328,1,19102,1,290.747688467823,41.9510176026609
52.2853404623649,1,19104,1,436.562550794201,35.0085767312168
25.9728630182577,1,19106,1,394.686497492264,8.84466192356881
26.7737248584325,0,19105,0,287.808623991662,8.966345577517
50.9807441965474,0,19105,0,287.252315061456,33.1821632457229
27.1411638781742,0,19103,0,105.630059755886,9.8777755720389
43.1898197774975,1,19104,1,247.218745954718,25.4638749846457
26.5117982115924,1,19106,1,407.60177223519,8.66335624920686
40.1474623553517,1,19104,1,316.893417919481,22.8515841210323
42.9221296002947,0,19101,0,95.9914540552991,25.4043735151503
49.7874986837682,1,19104,1,373.592528470621,32.0912236185808
56.4986019586963,1,19104,1,423.110599760053,39.1243378776875
54.653434022119,0,19105,0,265.890818632034,36.8823928379209
27.0474273624084,1,19102,1,308.261065736032,9.51193208235311
32.7947189578394,1,19106,1,460.581880006764,15.5995608729849
31.464720686983,0,19104,1,290.191192919331,14.3032866735865
35.3647571729689,0,19104,1,264.044910205079,18.03146104605
28.9406009760585,1,19104,1,194.197870618043,11.5015344244328
27.4462314732574,1,19107,1,356.313708745412,9.94986698010156
50.4812026662869,1,19102,1,479.815646069142,33.1667630897021
48.6122441763613,1,19102,1,429.096764998999,31.328637767266
40.9868307177807,1,19102,1,349.88564164047,23.2741792929722
38.0139634925035,1,19107,1,398.740633497248,20.3967687652075
29.2365264358999,1,19102,1,401.404613294139,11.3673989504645
54.7359119119564,0,19105,0,272.670467420379,37.2469678545812
26.6176446305053,0,19105,0,154.541423704209,8.70469537623465
26.2002453761965,0,19105,0,252.781277835193,8.50219887121096
28.0013895206015,0,19105,0,256.407469190011,10.0208776289458
49.3636812274571,0,19105,0,262.114896625597,32.1173459948267
31.8792173565518,1,19106,1,382.265509247829,14.1777204872262
47.760810111762,1,19107,1,358.446232772701,30.4661612213784
49.7017625901254,0,19101,0,242.337095567152,32.6950790251477
26.763832091899,0,19101,0,100.902200655326,9.64361459350715
24.8033277598687,1,19106,1,294.13910224322,6.92930234354105
40.1932036020906,1,19104,1,293.825345367962,22.2151368156654
37.2655503537608,0,19105,0,293.710709522923,19.9349918539738
36.0410467254089,1,19104,1,286.760279974639,18.6679195110311
18.092416926453,0,19101,0,237.008460739758,0.528384070310842
22.0516540572724,1,19107,1,457.969385032336,4.4442250546279
44.6451479293855,0,19101,0,396.853087012426,27.6137191736589
19.3005865870933,1,19102,1,303.661044688392,1.3966265852055
32.684239911014,1,19107,1,349.82683500938,15.2781398292684
44.6428085777145,1,19102,1,347.156126080149,26.917884414753
29.1289448028709,0,19101,0,228.913615947925,11.3524185946024
25.5542192441167,1,19104,1,337.41265190559,8.51274813834926
26.3557519525015,0,19101,0,269.68398683131,9.15304474520549
47.0665743390396,1,19106,1,356.626405378688,29.6473878177181
25.1699461000028,1,19104,1,349.762016862703,7.27669020453347
57.6735248066326,1,19106,1,390.617092154147,39.7932948147719
42.2437241340839,0,19101,0,311.431633933885,25.104903057715
30.4418009083428,1,19104,1,283.57719609639,12.7162114739594
32.5880300438438,1,19104,1,314.628955929506,14.9305711401102
42.3298153849693,0,19101,0,244.50242396338,24.9623277713919
37.2571552391215,1,19104,1,387.82313230031,20.1049889763868
33.0113486722492,1,19104,1,304.862473180144,15.289679113115
50.557430490204,0,19104,1,246.604312337032,33.3025606526573
32.2821796554977,0,19104,1,185.852857539474,14.4079698291512
26.998885611325,1,19102,1,402.720438137819,9.57217530395971
47.7189021936604,0,19104,1,361.714977174366,30.275431419442
55.7334625828283,1,19107,1,529.663736687349,38.3638486282637
44.0895535727006,1,19106,1,380.484934974602,26.9417696450811
44.5995288724661,0,19101,0,233.462105760726,26.8447985665989
24.824392829076,1,19106,1,371.155808358526,7.28474017021674
57.1160752386819,1,19104,1,286.910827562675,39.9075084633692
27.142099842738,0,19101,0,164.168493242188,9.39688158811224
32.9602639686033,1,19107,1,425.796599240848,15.2480887551043
22.9165702046348,1,19102,1,409.732988043892,5.79575587841551
20.9937277176463,1,19102,1,367.8022069698,3.28229610468721
27.9459616028044,1,19106,1,327.427512279303,10.1592278099425
25.0841605110928,1,19106,1,388.533368393773,7.75383349223018
49.3625269372526,0,19105,0,273.563129409267,31.7076841014016
38.2305439683394,1,19106,1,329.890415043816,20.7135353978509
50.2832573966528,0,19103,0,116.371620636097,32.5264445673613
53.3817972230609,1,19106,1,323.303462377573,36.1696198873105
35.3218433606736,1,19104,1,390.681840836774,18.1075424548536
34.2083579245903,1,19102,1,353.860616709069,16.7673272101622
54.2633094181076,0,19105,0,222.492657706001,36.8180483336329
32.952676428147,1,19102,1,340.462367550802,15.9074376950882
37.1779202205456,1,19102,1,381.242367514997,19.4446270874562
38.4684218878718,0,19101,0,184.685102514428,21.4539818177326
51.1416911499293,1,19106,1,326.102942154445,33.5880805151721
52.2330421266694,1,19102,1,226.178966798545,34.52477379484
27.8810486788705,1,19104,1,377.243911582361,9.90494867040142
43.1800835288108,1,19102,1,384.439278816684,25.4538693488088
41.175782461329,0,19104,1,358.518500556086,23.9172902928243
28.6682790460912,1,19104,1,341.009706587119,11.5787941842721
23.3929114233698,0,19101,0,68.5035591927879,5.81380816283595
29.3938245843335,1,19104,1,309.928268273653,12.1181354301686
29.7991956415634,1,19102,1,364.077761676139,12.2315718209418
49.8948825507687,1,19104,1,323.607833045732,32.858976650823
18.6169948035185,0,19101,0,42.0212330751978,0.814101618694625
50.3478646667001,1,19102,1,340.282482363393,32.5560417326426
32.3421532971219,1,19102,1,316.604310246611,15.1173340564959
32.565402004463,0,19103,0,260.398565808268,15.0628627124852
34.7630844208466,1,19102,1,329.275954072981,16.8908845276161
49.3444381951896,1,19106,1,341.803446384288,31.5762868434733
31.9647917006336,1,19104,1,267.858710585098,14.7450658491984
28.1310588457445,0,19104,1,351.824763603768,10.2541662960602
32.0100862270892,0,19101,0,264.404108845815,15.0069139091037
49.7151028335462,1,19102,1,333.534626458558,32.5572300330638
19.6899725029031,0,19103,0,149.550785381799,2.26622610029483
22.8665129203188,0,19104,1,135.876286065907,4.98779331714161
25.8131712792222,0,19104,1,156.455753114806,8.45763021900918
56.981840018606,1,19106,1,325.844609171158,39.8790237009099
28.0265116163705,0,19104,1,291.070350780159,10.0847802456178
39.3765392106406,1,19106,1,314.874514564263,22.368630552749
38.1197523767251,0,19101,0,116.226932279637,20.6462452406186
30.2960742675071,1,19102,1,330.399352310053,12.3812013236177
23.601935285256,1,19104,1,296.095894668651,6.07244044972653
35.8740724574964,1,19104,1,399.086241978323,18.0409676428608
44.5161305920795,0,19104,1,289.223332461637,27.4116972148061
37.9038350891687,1,19104,1,292.637263373754,20.241303472304
45.3092856620374,0,19105,0,207.772170097587,27.7565546987048
56.260627926422,1,19104,1,506.019039562044,38.624560558099
27.9216240447098,1,19102,1,376.208991470145,10.4802557437764
37.7993857934088,1,19104,1,250.995440907346,20.4747050194018
23.0803442316806,1,19104,1,159.305624485674,5.31669392448166
21.1336970365028,1,19106,1,265.429787701527,3.94378232964119
56.1226561154793,0,19101,0,172.27257426732,38.4374988720841
44.2807521513069,0,19105,0,161.818460113749,26.6553422029001
24.078832035855,1,19102,1,319.694832047859,6.95401792760806
34.7193269698751,0,19104,1,235.313954129008,17.4109381660224
33.7148451781864,1,19104,1,193.362027195324,16.1510159235945
37.4764342675069,1,19106,1,413.352647247476,20.1173073625275
28.9109057996314,1,19102,1,223.995491604548,11.2768517614234
20.3547473749161,1,19106,1,176.293205746608,2.55721454406309
27.0200512211781,0,19105,0,308.928735404154,9.39892968540193
35.4216764939934,1,19102,1,462.406553848325,17.6253096012383
18.7655845672978,1,19102,1,326.576933464826,1.20672195587916
37.7942740684112,0,19103,0,240.009373387172,20.4733310555776
29.2809280822388,0,19103,0,232.142272815245,11.4599334510844
23.6078734716526,0,19103,0,345.473426405717,6.2256238599899
41.6973712458717,1,19104,1,242.777190453899,23.7903790737479
41.3636507873447,1,19102,1,310.044156764263,23.462488760429
47.0033132268347,0,19104,1,285.588782538713,29.1857010831356
43.239323384454,0,19103,0,200.104224993291,26.1854834534223
44.3620168219176,0,19105,0,242.699495923439,27.2593615347841
40.731179294902,1,19106,1,365.567720866872,23.5731848699777
30.8132168083047,0,19105,0,256.359624497334,13.8131146773757
55.5381811323955,1,19106,1,521.631491318937,38.3669486953791
34.7897941294037,0,19104,1,325.734711172348,17.3282308963504
54.0463376822779,1,19104,1,380.036802652434,36.1204392455881
19.5451656232402,1,19104,1,341.13021994961,1.90305493346419
33.6219617616097,0,19101,0,243.56934038975,16.5476516253493
38.9506137456334,0,19104,1,291.234835091649,21.599002468312
30.0364678159473,1,19107,1,449.102536506858,12.0645661907853
37.8168409962488,1,19104,1,186.449318697554,20.2134157742655
57.2324518506257,1,19104,1,432.318941468025,40.1178227326209
19.5212986550105,1,19104,1,341.084909471554,2.32458871433482
59.0093620899998,0,19105,0,275.960196895316,41.3480814826608
23.1250664504216,1,19104,1,296.358025478497,5.18261631610513
51.8374954433388,1,19102,1,365.604105132715,34.1679735040965
44.7786995040624,0,19101,0,284.497209471399,27.5186907149291
31.7496980295092,0,19105,0,279.526869951916,14.2769853674382
40.7051718446653,0,19105,0,349.860561344128,23.0989605707344
36.2884573158919,1,19102,1,457.820077239397,18.9006587204168
43.9106030717808,1,19106,1,450.447012924174,26.2826254872921
23.3850091049521,0,19104,1,193.020772804162,6.06298630880924
29.2956335433248,1,19104,1,265.693291519723,11.7680226148061
39.6889027962698,0,19103,0,261.87835448331,22.2423491738974
54.8491056448193,0,19101,0,384.722664866066,37.6279514523567
34.9526774019084,0,19104,1,265.598834846258,17.6507782532914
28.5401023308655,1,19104,1,343.576399406894,11.2078080059869
32.8037633819832,1,19104,1,390.938680400648,15.1903190986114
52.4026392050807,0,19105,0,271.060861160182,35.2383650254712
25.3773149625282,0,19101,0,126.757874836491,7.6216321152984
30.496514043412,1,19106,1,500.006399382851,12.7625202092946
25.5160883264772,0,19104,1,238.359454475181,8.26509111026926
31.9352519783414,1,19104,1,252.483410423544,14.1691362865957
38.2054340350665,0,19101,0,241.071102243878,20.3195987015721
50.5081730228168,1,19106,1,383.009625824506,32.9686581063335
43.3323337364305,1,19104,1,249.192466725539,25.9385817070321
21.6261517639978,1,19104,1,413.381713523156,4.01769085221531
43.8960500769547,0,19104,1,350.284238733604,26.3698971409115
53.5945248395181,0,19101,0,297.976914980512,36.251328194139
49.9339251799974,0,19105,0,258.643508403533,32.9325068613979
37.3693817023839,1,19106,1,368.160380463512,19.6461425899714
47.517484009386,1,19104,1,409.353790709856,29.7320550648765
20.8492409541398,0,19105,0,201.988420748947,3.32663269165304
33.982548713029,0,19105,0,223.970062724406,16.6548446701342
57.7920664502148,0,19104,1,357.590878066782,40.4843066537127
23.1611670533546,1,19104,1,360.573955015575,5.94598644211674
37.9590374755911,1,19104,1,372.61648042015,20.715020047804
29.462369415833,1,19104,1,236.350340882205,12.1135906473904
32.0733729468112,1,19106,1,288.563932791473,14.1206042880577
41.0910679271977,1,19106,1,312.230660145008,23.2317662765338
30.9572164217989,1,19102,1,395.379382425806,13.1966287402484
34.948862801928,1,19102,1,398.481287708608,17.8612380678933
27.4312509558131,0,19104,1,323.109824914462,9.92161016459249
37.8964119234313,0,19105,0,272.81954053547,20.8275620499351
41.5920505497685,1,19107,1,286.416789108619,24.1528794946696
55.7326019630608,0,19103,0,228.638728098353,38.2553909992174
33.0220180529444,1,19104,1,195.024567794306,15.0640846140026
23.6898770889014,1,19102,1,385.489979739145,6.39844298388135
43.1058851800885,0,19105,0,234.137818618458,25.7289846361641
33.7320573405039,1,19107,1,412.68706253836,16.313630549065
39.1893632623815,1,19106,1,355.15340285532,21.6482924763095
29.7037979226843,0,19105,0,239.869677091481,11.7407871912983
21.0260656182007,0,19105,0,160.572497049643,3.14851524557963
48.6354648966628,1,19106,1,365.833180483436,30.9179396249639
39.5609358472218,0,19101,0,218.9543986119,21.7991594634884
35.2033928793451,0,19105,0,264.349175440315,17.5562615960432
22.1046801598373,1,19104,1,334.549723936851,4.79075578927091
59.3229595017147,0,19101,0,272.802642896052,41.5690798526158
52.4788751174859,1,19104,1,339.598144672004,34.6087088800198
55.7523696238898,1,19104,1,277.68076272165,37.7647995890841
34.4243259447142,1,19104,1,215.314898186851,16.5985909107588
26.0331413893574,0,19105,0,172.378034871498,8.63922749819096
20.3513335313335,1,19102,1,267.795940727296,2.71440429195428
49.172304677911,1,19107,1,467.32275750205,31.6724162363856
40.9984328215326,0,19105,0,329.806755404833,23.9459953528679
21.8878051959741,1,19106,1,300.495100160609,4.23008448978137
22.8335331750357,0,19105,0,158.786782609692,5.45222645623365
29.187153445796,0,19104,1,188.491947726672,11.518364612718
27.3124093153943,1,19102,1,286.931521151096,9.42143351155894
42.9167046822894,0,19101,0,255.153756279778,25.2431912712108
40.6810548962571,0,19101,0,148.130566121289,23.6514505967975
25.4652514570929,0,19104,1,382.122402580902,7.69241882782202
48.0508326324568,0,19101,0,255.828808048255,30.3768039706562
20.0778428968854,0,19101,0,282.410212697357,2.40781000520775
36.6670279830589,1,19104,1,252.31727312611,18.9681819807168
40.9558975349451,0,19105,0,304.333465526927,23.8090218470702
43.2454590367208,0,19104,1,235.66398201005,25.9936611259411
39.0869289967191,1,19102,1,388.436874321233,21.705880781166
48.7682591923121,0,19101,0,331.587260686375,31.7310155825298
33.0313952099651,1,19107,1,494.997675276711,15.720039176068
39.092374130979,0,19104,1,272.803172676468,21.966247532645
37.729611922242,1,19104,1,247.164210799828,19.9656524701978
43.5926422845614,1,19102,1,332.011590590385,26.1910641040695
22.4133094246453,0,19105,0,349.626206727408,5.40657055354216
37.8867314207674,0,19104,1,213.669853535197,20.8523702874155
47.1548839622679,0,19105,0,153.515436811843,29.8941665507423
52.5198588713692,0,19104,1,177.550104001678,35.254981489169
42.4359337328551,1,19102,1,349.287537335709,24.5441277448172
18.0206519905808,1,19102,1,204.210276811884,0.574519324149403
41.1293834126091,0,19105,0,337.987153524874,23.962187887356
19.8253437024064,1,19104,1,409.456712618482,2.49851461448591
47.6650190912882,1,19104,1,307.293651389596,30.6427927574372
30.6832345465832,1,19102,1,500.80277896662,13.3364059056789
50.1742391508947,1,19104,1,335.225087911609,32.3310156131106
34.065159872127,0,19105,0,213.629572319396,16.2777926225208
33.2599942029654,1,19106,1,328.855822583526,15.3951515715769
50.2023942380417,0,19105,0,362.189241373677,33.0472230446264
50.9585754168454,0,19104,1,374.984134254292,33.2509596576217
37.9485442897426,1,19104,1,166.980501439025,20.8880269008809
25.5069956248651,1,19106,1,227.531006153035,8.28117110836572
35.1157048588129,1,19104,1,203.970283500274,17.9158686384535
25.6455621032035,1,19102,1,287.774562482655,7.71923335194499
38.5971455514306,0,19105,0,161.676712646484,21.5173725684514
21.9764046819954,0,19104,1,242.781302772104,4.21311805370068
48.5300968447741,0,19101,0,172.949701852605,31.4048661214806
45.4623523188191,1,19102,1,266.674982468825,27.9937087827264
37.085499558765,1,19106,1,516.775349080759,20.0584264986026
35.3836482013391,1,19102,1,436.393234512554,17.6741044951884
32.0533562272831,0,19101,0,341.961124314241,14.9546864899385
54.6838280528245,1,19104,1,439.975802640225,36.7083856097815
52.8112622403442,0,19104,1,316.010264421914,35.648040070375
37.1857528186667,0,19101,0,229.21469606671,20.012249295207
22.1502518434101,1,19107,1,321.526102258786,4.25402467106701
39.314310695566,1,19102,1,350.578456653831,22.2315749631354
25.4290709387541,1,19104,1,229.065746953105,7.68227857086173
42.1390080856418,1,19106,1,260.284294528133,24.5525405431891
29.1995669394536,0,19104,1,248.388360305668,11.2340393744679
46.6063153885792,1,19104,1,377.075896293185,28.7391970118063
38.1112286671831,1,19104,1,316.019019462156,20.6830961382782
49.9707959292763,0,19101,0,273.896958428667,32.4368646734701
31.594246312627,1,19104,1,305.212732544843,14.0307749182688
47.6397832592774,1,19104,1,252.54246752035,30.1546560747374
